guid	scan	kind	status	url
BEFAA4C4323249D89BA596BC5B082939	BEFAA4C4323249D89BA596BC5B082939	thumb	placeholder	https://proxy.archieven.nl/thumb/235/BEFAA4C4323249D89BA596BC5B082939
15AC10C79C7C43268218C13DC7E859A6	15AC10C79C7C43268218C13DC7E859A6	thumb	placeholder	https://proxy.archieven.nl/thumb/235/15AC10C79C7C43268218C13DC7E859A6
53F57A729D7C415AB117A073B3C2516A	53F57A729D7C415AB117A073B3C2516A	thumb	placeholder	https://proxy.archieven.nl/thumb/235/53F57A729D7C415AB117A073B3C2516A
DFAEEDF468BB4526A9475E96123AD3CD	DFAEEDF468BB4526A9475E96123AD3CD	thumb	placeholder	https://proxy.archieven.nl/thumb/235/DFAEEDF468BB4526A9475E96123AD3CD
94A5F208AEF14154A506BC55513B4FAE	94A5F208AEF14154A506BC55513B4FAE	thumb	placeholder	https://proxy.archieven.nl/thumb/235/94A5F208AEF14154A506BC55513B4FAE
D88615D3AC4C4B38BCFF7F13884BD882	D88615D3AC4C4B38BCFF7F13884BD882	thumb	placeholder	https://proxy.archieven.nl/thumb/235/D88615D3AC4C4B38BCFF7F13884BD882
62967BE1BC4E4838A9779C62577B2DF5	62967BE1BC4E4838A9779C62577B2DF5	thumb	placeholder	https://proxy.archieven.nl/thumb/235/62967BE1BC4E4838A9779C62577B2DF5
2F624769EEAD46CCA6E4AF353773BDED	2F624769EEAD46CCA6E4AF353773BDED	thumb	placeholder	https://proxy.archieven.nl/thumb/235/2F624769EEAD46CCA6E4AF353773BDED
FDCFBB9D601F421B8DC33A99ED06B3B4	FDCFBB9D601F421B8DC33A99ED06B3B4	thumb	placeholder	https://proxy.archieven.nl/thumb/235/FDCFBB9D601F421B8DC33A99ED06B3B4
5B1DD5F9249A450298413600190DABE1	5B1DD5F9249A450298413600190DABE1	thumb	placeholder	https://proxy.archieven.nl/thumb/235/5B1DD5F9249A450298413600190DABE1
5A9A19B8040B436CBC12320B746B5CF7	5A9A19B8040B436CBC12320B746B5CF7	thumb	placeholder	https://proxy.archieven.nl/thumb/235/5A9A19B8040B436CBC12320B746B5CF7
0FE524E6686749CC8A9460EBC8976E72	0FE524E6686749CC8A9460EBC8976E72	thumb	placeholder	https://proxy.archieven.nl/thumb/235/0FE524E6686749CC8A9460EBC8976E72
99820625978E46AC9F44F7C358467D59	99820625978E46AC9F44F7C358467D59	thumb	placeholder	https://proxy.archieven.nl/thumb/235/99820625978E46AC9F44F7C358467D59
DFCA7BA165404EA6B279EAE9EA8AE923	DFCA7BA165404EA6B279EAE9EA8AE923	thumb	placeholder	https://proxy.archieven.nl/thumb/235/DFCA7BA165404EA6B279EAE9EA8AE923
EA939ECF8BA5415190B2260E847D49D8	EA939ECF8BA5415190B2260E847D49D8	thumb	placeholder	https://proxy.archieven.nl/thumb/235/EA939ECF8BA5415190B2260E847D49D8
C75C3ED8DCC74B9CBA1E2464EB3D43C2	C75C3ED8DCC74B9CBA1E2464EB3D43C2	thumb	placeholder	https://proxy.archieven.nl/thumb/235/C75C3ED8DCC74B9CBA1E2464EB3D43C2
D71F542C28524F2EBA7FCED324E96866	D71F542C28524F2EBA7FCED324E96866	thumb	placeholder	https://proxy.archieven.nl/thumb/235/D71F542C28524F2EBA7FCED324E96866
B918AF396BFA4B23A0446800F351CE0E	B918AF396BFA4B23A0446800F351CE0E	thumb	placeholder	https://proxy.archieven.nl/thumb/235/B918AF396BFA4B23A0446800F351CE0E
C45AC4E2584C4CD5AF0490C4F2FD56F4	C45AC4E2584C4CD5AF0490C4F2FD56F4	thumb	placeholder	https://proxy.archieven.nl/thumb/235/C45AC4E2584C4CD5AF0490C4F2FD56F4
2EF9500F9E674D65BDE81F3D37144B55	2EF9500F9E674D65BDE81F3D37144B55	thumb	placeholder	https://proxy.archieven.nl/thumb/235/2EF9500F9E674D65BDE81F3D37144B55
F205E71250404F6FA2E9568BC251CCFE	F205E71250404F6FA2E9568BC251CCFE	thumb	placeholder	https://proxy.archieven.nl/thumb/235/F205E71250404F6FA2E9568BC251CCFE
0C5C774F6A0B4A15B15D7BABAE6D18DD	0C5C774F6A0B4A15B15D7BABAE6D18DD	thumb	placeholder	https://proxy.archieven.nl/thumb/235/0C5C774F6A0B4A15B15D7BABAE6D18DD
FEA8D83017E04D64B41BF30B9A55D282	FEA8D83017E04D64B41BF30B9A55D282	thumb	placeholder	https://proxy.archieven.nl/thumb/235/FEA8D83017E04D64B41BF30B9A55D282
C1E0F91503AF4CA3B2DB6C37F5DAA034	C1E0F91503AF4CA3B2DB6C37F5DAA034	thumb	placeholder	https://proxy.archieven.nl/thumb/235/C1E0F91503AF4CA3B2DB6C37F5DAA034
E4C069B1258246BF95589E3F777F4F52	E4C069B1258246BF95589E3F777F4F52	thumb	placeholder	https://proxy.archieven.nl/thumb/235/E4C069B1258246BF95589E3F777F4F52
0232381D27F14858AC1A36D8A88ADCD1	0232381D27F14858AC1A36D8A88ADCD1	thumb	placeholder	https://proxy.archieven.nl/thumb/235/0232381D27F14858AC1A36D8A88ADCD1
BCD9ED7CEEE94ED392B7E902944F7A74	BCD9ED7CEEE94ED392B7E902944F7A74	thumb	placeholder	https://proxy.archieven.nl/thumb/235/BCD9ED7CEEE94ED392B7E902944F7A74
11AC53E488FA4184B12A5D4CB9C0D20C	11AC53E488FA4184B12A5D4CB9C0D20C	thumb	placeholder	https://proxy.archieven.nl/thumb/235/11AC53E488FA4184B12A5D4CB9C0D20C
7C997846DDC24928A7A4700C21456790	7C997846DDC24928A7A4700C21456790	thumb	placeholder	https://proxy.archieven.nl/thumb/235/7C997846DDC24928A7A4700C21456790
DB43ABAD217948939FA0A769A0EE2291	DB43ABAD217948939FA0A769A0EE2291	thumb	placeholder	https://proxy.archieven.nl/thumb/235/DB43ABAD217948939FA0A769A0EE2291
7DE4257A6FF2417C9017F0E3357046A5	7DE4257A6FF2417C9017F0E3357046A5	thumb	placeholder	https://proxy.archieven.nl/thumb/235/7DE4257A6FF2417C9017F0E3357046A5
6E0A242174C54427B55C78085FE973EE	6E0A242174C54427B55C78085FE973EE	thumb	placeholder	https://proxy.archieven.nl/thumb/235/6E0A242174C54427B55C78085FE973EE
A94D3C772BA7413297FADD331BE3653A	A94D3C772BA7413297FADD331BE3653A	thumb	placeholder	https://proxy.archieven.nl/thumb/235/A94D3C772BA7413297FADD331BE3653A
6C1A1315607343E9936459976D135EA5	6C1A1315607343E9936459976D135EA5	thumb	placeholder	https://proxy.archieven.nl/thumb/235/6C1A1315607343E9936459976D135EA5
6101764484424AB6AF48B2A78605F87C	6101764484424AB6AF48B2A78605F87C	thumb	placeholder	https://proxy.archieven.nl/thumb/235/6101764484424AB6AF48B2A78605F87C
46F067C6DEC1444B81A4AC55FF32DF98	46F067C6DEC1444B81A4AC55FF32DF98	thumb	placeholder	https://proxy.archieven.nl/thumb/235/46F067C6DEC1444B81A4AC55FF32DF98
438B243DBECF48B5AF8F9AE36FE8E204	438B243DBECF48B5AF8F9AE36FE8E204	thumb	placeholder	https://proxy.archieven.nl/thumb/235/438B243DBECF48B5AF8F9AE36FE8E204
792144A03F0441B6AE7B13B3DA64E709	792144A03F0441B6AE7B13B3DA64E709	thumb	placeholder	https://proxy.archieven.nl/thumb/235/792144A03F0441B6AE7B13B3DA64E709
FEB286DA6176440A8EE577FE89939EFB	FEB286DA6176440A8EE577FE89939EFB	thumb	placeholder	https://proxy.archieven.nl/thumb/235/FEB286DA6176440A8EE577FE89939EFB
44CE4ADF94C34980B3D71B3637F1EFFE	44CE4ADF94C34980B3D71B3637F1EFFE	thumb	placeholder	https://proxy.archieven.nl/thumb/235/44CE4ADF94C34980B3D71B3637F1EFFE
157EDDA44DCB428DBC14C57E147D96C0	157EDDA44DCB428DBC14C57E147D96C0	thumb	placeholder	https://proxy.archieven.nl/thumb/235/157EDDA44DCB428DBC14C57E147D96C0
50983BE5ED424D20B3A22431EAFCEA35	50983BE5ED424D20B3A22431EAFCEA35	thumb	placeholder	https://proxy.archieven.nl/thumb/235/50983BE5ED424D20B3A22431EAFCEA35
9EA0736220E6407ABD27FAC6E3248220	9EA0736220E6407ABD27FAC6E3248220	thumb	placeholder	https://proxy.archieven.nl/thumb/235/9EA0736220E6407ABD27FAC6E3248220
4415FE85465D401A8ADBC254CC6FA56B	4415FE85465D401A8ADBC254CC6FA56B	thumb	placeholder	https://proxy.archieven.nl/thumb/235/4415FE85465D401A8ADBC254CC6FA56B
F987281B4B814BC184E477A4982E368D	F987281B4B814BC184E477A4982E368D	thumb	placeholder	https://proxy.archieven.nl/thumb/235/F987281B4B814BC184E477A4982E368D
E7A7E401BF0641C5989F72A2353482B4	E7A7E401BF0641C5989F72A2353482B4	thumb	placeholder	https://proxy.archieven.nl/thumb/235/E7A7E401BF0641C5989F72A2353482B4
F6CB1B20351A4E938FDCF1DAEEC642B1	F6CB1B20351A4E938FDCF1DAEEC642B1	thumb	placeholder	https://proxy.archieven.nl/thumb/235/F6CB1B20351A4E938FDCF1DAEEC642B1
3E0477131E2B4B9FB926B3402CBC21E3	3E0477131E2B4B9FB926B3402CBC21E3	thumb	placeholder	https://proxy.archieven.nl/thumb/235/3E0477131E2B4B9FB926B3402CBC21E3
A8C7BD9EECA143C2BE615C5795C49799	A8C7BD9EECA143C2BE615C5795C49799	thumb	placeholder	https://proxy.archieven.nl/thumb/235/A8C7BD9EECA143C2BE615C5795C49799
3D49C0FF554D499ABF8D16746B467CC4	3D49C0FF554D499ABF8D16746B467CC4	thumb	placeholder	https://proxy.archieven.nl/thumb/235/3D49C0FF554D499ABF8D16746B467CC4
3AE3FB81CE11413FBBA741297B249CC2	3AE3FB81CE11413FBBA741297B249CC2	thumb	placeholder	https://proxy.archieven.nl/thumb/235/3AE3FB81CE11413FBBA741297B249CC2
B72F64B8E1FB405EBB262F73D1D49CA7	B72F64B8E1FB405EBB262F73D1D49CA7	thumb	placeholder	https://proxy.archieven.nl/thumb/235/B72F64B8E1FB405EBB262F73D1D49CA7
1AC0BE800525460E967224CEFC91CA86	1AC0BE800525460E967224CEFC91CA86	thumb	placeholder	https://proxy.archieven.nl/thumb/235/1AC0BE800525460E967224CEFC91CA86
BF845C06F7AE4F50AD828B92BD83B3E7	BF845C06F7AE4F50AD828B92BD83B3E7	thumb	placeholder	https://proxy.archieven.nl/thumb/235/BF845C06F7AE4F50AD828B92BD83B3E7
B78290CE5B2841018141F094F72F7B2C	B78290CE5B2841018141F094F72F7B2C	thumb	placeholder	https://proxy.archieven.nl/thumb/235/B78290CE5B2841018141F094F72F7B2C
B0AB82A9A55B4EF097D48927FF545601	B0AB82A9A55B4EF097D48927FF545601	thumb	placeholder	https://proxy.archieven.nl/thumb/235/B0AB82A9A55B4EF097D48927FF545601
0EB3D9F863BE4BCCB89B2019AC062070	0EB3D9F863BE4BCCB89B2019AC062070	thumb	placeholder	https://proxy.archieven.nl/thumb/235/0EB3D9F863BE4BCCB89B2019AC062070
A5B4CD11EB044D39923AA1A295A9199A	A5B4CD11EB044D39923AA1A295A9199A	thumb	placeholder	https://proxy.archieven.nl/thumb/235/A5B4CD11EB044D39923AA1A295A9199A
EA2B4E53A1C6489393E429CAC0F0BB3D	EA2B4E53A1C6489393E429CAC0F0BB3D	thumb	placeholder	https://proxy.archieven.nl/thumb/235/EA2B4E53A1C6489393E429CAC0F0BB3D
E0F7A9A2CBB64094814E3692A36B9EE6	E0F7A9A2CBB64094814E3692A36B9EE6	thumb	placeholder	https://proxy.archieven.nl/thumb/235/E0F7A9A2CBB64094814E3692A36B9EE6
DF2E4552894E47E98058AE1FF7604663	DF2E4552894E47E98058AE1FF7604663	thumb	placeholder	https://proxy.archieven.nl/thumb/235/DF2E4552894E47E98058AE1FF7604663
AFE69D09929C46C6A052468E11FA7FC7	AFE69D09929C46C6A052468E11FA7FC7	thumb	placeholder	https://proxy.archieven.nl/thumb/235/AFE69D09929C46C6A052468E11FA7FC7
5899BD3C723443DABCD6F79B2E9D26E9	5899BD3C723443DABCD6F79B2E9D26E9	thumb	placeholder	https://proxy.archieven.nl/thumb/235/5899BD3C723443DABCD6F79B2E9D26E9
6DA14CD66874429C98BDEF4746A2F609	6DA14CD66874429C98BDEF4746A2F609	thumb	placeholder	https://proxy.archieven.nl/thumb/235/6DA14CD66874429C98BDEF4746A2F609
788BAD589A684315AC83D65B1CCC16D2	788BAD589A684315AC83D65B1CCC16D2	thumb	placeholder	https://proxy.archieven.nl/thumb/235/788BAD589A684315AC83D65B1CCC16D2
AE04994958B74F4B9A09D56367BAD9FE	AE04994958B74F4B9A09D56367BAD9FE	thumb	placeholder	https://proxy.archieven.nl/thumb/235/AE04994958B74F4B9A09D56367BAD9FE
A7EC30EEEA49456D9F92B60D20BEC27E	A7EC30EEEA49456D9F92B60D20BEC27E	thumb	placeholder	https://proxy.archieven.nl/thumb/235/A7EC30EEEA49456D9F92B60D20BEC27E
3AA1664681D2485FA607ED60F1D024DA	3AA1664681D2485FA607ED60F1D024DA	thumb	placeholder	https://proxy.archieven.nl/thumb/235/3AA1664681D2485FA607ED60F1D024DA
B0F4BF9CA9FB4B8CBD7E38FF4079E294	B0F4BF9CA9FB4B8CBD7E38FF4079E294	thumb	placeholder	https://proxy.archieven.nl/thumb/235/B0F4BF9CA9FB4B8CBD7E38FF4079E294
A25FFF759B894CE2A6C3F276600372B2	A25FFF759B894CE2A6C3F276600372B2	thumb	placeholder	https://proxy.archieven.nl/thumb/235/A25FFF759B894CE2A6C3F276600372B2
488A72DE082045E1B5A630BB72489ED2	488A72DE082045E1B5A630BB72489ED2	thumb	placeholder	https://proxy.archieven.nl/thumb/235/488A72DE082045E1B5A630BB72489ED2
A64F7C18C7A64390A56DA9E4C7403A35	A64F7C18C7A64390A56DA9E4C7403A35	thumb	placeholder	https://proxy.archieven.nl/thumb/235/A64F7C18C7A64390A56DA9E4C7403A35
AFCAF30F27664CC0A2D457164F61FA53	AFCAF30F27664CC0A2D457164F61FA53	thumb	placeholder	https://proxy.archieven.nl/thumb/235/AFCAF30F27664CC0A2D457164F61FA53
13F13A04514B4E169341F19DE953117B	13F13A04514B4E169341F19DE953117B	thumb	placeholder	https://proxy.archieven.nl/thumb/235/13F13A04514B4E169341F19DE953117B
8679B8FF6CC04CFDA2990EC0A7EBFBCA	8679B8FF6CC04CFDA2990EC0A7EBFBCA	thumb	placeholder	https://proxy.archieven.nl/thumb/235/8679B8FF6CC04CFDA2990EC0A7EBFBCA
B960545880EB4F67A982C12ECE32D4C2	B960545880EB4F67A982C12ECE32D4C2	thumb	placeholder	https://proxy.archieven.nl/thumb/235/B960545880EB4F67A982C12ECE32D4C2
DF62C70C7E834E67A975159849A41B09	DF62C70C7E834E67A975159849A41B09	thumb	placeholder	https://proxy.archieven.nl/thumb/235/DF62C70C7E834E67A975159849A41B09
8D0EE6F520884C46A931EDA58DB46C89	8D0EE6F520884C46A931EDA58DB46C89	thumb	placeholder	https://proxy.archieven.nl/thumb/235/8D0EE6F520884C46A931EDA58DB46C89
EC84738913744CFA9957AA5B1C88E8A0	EC84738913744CFA9957AA5B1C88E8A0	thumb	placeholder	https://proxy.archieven.nl/thumb/235/EC84738913744CFA9957AA5B1C88E8A0
5840440619AD4CC9800A6F5C96EEE13C	5840440619AD4CC9800A6F5C96EEE13C	thumb	placeholder	https://proxy.archieven.nl/thumb/235/5840440619AD4CC9800A6F5C96EEE13C
FC85ECCD5AD045C189427EEC4BCAB3E3	FC85ECCD5AD045C189427EEC4BCAB3E3	thumb	placeholder	https://proxy.archieven.nl/thumb/235/FC85ECCD5AD045C189427EEC4BCAB3E3
9CC91A89271744BB96ED96C66FDBD99D	9CC91A89271744BB96ED96C66FDBD99D	thumb	placeholder	https://proxy.archieven.nl/thumb/235/9CC91A89271744BB96ED96C66FDBD99D
A0A586C97A97407BADFEF918284ACC02	A0A586C97A97407BADFEF918284ACC02	thumb	placeholder	https://proxy.archieven.nl/thumb/235/A0A586C97A97407BADFEF918284ACC02
BB1A06CD02094836B12528006C47C4BC	BB1A06CD02094836B12528006C47C4BC	thumb	placeholder	https://proxy.archieven.nl/thumb/235/BB1A06CD02094836B12528006C47C4BC
3D350F0CAA26461F9826B75C480D5425	3D350F0CAA26461F9826B75C480D5425	thumb	placeholder	https://proxy.archieven.nl/thumb/235/3D350F0CAA26461F9826B75C480D5425
51147F10E0D64B2BA64867BC5638B334	51147F10E0D64B2BA64867BC5638B334	thumb	placeholder	https://proxy.archieven.nl/thumb/235/51147F10E0D64B2BA64867BC5638B334
3489B2EFC76B49C388EB34A94322FF0F	3489B2EFC76B49C388EB34A94322FF0F	thumb	placeholder	https://proxy.archieven.nl/thumb/235/3489B2EFC76B49C388EB34A94322FF0F
B37B6864B76E4DA6AA8B8A050B410951	B37B6864B76E4DA6AA8B8A050B410951	thumb	placeholder	https://proxy.archieven.nl/thumb/235/B37B6864B76E4DA6AA8B8A050B410951
446B96415A4F48A680F2A46DF77ACADE	446B96415A4F48A680F2A46DF77ACADE	thumb	placeholder	https://proxy.archieven.nl/thumb/235/446B96415A4F48A680F2A46DF77ACADE
361810F769E14776A75D8379DCF2EA11	361810F769E14776A75D8379DCF2EA11	thumb	placeholder	https://proxy.archieven.nl/thumb/235/361810F769E14776A75D8379DCF2EA11
0FFBC25F2DA24412AFB830223F500B97	0FFBC25F2DA24412AFB830223F500B97	thumb	placeholder	https://proxy.archieven.nl/thumb/235/0FFBC25F2DA24412AFB830223F500B97
20330974F11E46008EE032FE0F7FA436	20330974F11E46008EE032FE0F7FA436	thumb	placeholder	https://proxy.archieven.nl/thumb/235/20330974F11E46008EE032FE0F7FA436
E3FD84D3163F4F94B2E74851D749CFD9	E3FD84D3163F4F94B2E74851D749CFD9	thumb	placeholder	https://proxy.archieven.nl/thumb/235/E3FD84D3163F4F94B2E74851D749CFD9
DAE28DB69F524FF0BE03E290F10E7AF8	DAE28DB69F524FF0BE03E290F10E7AF8	thumb	placeholder	https://proxy.archieven.nl/thumb/235/DAE28DB69F524FF0BE03E290F10E7AF8
FBDB05D9B66349EAA1415F407B6D0FBA	FBDB05D9B66349EAA1415F407B6D0FBA	thumb	placeholder	https://proxy.archieven.nl/thumb/235/FBDB05D9B66349EAA1415F407B6D0FBA
09331ADDCC7F42B5B3041164919AE558	09331ADDCC7F42B5B3041164919AE558	thumb	placeholder	https://proxy.archieven.nl/thumb/235/09331ADDCC7F42B5B3041164919AE558
1B8BCB1A5F544ED189F99689E3B5F7FF	1B8BCB1A5F544ED189F99689E3B5F7FF	thumb	placeholder	https://proxy.archieven.nl/thumb/235/1B8BCB1A5F544ED189F99689E3B5F7FF
FBDC500AF4F942ECAC38B5837ECD6825	FBDC500AF4F942ECAC38B5837ECD6825	thumb	placeholder	https://proxy.archieven.nl/thumb/235/FBDC500AF4F942ECAC38B5837ECD6825
CCB06F65DFF74305A9FFB70D70610B0B	CCB06F65DFF74305A9FFB70D70610B0B	thumb	placeholder	https://proxy.archieven.nl/thumb/235/CCB06F65DFF74305A9FFB70D70610B0B
BF81FBF46D994585A4D943FCDAE1C053	BF81FBF46D994585A4D943FCDAE1C053	thumb	placeholder	https://proxy.archieven.nl/thumb/235/BF81FBF46D994585A4D943FCDAE1C053
EA2F15FD411F4C458B71A63C546B9555	EA2F15FD411F4C458B71A63C546B9555	thumb	placeholder	https://proxy.archieven.nl/thumb/235/EA2F15FD411F4C458B71A63C546B9555
4A4D412ED8DC475BA779DAF6561522B3	4A4D412ED8DC475BA779DAF6561522B3	thumb	placeholder	https://proxy.archieven.nl/thumb/235/4A4D412ED8DC475BA779DAF6561522B3
F5C4D3CC45E0434C9457F0BD9328E80A	F5C4D3CC45E0434C9457F0BD9328E80A	thumb	placeholder	https://proxy.archieven.nl/thumb/235/F5C4D3CC45E0434C9457F0BD9328E80A
61A0F48F25964720906A07D4D52CAC7A	61A0F48F25964720906A07D4D52CAC7A	thumb	placeholder	https://proxy.archieven.nl/thumb/235/61A0F48F25964720906A07D4D52CAC7A
E9597107AB5D46988B2EB991852EFE77	E9597107AB5D46988B2EB991852EFE77	thumb	placeholder	https://proxy.archieven.nl/thumb/235/E9597107AB5D46988B2EB991852EFE77
30E1E2EA425A49689440DEC22F9ED373	30E1E2EA425A49689440DEC22F9ED373	thumb	placeholder	https://proxy.archieven.nl/thumb/235/30E1E2EA425A49689440DEC22F9ED373
4179CB9468D04157AACB9920EE14AB14	4179CB9468D04157AACB9920EE14AB14	thumb	placeholder	https://proxy.archieven.nl/thumb/235/4179CB9468D04157AACB9920EE14AB14
C44DE2EA3CF641CBB1527A16422AD6AC	C44DE2EA3CF641CBB1527A16422AD6AC	thumb	placeholder	https://proxy.archieven.nl/thumb/235/C44DE2EA3CF641CBB1527A16422AD6AC
E89B7AF320E04B34A40FB87F3F30EA3D	E89B7AF320E04B34A40FB87F3F30EA3D	thumb	placeholder	https://proxy.archieven.nl/thumb/235/E89B7AF320E04B34A40FB87F3F30EA3D
0550B3AB686E4600AF8369FF65459C6E	0550B3AB686E4600AF8369FF65459C6E	thumb	placeholder	https://proxy.archieven.nl/thumb/235/0550B3AB686E4600AF8369FF65459C6E
322DAC31334448D095C1603DB739C0D0	322DAC31334448D095C1603DB739C0D0	thumb	placeholder	https://proxy.archieven.nl/thumb/235/322DAC31334448D095C1603DB739C0D0
D57F4F16271142B7A0E70C395A8CA60D	D57F4F16271142B7A0E70C395A8CA60D	thumb	placeholder	https://proxy.archieven.nl/thumb/235/D57F4F16271142B7A0E70C395A8CA60D
9986DECA100B44C58C8C71152AC1CAEE	9986DECA100B44C58C8C71152AC1CAEE	thumb	placeholder	https://proxy.archieven.nl/thumb/235/9986DECA100B44C58C8C71152AC1CAEE
766BFC5CFCB44C1A995FB76A9A2B879F	766BFC5CFCB44C1A995FB76A9A2B879F	thumb	placeholder	https://proxy.archieven.nl/thumb/235/766BFC5CFCB44C1A995FB76A9A2B879F
2C3B704310BF436A957EF907C5635135	2C3B704310BF436A957EF907C5635135	thumb	placeholder	https://proxy.archieven.nl/thumb/235/2C3B704310BF436A957EF907C5635135
1C5EDF77DFE34CA480B4D06A60C41C82	1C5EDF77DFE34CA480B4D06A60C41C82	thumb	placeholder	https://proxy.archieven.nl/thumb/235/1C5EDF77DFE34CA480B4D06A60C41C82
38271106FD6E45C792325CE24C5B4763	38271106FD6E45C792325CE24C5B4763	thumb	placeholder	https://proxy.archieven.nl/thumb/235/38271106FD6E45C792325CE24C5B4763
91C88B5ECE9E47DAA0C4CDAFD217EBC8	91C88B5ECE9E47DAA0C4CDAFD217EBC8	thumb	placeholder	https://proxy.archieven.nl/thumb/235/91C88B5ECE9E47DAA0C4CDAFD217EBC8
4FF8DD61A72C4BC3A8751A7FEA4E726A	4FF8DD61A72C4BC3A8751A7FEA4E726A	thumb	placeholder	https://proxy.archieven.nl/thumb/235/4FF8DD61A72C4BC3A8751A7FEA4E726A
8914C2784C4541B496DBF0858B80D9D5	8914C2784C4541B496DBF0858B80D9D5	thumb	placeholder	https://proxy.archieven.nl/thumb/235/8914C2784C4541B496DBF0858B80D9D5
BCC2127BFC114EE3A0A5324D057EB08B	BCC2127BFC114EE3A0A5324D057EB08B	thumb	placeholder	https://proxy.archieven.nl/thumb/235/BCC2127BFC114EE3A0A5324D057EB08B
1D0EE6C848124D9ABB4270E424361F62	1D0EE6C848124D9ABB4270E424361F62	thumb	placeholder	https://proxy.archieven.nl/thumb/235/1D0EE6C848124D9ABB4270E424361F62
CDE178FFD8E04D51B592C435A54627CD	CDE178FFD8E04D51B592C435A54627CD	thumb	placeholder	https://proxy.archieven.nl/thumb/235/CDE178FFD8E04D51B592C435A54627CD
176695B04202417AA7E7B3038FCB3E51	176695B04202417AA7E7B3038FCB3E51	thumb	placeholder	https://proxy.archieven.nl/thumb/235/176695B04202417AA7E7B3038FCB3E51
506E5F28B0B145318C17A6CA5BA94BC5	506E5F28B0B145318C17A6CA5BA94BC5	thumb	placeholder	https://proxy.archieven.nl/thumb/235/506E5F28B0B145318C17A6CA5BA94BC5
59795514EF924BFB979B2F79E3791355	59795514EF924BFB979B2F79E3791355	thumb	placeholder	https://proxy.archieven.nl/thumb/235/59795514EF924BFB979B2F79E3791355
E358656C7D734E87A5DC6065A1872B4B	E358656C7D734E87A5DC6065A1872B4B	thumb	placeholder	https://proxy.archieven.nl/thumb/235/E358656C7D734E87A5DC6065A1872B4B
8C84C28B5A74420B95B9E18364404564	8C84C28B5A74420B95B9E18364404564	thumb	placeholder	https://proxy.archieven.nl/thumb/235/8C84C28B5A74420B95B9E18364404564
F86EF7DC2EEA4F3CA1219C0D71E3437C	F86EF7DC2EEA4F3CA1219C0D71E3437C	thumb	placeholder	https://proxy.archieven.nl/thumb/235/F86EF7DC2EEA4F3CA1219C0D71E3437C
03E84A54172B416D9E3204E1BEC722E2	03E84A54172B416D9E3204E1BEC722E2	thumb	placeholder	https://proxy.archieven.nl/thumb/235/03E84A54172B416D9E3204E1BEC722E2
FC7A52CE2340412C8260C656469F985E	FC7A52CE2340412C8260C656469F985E	thumb	placeholder	https://proxy.archieven.nl/thumb/235/FC7A52CE2340412C8260C656469F985E
37194A71B1AD4B10AD9158B143761BAF	37194A71B1AD4B10AD9158B143761BAF	thumb	placeholder	https://proxy.archieven.nl/thumb/235/37194A71B1AD4B10AD9158B143761BAF
38D28920266C41719E49D5D2586EE8BF	38D28920266C41719E49D5D2586EE8BF	thumb	placeholder	https://proxy.archieven.nl/thumb/235/38D28920266C41719E49D5D2586EE8BF
0300342A05CE4CF98979442D477881D5	0300342A05CE4CF98979442D477881D5	thumb	placeholder	https://proxy.archieven.nl/thumb/235/0300342A05CE4CF98979442D477881D5
A121E33282F84F5DBB57DD262B07F697	A121E33282F84F5DBB57DD262B07F697	thumb	placeholder	https://proxy.archieven.nl/thumb/235/A121E33282F84F5DBB57DD262B07F697
D98D01453F8F4F99B95AC9D63E3C21E5	D98D01453F8F4F99B95AC9D63E3C21E5	thumb	placeholder	https://proxy.archieven.nl/thumb/235/D98D01453F8F4F99B95AC9D63E3C21E5
0B5437576E15417E897397E3C6D21702	0B5437576E15417E897397E3C6D21702	thumb	placeholder	https://proxy.archieven.nl/thumb/235/0B5437576E15417E897397E3C6D21702
337381442F534DAA80D055C52911ECE7	337381442F534DAA80D055C52911ECE7	thumb	placeholder	https://proxy.archieven.nl/thumb/235/337381442F534DAA80D055C52911ECE7
BB5FDFC81BB24821AB4A29074C450753	BB5FDFC81BB24821AB4A29074C450753	thumb	placeholder	https://proxy.archieven.nl/thumb/235/BB5FDFC81BB24821AB4A29074C450753
CB6C5F34533F40A8BC24ADDD7C49E699	CB6C5F34533F40A8BC24ADDD7C49E699	thumb	placeholder	https://proxy.archieven.nl/thumb/235/CB6C5F34533F40A8BC24ADDD7C49E699
ACB199A624124B02B6987AF8750D8BA5	ACB199A624124B02B6987AF8750D8BA5	thumb	placeholder	https://proxy.archieven.nl/thumb/235/ACB199A624124B02B6987AF8750D8BA5
5B206BAA0C63415D86AB1AB7EE6169FF	5B206BAA0C63415D86AB1AB7EE6169FF	thumb	placeholder	https://proxy.archieven.nl/thumb/235/5B206BAA0C63415D86AB1AB7EE6169FF
B56E64F1F722480D87C2944BCEB3BCA6	B56E64F1F722480D87C2944BCEB3BCA6	thumb	placeholder	https://proxy.archieven.nl/thumb/235/B56E64F1F722480D87C2944BCEB3BCA6
0F1AF5F392A14E788E59DE64171805B1	0F1AF5F392A14E788E59DE64171805B1	thumb	placeholder	https://proxy.archieven.nl/thumb/235/0F1AF5F392A14E788E59DE64171805B1
7486B2CC3D2946FAA2A66C6F7FB077B1	7486B2CC3D2946FAA2A66C6F7FB077B1	thumb	placeholder	https://proxy.archieven.nl/thumb/235/7486B2CC3D2946FAA2A66C6F7FB077B1
9B630E2B51D74EC8AC3232DCBA027BD5	9B630E2B51D74EC8AC3232DCBA027BD5	thumb	placeholder	https://proxy.archieven.nl/thumb/235/9B630E2B51D74EC8AC3232DCBA027BD5
D02EA992F7FD4BE09237584FF1B570DE	D02EA992F7FD4BE09237584FF1B570DE	thumb	placeholder	https://proxy.archieven.nl/thumb/235/D02EA992F7FD4BE09237584FF1B570DE
E6907CC5BBAB46B6B61602AA749551BB	E6907CC5BBAB46B6B61602AA749551BB	thumb	placeholder	https://proxy.archieven.nl/thumb/235/E6907CC5BBAB46B6B61602AA749551BB
52BDB28F403F4C488448D7B163AF249B	52BDB28F403F4C488448D7B163AF249B	thumb	placeholder	https://proxy.archieven.nl/thumb/235/52BDB28F403F4C488448D7B163AF249B
48DEED45D7FC4BB89B8AA047BCB45FE8	48DEED45D7FC4BB89B8AA047BCB45FE8	thumb	placeholder	https://proxy.archieven.nl/thumb/235/48DEED45D7FC4BB89B8AA047BCB45FE8
6A53397D58B64F33AB4AE32EA87E3543	6A53397D58B64F33AB4AE32EA87E3543	thumb	placeholder	https://proxy.archieven.nl/thumb/235/6A53397D58B64F33AB4AE32EA87E3543
9BE6A783E13441008555269E2CE5EEC0	9BE6A783E13441008555269E2CE5EEC0	thumb	placeholder	https://proxy.archieven.nl/thumb/235/9BE6A783E13441008555269E2CE5EEC0
19A9D6334E474712A97E20FA08D3ADDB	19A9D6334E474712A97E20FA08D3ADDB	thumb	placeholder	https://proxy.archieven.nl/thumb/235/19A9D6334E474712A97E20FA08D3ADDB
6689EB2DB59043358085B1F108BA341C	6689EB2DB59043358085B1F108BA341C	thumb	placeholder	https://proxy.archieven.nl/thumb/235/6689EB2DB59043358085B1F108BA341C
5323B2D53AF04BFCA334C2C217155C0E	5323B2D53AF04BFCA334C2C217155C0E	thumb	placeholder	https://proxy.archieven.nl/thumb/235/5323B2D53AF04BFCA334C2C217155C0E
38B5E9E4EE794187954305565027F3EE	38B5E9E4EE794187954305565027F3EE	thumb	placeholder	https://proxy.archieven.nl/thumb/235/38B5E9E4EE794187954305565027F3EE
3C3A10668ADD47EEBCA943E86DCFC56B	3C3A10668ADD47EEBCA943E86DCFC56B	thumb	placeholder	https://proxy.archieven.nl/thumb/235/3C3A10668ADD47EEBCA943E86DCFC56B
B43887B0B8534D1B8F59B35991209A63	B43887B0B8534D1B8F59B35991209A63	thumb	placeholder	https://proxy.archieven.nl/thumb/235/B43887B0B8534D1B8F59B35991209A63
206051AF2DBA487FB06BD15E4FECE94D	206051AF2DBA487FB06BD15E4FECE94D	thumb	placeholder	https://proxy.archieven.nl/thumb/235/206051AF2DBA487FB06BD15E4FECE94D
BF37370674CE477F8C6849C86689B267	BF37370674CE477F8C6849C86689B267	thumb	placeholder	https://proxy.archieven.nl/thumb/235/BF37370674CE477F8C6849C86689B267
0EA9A7599B854D2E84339CCB622540B1	0EA9A7599B854D2E84339CCB622540B1	thumb	placeholder	https://proxy.archieven.nl/thumb/235/0EA9A7599B854D2E84339CCB622540B1
0D931DC11DDC4F3DA03A99628ADBE7C4	0D931DC11DDC4F3DA03A99628ADBE7C4	thumb	placeholder	https://proxy.archieven.nl/thumb/235/0D931DC11DDC4F3DA03A99628ADBE7C4
A9DBB5D88A21449CBCCAAAC458233852	A9DBB5D88A21449CBCCAAAC458233852	thumb	placeholder	https://proxy.archieven.nl/thumb/235/A9DBB5D88A21449CBCCAAAC458233852
A933687D8CC64D06AEE025F4C1C08C44	A933687D8CC64D06AEE025F4C1C08C44	thumb	placeholder	https://proxy.archieven.nl/thumb/235/A933687D8CC64D06AEE025F4C1C08C44
196DED076B2149C0AD249597A9B8AAF0	196DED076B2149C0AD249597A9B8AAF0	thumb	placeholder	https://proxy.archieven.nl/thumb/235/196DED076B2149C0AD249597A9B8AAF0
60EEC417687E40CC9D5174B744AE64FA	60EEC417687E40CC9D5174B744AE64FA	thumb	placeholder	https://proxy.archieven.nl/thumb/235/60EEC417687E40CC9D5174B744AE64FA
F389934294DD49609677E9326179C38D	F389934294DD49609677E9326179C38D	thumb	placeholder	https://proxy.archieven.nl/thumb/235/F389934294DD49609677E9326179C38D
83BC5C705AFF4BCBA4EBD0198BDE884F	83BC5C705AFF4BCBA4EBD0198BDE884F	thumb	placeholder	https://proxy.archieven.nl/thumb/235/83BC5C705AFF4BCBA4EBD0198BDE884F
91302AF7D28C459488DD8B26C594314A	91302AF7D28C459488DD8B26C594314A	thumb	placeholder	https://proxy.archieven.nl/thumb/235/91302AF7D28C459488DD8B26C594314A
4DAFC774CEAD4E87A9B624265B99A052	4DAFC774CEAD4E87A9B624265B99A052	thumb	placeholder	https://proxy.archieven.nl/thumb/235/4DAFC774CEAD4E87A9B624265B99A052
F45B9714A78A4703A58D7C6A19128AD1	F45B9714A78A4703A58D7C6A19128AD1	thumb	placeholder	https://proxy.archieven.nl/thumb/235/F45B9714A78A4703A58D7C6A19128AD1
4613003309BA489BB82BABB78EAC24D6	4613003309BA489BB82BABB78EAC24D6	thumb	placeholder	https://proxy.archieven.nl/thumb/235/4613003309BA489BB82BABB78EAC24D6
B20911207107457A9CF8035AB7166A9F	B20911207107457A9CF8035AB7166A9F	thumb	placeholder	https://proxy.archieven.nl/thumb/235/B20911207107457A9CF8035AB7166A9F
DE69ACA78ACA49ECB98E72798EC93519	DE69ACA78ACA49ECB98E72798EC93519	thumb	placeholder	https://proxy.archieven.nl/thumb/235/DE69ACA78ACA49ECB98E72798EC93519
363A2C79E9D14D96BB52EE78F0D4C40E	363A2C79E9D14D96BB52EE78F0D4C40E	thumb	placeholder	https://proxy.archieven.nl/thumb/235/363A2C79E9D14D96BB52EE78F0D4C40E
8915A149310A447F850B4D647650694B	8915A149310A447F850B4D647650694B	thumb	placeholder	https://proxy.archieven.nl/thumb/235/8915A149310A447F850B4D647650694B
C92E37A4591B40BAB29078653B4C19FE	C92E37A4591B40BAB29078653B4C19FE	thumb	placeholder	https://proxy.archieven.nl/thumb/235/C92E37A4591B40BAB29078653B4C19FE
A1F176B014884A2595B733A30428C059	A1F176B014884A2595B733A30428C059	thumb	placeholder	https://proxy.archieven.nl/thumb/235/A1F176B014884A2595B733A30428C059
9DEEC01D07144537AE65105CC50FDF7F	9DEEC01D07144537AE65105CC50FDF7F	thumb	placeholder	https://proxy.archieven.nl/thumb/235/9DEEC01D07144537AE65105CC50FDF7F
72A4F5C80AFD455FB070CB6DAD9BF685	72A4F5C80AFD455FB070CB6DAD9BF685	thumb	placeholder	https://proxy.archieven.nl/thumb/235/72A4F5C80AFD455FB070CB6DAD9BF685
6619E0978F4040569B200DD6CE495D96	6619E0978F4040569B200DD6CE495D96	thumb	placeholder	https://proxy.archieven.nl/thumb/235/6619E0978F4040569B200DD6CE495D96
E441D354CC444FE38DA7879EA883B385	E441D354CC444FE38DA7879EA883B385	thumb	placeholder	https://proxy.archieven.nl/thumb/235/E441D354CC444FE38DA7879EA883B385
4FFB0986BE8C4578981B2B8161ADCF48	4FFB0986BE8C4578981B2B8161ADCF48	thumb	placeholder	https://proxy.archieven.nl/thumb/235/4FFB0986BE8C4578981B2B8161ADCF48
2D424B7814C64BFE8B6AB6DB775C4793	2D424B7814C64BFE8B6AB6DB775C4793	thumb	placeholder	https://proxy.archieven.nl/thumb/235/2D424B7814C64BFE8B6AB6DB775C4793
7871E0C3EE144096A7F1AE92AD573435	7871E0C3EE144096A7F1AE92AD573435	thumb	placeholder	https://proxy.archieven.nl/thumb/235/7871E0C3EE144096A7F1AE92AD573435
15E9B8E18E4D436E9A21D538B5A46A34	15E9B8E18E4D436E9A21D538B5A46A34	thumb	placeholder	https://proxy.archieven.nl/thumb/235/15E9B8E18E4D436E9A21D538B5A46A34
468E76D852844FDE803B406B270F4889	468E76D852844FDE803B406B270F4889	thumb	placeholder	https://proxy.archieven.nl/thumb/235/468E76D852844FDE803B406B270F4889
6F8B9907760E46D6B78C49DE695073D8	6F8B9907760E46D6B78C49DE695073D8	thumb	placeholder	https://proxy.archieven.nl/thumb/235/6F8B9907760E46D6B78C49DE695073D8
7138EB55A15043F981397265A4E20B64	7138EB55A15043F981397265A4E20B64	thumb	placeholder	https://proxy.archieven.nl/thumb/235/7138EB55A15043F981397265A4E20B64
4BDFB464CCF04F02AF9D2E9D3A2938CE	4BDFB464CCF04F02AF9D2E9D3A2938CE	thumb	placeholder	https://proxy.archieven.nl/thumb/235/4BDFB464CCF04F02AF9D2E9D3A2938CE
41013AF0AC114EA59678BA2FDCCB15B0	41013AF0AC114EA59678BA2FDCCB15B0	thumb	placeholder	https://proxy.archieven.nl/thumb/235/41013AF0AC114EA59678BA2FDCCB15B0
B758FCFB896F4E46A3EB1BE8D5FBB7FF	B758FCFB896F4E46A3EB1BE8D5FBB7FF	thumb	placeholder	https://proxy.archieven.nl/thumb/235/B758FCFB896F4E46A3EB1BE8D5FBB7FF
A677233221B7476CAAACB0C831923D72	A677233221B7476CAAACB0C831923D72	thumb	placeholder	https://proxy.archieven.nl/thumb/235/A677233221B7476CAAACB0C831923D72
85F501710E284C69B33AD42AE88D1038	85F501710E284C69B33AD42AE88D1038	thumb	placeholder	https://proxy.archieven.nl/thumb/235/85F501710E284C69B33AD42AE88D1038
FDACDC87853E436D9ECDA4532086BA91	FDACDC87853E436D9ECDA4532086BA91	thumb	placeholder	https://proxy.archieven.nl/thumb/235/FDACDC87853E436D9ECDA4532086BA91
6C6327E5272D47A0910A8A2C6AAEEB12	6C6327E5272D47A0910A8A2C6AAEEB12	thumb	placeholder	https://proxy.archieven.nl/thumb/235/6C6327E5272D47A0910A8A2C6AAEEB12
B8B46AFDB7984E34926CE0E740DFFD44	B8B46AFDB7984E34926CE0E740DFFD44	thumb	placeholder	https://proxy.archieven.nl/thumb/235/B8B46AFDB7984E34926CE0E740DFFD44
49D3E4965D414B2D9C7706BAF712DCB1	49D3E4965D414B2D9C7706BAF712DCB1	thumb	placeholder	https://proxy.archieven.nl/thumb/235/49D3E4965D414B2D9C7706BAF712DCB1
75BDCF56F5FB4F568813525776DF4FCB	75BDCF56F5FB4F568813525776DF4FCB	thumb	placeholder	https://proxy.archieven.nl/thumb/235/75BDCF56F5FB4F568813525776DF4FCB
7046D51DBC57445C9B88FBB92EF59D36	7046D51DBC57445C9B88FBB92EF59D36	thumb	placeholder	https://proxy.archieven.nl/thumb/235/7046D51DBC57445C9B88FBB92EF59D36
7606C4A828D94FAEA5A982017ECEF351	7606C4A828D94FAEA5A982017ECEF351	thumb	placeholder	https://proxy.archieven.nl/thumb/235/7606C4A828D94FAEA5A982017ECEF351
90CDE015E1FA49139BC6CF49042B733A	90CDE015E1FA49139BC6CF49042B733A	thumb	placeholder	https://proxy.archieven.nl/thumb/235/90CDE015E1FA49139BC6CF49042B733A
F5BF8F0D24DA451CBFD65FC8EFDEEB07	F5BF8F0D24DA451CBFD65FC8EFDEEB07	thumb	placeholder	https://proxy.archieven.nl/thumb/235/F5BF8F0D24DA451CBFD65FC8EFDEEB07
756A75A547EC4A85B9D82C9FE22752E1	756A75A547EC4A85B9D82C9FE22752E1	thumb	placeholder	https://proxy.archieven.nl/thumb/235/756A75A547EC4A85B9D82C9FE22752E1
DCF3EC99ADA9407495EC34EFCAF7D58E	DCF3EC99ADA9407495EC34EFCAF7D58E	thumb	placeholder	https://proxy.archieven.nl/thumb/235/DCF3EC99ADA9407495EC34EFCAF7D58E
E9FD6FA8E3BA4B62BB386E85A6D165EF	E9FD6FA8E3BA4B62BB386E85A6D165EF	thumb	placeholder	https://proxy.archieven.nl/thumb/235/E9FD6FA8E3BA4B62BB386E85A6D165EF
FCA2104AD0B845FD8D600A6102734027	FCA2104AD0B845FD8D600A6102734027	thumb	placeholder	https://proxy.archieven.nl/thumb/235/FCA2104AD0B845FD8D600A6102734027
D5CB4BBE6DAB47B696DB72C8D6CD6886	D5CB4BBE6DAB47B696DB72C8D6CD6886	thumb	placeholder	https://proxy.archieven.nl/thumb/235/D5CB4BBE6DAB47B696DB72C8D6CD6886
FA295D4027174282A3C290BF17EA5CAD	FA295D4027174282A3C290BF17EA5CAD	thumb	placeholder	https://proxy.archieven.nl/thumb/235/FA295D4027174282A3C290BF17EA5CAD
84A40C95FA4E4E0B8A5432499A86CFEC	84A40C95FA4E4E0B8A5432499A86CFEC	thumb	placeholder	https://proxy.archieven.nl/thumb/235/84A40C95FA4E4E0B8A5432499A86CFEC
C59C5DD787124E408110567D0E2C9203	C59C5DD787124E408110567D0E2C9203	thumb	placeholder	https://proxy.archieven.nl/thumb/235/C59C5DD787124E408110567D0E2C9203
A5A8BDAE7AD64AF6A6B0A55601FA798F	A5A8BDAE7AD64AF6A6B0A55601FA798F	thumb	placeholder	https://proxy.archieven.nl/thumb/235/A5A8BDAE7AD64AF6A6B0A55601FA798F
35C859898EA14988B51757B1186D20AC	35C859898EA14988B51757B1186D20AC	thumb	placeholder	https://proxy.archieven.nl/thumb/235/35C859898EA14988B51757B1186D20AC
37B10FB7741949138E881F7039C29B72	37B10FB7741949138E881F7039C29B72	thumb	placeholder	https://proxy.archieven.nl/thumb/235/37B10FB7741949138E881F7039C29B72
8E9B2B74C7F348BF82098BCF6AC9BB1D	8E9B2B74C7F348BF82098BCF6AC9BB1D	thumb	placeholder	https://proxy.archieven.nl/thumb/235/8E9B2B74C7F348BF82098BCF6AC9BB1D
EA3BE43A7F9848EC9317B5F25DF14B66	EA3BE43A7F9848EC9317B5F25DF14B66	thumb	placeholder	https://proxy.archieven.nl/thumb/235/EA3BE43A7F9848EC9317B5F25DF14B66
14747624976C4621AB02D5C539EBD589	14747624976C4621AB02D5C539EBD589	thumb	placeholder	https://proxy.archieven.nl/thumb/235/14747624976C4621AB02D5C539EBD589
19A359A6953A4F71BBC95371D3FCDE71	19A359A6953A4F71BBC95371D3FCDE71	thumb	placeholder	https://proxy.archieven.nl/thumb/235/19A359A6953A4F71BBC95371D3FCDE71
5EE6EC9F7E674F8485A5C4F08AED466E	5EE6EC9F7E674F8485A5C4F08AED466E	thumb	placeholder	https://proxy.archieven.nl/thumb/235/5EE6EC9F7E674F8485A5C4F08AED466E
7ECD3566610D498E834FB66E0C6DC1AD	7ECD3566610D498E834FB66E0C6DC1AD	thumb	placeholder	https://proxy.archieven.nl/thumb/235/7ECD3566610D498E834FB66E0C6DC1AD
F5AED1AB38854891989656AD63322ECD	F5AED1AB38854891989656AD63322ECD	thumb	placeholder	https://proxy.archieven.nl/thumb/235/F5AED1AB38854891989656AD63322ECD
87A7FBE0622648709B0A63AD542BB6C4	87A7FBE0622648709B0A63AD542BB6C4	thumb	placeholder	https://proxy.archieven.nl/thumb/235/87A7FBE0622648709B0A63AD542BB6C4
39AAE38A56F34CA7BBA1756406A6776E	39AAE38A56F34CA7BBA1756406A6776E	thumb	placeholder	https://proxy.archieven.nl/thumb/235/39AAE38A56F34CA7BBA1756406A6776E
D3D745B105B843509A209230A6035CFB	D3D745B105B843509A209230A6035CFB	thumb	placeholder	https://proxy.archieven.nl/thumb/235/D3D745B105B843509A209230A6035CFB
F6916B1072784D8FADB406024AFB26FE	F6916B1072784D8FADB406024AFB26FE	thumb	placeholder	https://proxy.archieven.nl/thumb/235/F6916B1072784D8FADB406024AFB26FE
AA0ADA8EC26441939B1C2F1913E25ED3	AA0ADA8EC26441939B1C2F1913E25ED3	thumb	placeholder	https://proxy.archieven.nl/thumb/235/AA0ADA8EC26441939B1C2F1913E25ED3
01ABC576DA344E9D93180BF6ECB3CB45	01ABC576DA344E9D93180BF6ECB3CB45	thumb	placeholder	https://proxy.archieven.nl/thumb/235/01ABC576DA344E9D93180BF6ECB3CB45
5AC8AC46C8204C96A14F3408948CC5EC	5AC8AC46C8204C96A14F3408948CC5EC	thumb	placeholder	https://proxy.archieven.nl/thumb/235/5AC8AC46C8204C96A14F3408948CC5EC
D5E4003DB4734AFBBB13ADA1E03BE2C7	D5E4003DB4734AFBBB13ADA1E03BE2C7	thumb	placeholder	https://proxy.archieven.nl/thumb/235/D5E4003DB4734AFBBB13ADA1E03BE2C7
EFDA2D3684F04D929250EBE31E6BC3E0	EFDA2D3684F04D929250EBE31E6BC3E0	thumb	placeholder	https://proxy.archieven.nl/thumb/235/EFDA2D3684F04D929250EBE31E6BC3E0
CC5EDB2F710C48EBA8AF9217AC2B9B15	CC5EDB2F710C48EBA8AF9217AC2B9B15	thumb	placeholder	https://proxy.archieven.nl/thumb/235/CC5EDB2F710C48EBA8AF9217AC2B9B15
9B62475FE0534979A3DB273D307F46E4	9B62475FE0534979A3DB273D307F46E4	thumb	placeholder	https://proxy.archieven.nl/thumb/235/9B62475FE0534979A3DB273D307F46E4
8AB952678C324392B92557ECFE07A445	8AB952678C324392B92557ECFE07A445	thumb	placeholder	https://proxy.archieven.nl/thumb/235/8AB952678C324392B92557ECFE07A445
1140E47C11EE4FADA8F41E1F28167A4B	1140E47C11EE4FADA8F41E1F28167A4B	thumb	placeholder	https://proxy.archieven.nl/thumb/235/1140E47C11EE4FADA8F41E1F28167A4B
53CFC5F954E843D4892A7BC23BEF4CDF	53CFC5F954E843D4892A7BC23BEF4CDF	thumb	placeholder	https://proxy.archieven.nl/thumb/235/53CFC5F954E843D4892A7BC23BEF4CDF
0B944349F1FA49D694F7AD84EB15E1F5	0B944349F1FA49D694F7AD84EB15E1F5	thumb	placeholder	https://proxy.archieven.nl/thumb/235/0B944349F1FA49D694F7AD84EB15E1F5
6C8A4558A990429FACAAF3C54877FD1F	6C8A4558A990429FACAAF3C54877FD1F	thumb	placeholder	https://proxy.archieven.nl/thumb/235/6C8A4558A990429FACAAF3C54877FD1F
F8EBD8589B924E8EA420A88442F14FC3	F8EBD8589B924E8EA420A88442F14FC3	thumb	placeholder	https://proxy.archieven.nl/thumb/235/F8EBD8589B924E8EA420A88442F14FC3
EB5E736E3CCE4F3A914916DBAA4CF28A	EB5E736E3CCE4F3A914916DBAA4CF28A	thumb	placeholder	https://proxy.archieven.nl/thumb/235/EB5E736E3CCE4F3A914916DBAA4CF28A
D6AC917D74B7443E902B4DF461AEF5ED	D6AC917D74B7443E902B4DF461AEF5ED	thumb	placeholder	https://proxy.archieven.nl/thumb/235/D6AC917D74B7443E902B4DF461AEF5ED
7DCEB277FE6C422C8D3A529D22FFB750	7DCEB277FE6C422C8D3A529D22FFB750	thumb	placeholder	https://proxy.archieven.nl/thumb/235/7DCEB277FE6C422C8D3A529D22FFB750
371281B76C5246F7A9ADC76325816079	371281B76C5246F7A9ADC76325816079	thumb	placeholder	https://proxy.archieven.nl/thumb/235/371281B76C5246F7A9ADC76325816079
42039250F9A24D3395C97B0E76C2098C	42039250F9A24D3395C97B0E76C2098C	thumb	placeholder	https://proxy.archieven.nl/thumb/235/42039250F9A24D3395C97B0E76C2098C
74E851354CA149F0913FC678C75A5D5C	74E851354CA149F0913FC678C75A5D5C	thumb	placeholder	https://proxy.archieven.nl/thumb/235/74E851354CA149F0913FC678C75A5D5C
36E6D3B6FA984A9989DEDD21B9180B27	36E6D3B6FA984A9989DEDD21B9180B27	thumb	placeholder	https://proxy.archieven.nl/thumb/235/36E6D3B6FA984A9989DEDD21B9180B27
C72643425415485FA8D6117DBB22C9CC	C72643425415485FA8D6117DBB22C9CC	thumb	placeholder	https://proxy.archieven.nl/thumb/235/C72643425415485FA8D6117DBB22C9CC
F1A7F5E6F3FE4E21A105E9F089CD90B7	F1A7F5E6F3FE4E21A105E9F089CD90B7	thumb	placeholder	https://proxy.archieven.nl/thumb/235/F1A7F5E6F3FE4E21A105E9F089CD90B7
CD9E4E38955D4089A9F48364B6CD9D9A	CD9E4E38955D4089A9F48364B6CD9D9A	thumb	placeholder	https://proxy.archieven.nl/thumb/235/CD9E4E38955D4089A9F48364B6CD9D9A
6027107663E14A5796C918819B038D8F	6027107663E14A5796C918819B038D8F	thumb	placeholder	https://proxy.archieven.nl/thumb/235/6027107663E14A5796C918819B038D8F
123A719077C8483FA862F477F6FF8F54	123A719077C8483FA862F477F6FF8F54	thumb	placeholder	https://proxy.archieven.nl/thumb/235/123A719077C8483FA862F477F6FF8F54
A3770FCC2DF646D4985BB3E473B2A369	A3770FCC2DF646D4985BB3E473B2A369	thumb	placeholder	https://proxy.archieven.nl/thumb/235/A3770FCC2DF646D4985BB3E473B2A369
177FAE90F0254DF697AEF12CE7D7EDB1	177FAE90F0254DF697AEF12CE7D7EDB1	thumb	placeholder	https://proxy.archieven.nl/thumb/235/177FAE90F0254DF697AEF12CE7D7EDB1
6F16FA3A192343B9AEB153811E3E9C41	6F16FA3A192343B9AEB153811E3E9C41	thumb	placeholder	https://proxy.archieven.nl/thumb/235/6F16FA3A192343B9AEB153811E3E9C41
D314DDDFF63B4B1DB60CE63ED4359770	D314DDDFF63B4B1DB60CE63ED4359770	thumb	placeholder	https://proxy.archieven.nl/thumb/235/D314DDDFF63B4B1DB60CE63ED4359770
A13CCCDFAC3E414AB726D29E8E8AC45C	A13CCCDFAC3E414AB726D29E8E8AC45C	thumb	placeholder	https://proxy.archieven.nl/thumb/235/A13CCCDFAC3E414AB726D29E8E8AC45C
B3B8CA8E408B43AD9845F589F2840E55	B3B8CA8E408B43AD9845F589F2840E55	thumb	placeholder	https://proxy.archieven.nl/thumb/235/B3B8CA8E408B43AD9845F589F2840E55
75AF750F3CF04C768D573A5A6C366083	75AF750F3CF04C768D573A5A6C366083	thumb	placeholder	https://proxy.archieven.nl/thumb/235/75AF750F3CF04C768D573A5A6C366083
2FEBD056837D436E97EEC8F15E1AC494	2FEBD056837D436E97EEC8F15E1AC494	thumb	placeholder	https://proxy.archieven.nl/thumb/235/2FEBD056837D436E97EEC8F15E1AC494
1AAB8D0A23F74D4DB6DB59CCA9BF00F9	1AAB8D0A23F74D4DB6DB59CCA9BF00F9	thumb	placeholder	https://proxy.archieven.nl/thumb/235/1AAB8D0A23F74D4DB6DB59CCA9BF00F9
1E0FEFAECA6344C8A98D6AAFCEB443C4	1E0FEFAECA6344C8A98D6AAFCEB443C4	thumb	placeholder	https://proxy.archieven.nl/thumb/235/1E0FEFAECA6344C8A98D6AAFCEB443C4
F0789E2B03C540B3A19AA3F0C99A454E	F0789E2B03C540B3A19AA3F0C99A454E	thumb	placeholder	https://proxy.archieven.nl/thumb/235/F0789E2B03C540B3A19AA3F0C99A454E
06DF715CD04242F680D518ACE650610F	06DF715CD04242F680D518ACE650610F	thumb	placeholder	https://proxy.archieven.nl/thumb/235/06DF715CD04242F680D518ACE650610F
34D230C5B0BF47C7B90FFD74E2FEC943	34D230C5B0BF47C7B90FFD74E2FEC943	thumb	placeholder	https://proxy.archieven.nl/thumb/235/34D230C5B0BF47C7B90FFD74E2FEC943
74A90005EEB54EBABFC81FA0C517A032	74A90005EEB54EBABFC81FA0C517A032	thumb	placeholder	https://proxy.archieven.nl/thumb/235/74A90005EEB54EBABFC81FA0C517A032
802C5D6A7A304EA78B66C80F521BE8B4	802C5D6A7A304EA78B66C80F521BE8B4	thumb	placeholder	https://proxy.archieven.nl/thumb/235/802C5D6A7A304EA78B66C80F521BE8B4
E163F8D5F8FB440B8CCFDCD059DD1AF1	E163F8D5F8FB440B8CCFDCD059DD1AF1	thumb	placeholder	https://proxy.archieven.nl/thumb/235/E163F8D5F8FB440B8CCFDCD059DD1AF1
52709E68537A42ACA1C85CD0FBC40122	52709E68537A42ACA1C85CD0FBC40122	thumb	placeholder	https://proxy.archieven.nl/thumb/235/52709E68537A42ACA1C85CD0FBC40122
7A51309C274241D294F184B6313CFAA6	7A51309C274241D294F184B6313CFAA6	thumb	placeholder	https://proxy.archieven.nl/thumb/235/7A51309C274241D294F184B6313CFAA6
F0DCD3D7A20B4A9CBD75D93588E94668	F0DCD3D7A20B4A9CBD75D93588E94668	thumb	placeholder	https://proxy.archieven.nl/thumb/235/F0DCD3D7A20B4A9CBD75D93588E94668
B1EABB7AFA5C4385B91FFEDB2B1861A6	B1EABB7AFA5C4385B91FFEDB2B1861A6	thumb	placeholder	https://proxy.archieven.nl/thumb/235/B1EABB7AFA5C4385B91FFEDB2B1861A6
707275AE4823426C8964FB0B9D8ED87B	707275AE4823426C8964FB0B9D8ED87B	thumb	placeholder	https://proxy.archieven.nl/thumb/235/707275AE4823426C8964FB0B9D8ED87B
4CCC0062EE1C4017883528402A6FACEF	4CCC0062EE1C4017883528402A6FACEF	thumb	placeholder	https://proxy.archieven.nl/thumb/235/4CCC0062EE1C4017883528402A6FACEF
2EDD433B8C3241EBB0060F4A4D9A6319	2EDD433B8C3241EBB0060F4A4D9A6319	thumb	placeholder	https://proxy.archieven.nl/thumb/235/2EDD433B8C3241EBB0060F4A4D9A6319
BD2B171C452D4C13898B179D03FC8195	BD2B171C452D4C13898B179D03FC8195	thumb	placeholder	https://proxy.archieven.nl/thumb/235/BD2B171C452D4C13898B179D03FC8195
29668861BDA849309E87F02E1B7BBD63	29668861BDA849309E87F02E1B7BBD63	thumb	placeholder	https://proxy.archieven.nl/thumb/235/29668861BDA849309E87F02E1B7BBD63
B89F00877C1242E291B2EC8795403E22	B89F00877C1242E291B2EC8795403E22	thumb	placeholder	https://proxy.archieven.nl/thumb/235/B89F00877C1242E291B2EC8795403E22
C08EF105B0A44EF6870C52F3682C89E4	C08EF105B0A44EF6870C52F3682C89E4	thumb	placeholder	https://proxy.archieven.nl/thumb/235/C08EF105B0A44EF6870C52F3682C89E4
C41EF85215D5461BBEBCC5D8EDE3334A	C41EF85215D5461BBEBCC5D8EDE3334A	thumb	placeholder	https://proxy.archieven.nl/thumb/235/C41EF85215D5461BBEBCC5D8EDE3334A
A1B43C6F495040F5BF41266D0AC68F8B	A1B43C6F495040F5BF41266D0AC68F8B	thumb	placeholder	https://proxy.archieven.nl/thumb/235/A1B43C6F495040F5BF41266D0AC68F8B
9DF7B539AC864A51A99B8EB870134763	9DF7B539AC864A51A99B8EB870134763	thumb	placeholder	https://proxy.archieven.nl/thumb/235/9DF7B539AC864A51A99B8EB870134763
52CE85941BEF4178A5ED4FAACDDBFE1D	52CE85941BEF4178A5ED4FAACDDBFE1D	thumb	placeholder	https://proxy.archieven.nl/thumb/235/52CE85941BEF4178A5ED4FAACDDBFE1D
37DAB621CF2E43D8BED16AEBB99860A5	37DAB621CF2E43D8BED16AEBB99860A5	thumb	placeholder	https://proxy.archieven.nl/thumb/235/37DAB621CF2E43D8BED16AEBB99860A5
54A6F0971E8949E79E672B62A0A54D3B	54A6F0971E8949E79E672B62A0A54D3B	thumb	placeholder	https://proxy.archieven.nl/thumb/235/54A6F0971E8949E79E672B62A0A54D3B
4630B039C94244099DB8E99D9C66D4F4	4630B039C94244099DB8E99D9C66D4F4	thumb	placeholder	https://proxy.archieven.nl/thumb/235/4630B039C94244099DB8E99D9C66D4F4
3FB02AE1EBFB4839BD5EDEA563198CD9	3FB02AE1EBFB4839BD5EDEA563198CD9	thumb	placeholder	https://proxy.archieven.nl/thumb/235/3FB02AE1EBFB4839BD5EDEA563198CD9
8214A6FBA23641AC9311C75A2D7FE377	8214A6FBA23641AC9311C75A2D7FE377	thumb	placeholder	https://proxy.archieven.nl/thumb/235/8214A6FBA23641AC9311C75A2D7FE377
734D02D318F048DBB26A5A6C86886028	734D02D318F048DBB26A5A6C86886028	thumb	placeholder	https://proxy.archieven.nl/thumb/235/734D02D318F048DBB26A5A6C86886028
06A2EA65E3C0416D9C3EC94C6B296C0F	06A2EA65E3C0416D9C3EC94C6B296C0F	thumb	placeholder	https://proxy.archieven.nl/thumb/235/06A2EA65E3C0416D9C3EC94C6B296C0F
4269C72A1A91436EADAF3B6400D5F213	4269C72A1A91436EADAF3B6400D5F213	thumb	placeholder	https://proxy.archieven.nl/thumb/235/4269C72A1A91436EADAF3B6400D5F213
6F47E578CB9A4103B917BDBD682D86D3	6F47E578CB9A4103B917BDBD682D86D3	thumb	placeholder	https://proxy.archieven.nl/thumb/235/6F47E578CB9A4103B917BDBD682D86D3
C91DF464EF504C31AAEB6BF9A0E2C2AE	C91DF464EF504C31AAEB6BF9A0E2C2AE	thumb	placeholder	https://proxy.archieven.nl/thumb/235/C91DF464EF504C31AAEB6BF9A0E2C2AE
821C599EB234445C943928848AC89CC3	821C599EB234445C943928848AC89CC3	thumb	placeholder	https://proxy.archieven.nl/thumb/235/821C599EB234445C943928848AC89CC3
D766A1D5816A400AA3E380F001C1C789	D766A1D5816A400AA3E380F001C1C789	thumb	placeholder	https://proxy.archieven.nl/thumb/235/D766A1D5816A400AA3E380F001C1C789
152304A0C7FA442AA3BB128C346553AE	152304A0C7FA442AA3BB128C346553AE	thumb	placeholder	https://proxy.archieven.nl/thumb/235/152304A0C7FA442AA3BB128C346553AE
A5F3FA81112B456F8C2A8EB21E886500	A5F3FA81112B456F8C2A8EB21E886500	thumb	placeholder	https://proxy.archieven.nl/thumb/235/A5F3FA81112B456F8C2A8EB21E886500
3CC3C35A71E1440F909A8A1DF084E38D	3CC3C35A71E1440F909A8A1DF084E38D	thumb	placeholder	https://proxy.archieven.nl/thumb/235/3CC3C35A71E1440F909A8A1DF084E38D
53A2BE66EA014FBC90393C6E19D15F00	53A2BE66EA014FBC90393C6E19D15F00	thumb	placeholder	https://proxy.archieven.nl/thumb/235/53A2BE66EA014FBC90393C6E19D15F00
FB56F59B48704C2282DD74C487D2D719	FB56F59B48704C2282DD74C487D2D719	thumb	placeholder	https://proxy.archieven.nl/thumb/235/FB56F59B48704C2282DD74C487D2D719
516D27DAEC994A5E939B81876BC48DD7	516D27DAEC994A5E939B81876BC48DD7	thumb	placeholder	https://proxy.archieven.nl/thumb/235/516D27DAEC994A5E939B81876BC48DD7
3AC60D3E02684967A9D66C134F8EB988	3AC60D3E02684967A9D66C134F8EB988	thumb	placeholder	https://proxy.archieven.nl/thumb/235/3AC60D3E02684967A9D66C134F8EB988
091D9097B85D41E1B43ECA3C9411FFBD	091D9097B85D41E1B43ECA3C9411FFBD	thumb	placeholder	https://proxy.archieven.nl/thumb/235/091D9097B85D41E1B43ECA3C9411FFBD
06BF61EE8B5B4D5099AED043DECD72A4	06BF61EE8B5B4D5099AED043DECD72A4	thumb	placeholder	https://proxy.archieven.nl/thumb/235/06BF61EE8B5B4D5099AED043DECD72A4
C0DA33D96CF04F3BB7F01B72911CAF3F	C0DA33D96CF04F3BB7F01B72911CAF3F	thumb	placeholder	https://proxy.archieven.nl/thumb/235/C0DA33D96CF04F3BB7F01B72911CAF3F
292EA8F80EA1477382A54CDE496B3275	292EA8F80EA1477382A54CDE496B3275	thumb	placeholder	https://proxy.archieven.nl/thumb/235/292EA8F80EA1477382A54CDE496B3275
5352EEBFD8CD445990055B3611E699F2	5352EEBFD8CD445990055B3611E699F2	thumb	placeholder	https://proxy.archieven.nl/thumb/235/5352EEBFD8CD445990055B3611E699F2
129A8CEA46F644B6879AB1CDFF427FDD	129A8CEA46F644B6879AB1CDFF427FDD	thumb	placeholder	https://proxy.archieven.nl/thumb/235/129A8CEA46F644B6879AB1CDFF427FDD
722CFB2CC0274D4DA2904028E3A5A0EC	722CFB2CC0274D4DA2904028E3A5A0EC	thumb	placeholder	https://proxy.archieven.nl/thumb/235/722CFB2CC0274D4DA2904028E3A5A0EC
73D4BB93F71C45149E6C2CCBB70359FE	73D4BB93F71C45149E6C2CCBB70359FE	thumb	placeholder	https://proxy.archieven.nl/thumb/235/73D4BB93F71C45149E6C2CCBB70359FE
38D1E3AB93364F669C2F5EDCEA4E3716	38D1E3AB93364F669C2F5EDCEA4E3716	thumb	placeholder	https://proxy.archieven.nl/thumb/235/38D1E3AB93364F669C2F5EDCEA4E3716
8933EB8FD3714CE182C2C8888E489BED	8933EB8FD3714CE182C2C8888E489BED	thumb	placeholder	https://proxy.archieven.nl/thumb/235/8933EB8FD3714CE182C2C8888E489BED
4763545E97B443DC96A3E59B6CB3F2D5	4763545E97B443DC96A3E59B6CB3F2D5	thumb	placeholder	https://proxy.archieven.nl/thumb/235/4763545E97B443DC96A3E59B6CB3F2D5
135BBED531B545ACB6112236DFF959A0	135BBED531B545ACB6112236DFF959A0	thumb	placeholder	https://proxy.archieven.nl/thumb/235/135BBED531B545ACB6112236DFF959A0
8D085D3DBB154E5188AF1AD050973273	8D085D3DBB154E5188AF1AD050973273	thumb	placeholder	https://proxy.archieven.nl/thumb/235/8D085D3DBB154E5188AF1AD050973273
557107DEDF0D4091936E3EEC5E560425	557107DEDF0D4091936E3EEC5E560425	thumb	placeholder	https://proxy.archieven.nl/thumb/235/557107DEDF0D4091936E3EEC5E560425
67FAB8EE3BBE4558A2C54F6B64B721AF	67FAB8EE3BBE4558A2C54F6B64B721AF	thumb	placeholder	https://proxy.archieven.nl/thumb/235/67FAB8EE3BBE4558A2C54F6B64B721AF
CE70A3C55C794898A38DEC977F32AA83	CE70A3C55C794898A38DEC977F32AA83	thumb	placeholder	https://proxy.archieven.nl/thumb/235/CE70A3C55C794898A38DEC977F32AA83
6A0A008434194DF18DF60D3D416A2D4C	6A0A008434194DF18DF60D3D416A2D4C	thumb	placeholder	https://proxy.archieven.nl/thumb/235/6A0A008434194DF18DF60D3D416A2D4C
0963472D87A440C7B92925E85133B5E3	0963472D87A440C7B92925E85133B5E3	thumb	placeholder	https://proxy.archieven.nl/thumb/235/0963472D87A440C7B92925E85133B5E3
3856BAE0CB1E4D16B2CAE5DF073D0870	3856BAE0CB1E4D16B2CAE5DF073D0870	thumb	placeholder	https://proxy.archieven.nl/thumb/235/3856BAE0CB1E4D16B2CAE5DF073D0870
0C6C43CB6B7E4F48A6E728BA4CC7494E	0C6C43CB6B7E4F48A6E728BA4CC7494E	thumb	placeholder	https://proxy.archieven.nl/thumb/235/0C6C43CB6B7E4F48A6E728BA4CC7494E
F1B6255D257F45EAAE1405966316C580	F1B6255D257F45EAAE1405966316C580	thumb	placeholder	https://proxy.archieven.nl/thumb/235/F1B6255D257F45EAAE1405966316C580
F4C69787EC69425BA48AB02CF2FFD66C	F4C69787EC69425BA48AB02CF2FFD66C	thumb	placeholder	https://proxy.archieven.nl/thumb/235/F4C69787EC69425BA48AB02CF2FFD66C
B778BA4B365744D98B3570FB0FB31683	B778BA4B365744D98B3570FB0FB31683	thumb	placeholder	https://proxy.archieven.nl/thumb/235/B778BA4B365744D98B3570FB0FB31683
591EE0E1A1784D1D959CBC8C03E07287	591EE0E1A1784D1D959CBC8C03E07287	thumb	placeholder	https://proxy.archieven.nl/thumb/235/591EE0E1A1784D1D959CBC8C03E07287
B4F8877A48E1431585FCEC17FFC5A994	B4F8877A48E1431585FCEC17FFC5A994	thumb	placeholder	https://proxy.archieven.nl/thumb/235/B4F8877A48E1431585FCEC17FFC5A994
6E8F9D7BC0C9424A95B847D4385B2583	6E8F9D7BC0C9424A95B847D4385B2583	thumb	placeholder	https://proxy.archieven.nl/thumb/235/6E8F9D7BC0C9424A95B847D4385B2583
8CAD1C2E10A240FDBF3CDB86A18626CF	8CAD1C2E10A240FDBF3CDB86A18626CF	thumb	placeholder	https://proxy.archieven.nl/thumb/235/8CAD1C2E10A240FDBF3CDB86A18626CF
29E22CB814CF45C4BC5C166B06B33AEE	29E22CB814CF45C4BC5C166B06B33AEE	thumb	placeholder	https://proxy.archieven.nl/thumb/235/29E22CB814CF45C4BC5C166B06B33AEE
52F35892D4DB43AAB4B1B6DBF3BB5453	52F35892D4DB43AAB4B1B6DBF3BB5453	thumb	placeholder	https://proxy.archieven.nl/thumb/235/52F35892D4DB43AAB4B1B6DBF3BB5453
BA9A1937A0874112825C99ECDDF66199	BA9A1937A0874112825C99ECDDF66199	thumb	placeholder	https://proxy.archieven.nl/thumb/235/BA9A1937A0874112825C99ECDDF66199
150F5AE603A846758CF6A0672716CAD5	150F5AE603A846758CF6A0672716CAD5	thumb	placeholder	https://proxy.archieven.nl/thumb/235/150F5AE603A846758CF6A0672716CAD5
AB646C8F52074CC7855BC8EEEEF402A5	AB646C8F52074CC7855BC8EEEEF402A5	thumb	placeholder	https://proxy.archieven.nl/thumb/235/AB646C8F52074CC7855BC8EEEEF402A5
6CF0632CB133428984F4F2524DA39718	6CF0632CB133428984F4F2524DA39718	thumb	placeholder	https://proxy.archieven.nl/thumb/235/6CF0632CB133428984F4F2524DA39718
C3D7440E35A44AC3B4877E8D11908EA2	C3D7440E35A44AC3B4877E8D11908EA2	thumb	placeholder	https://proxy.archieven.nl/thumb/235/C3D7440E35A44AC3B4877E8D11908EA2
B331BB3F7D7A49B895A01D0B0D9A057A	B331BB3F7D7A49B895A01D0B0D9A057A	thumb	placeholder	https://proxy.archieven.nl/thumb/235/B331BB3F7D7A49B895A01D0B0D9A057A
3313532E5D264DFF93AE92F561452124	3313532E5D264DFF93AE92F561452124	thumb	placeholder	https://proxy.archieven.nl/thumb/235/3313532E5D264DFF93AE92F561452124
DB6FC1865F3840AAA1793A805180094D	DB6FC1865F3840AAA1793A805180094D	thumb	placeholder	https://proxy.archieven.nl/thumb/235/DB6FC1865F3840AAA1793A805180094D
0AC4EBEBE5D04012BE2FE66AB8951079	0AC4EBEBE5D04012BE2FE66AB8951079	thumb	placeholder	https://proxy.archieven.nl/thumb/235/0AC4EBEBE5D04012BE2FE66AB8951079
588E18A3F9D042449DB0107D8D85ED37	588E18A3F9D042449DB0107D8D85ED37	thumb	placeholder	https://proxy.archieven.nl/thumb/235/588E18A3F9D042449DB0107D8D85ED37
2848D6F6825449359880D6113CE9B077	2848D6F6825449359880D6113CE9B077	thumb	placeholder	https://proxy.archieven.nl/thumb/235/2848D6F6825449359880D6113CE9B077
0085624B38D04E8486DE8F03122F1E1D	0085624B38D04E8486DE8F03122F1E1D	thumb	placeholder	https://proxy.archieven.nl/thumb/235/0085624B38D04E8486DE8F03122F1E1D
2DCC5BE501604FB896AAF308AE783935	2DCC5BE501604FB896AAF308AE783935	thumb	placeholder	https://proxy.archieven.nl/thumb/235/2DCC5BE501604FB896AAF308AE783935
7F7D4328E40D441C92CCBF0B543555F6	7F7D4328E40D441C92CCBF0B543555F6	thumb	placeholder	https://proxy.archieven.nl/thumb/235/7F7D4328E40D441C92CCBF0B543555F6
BD4B3F18D90549AF831089FECC13E38D	BD4B3F18D90549AF831089FECC13E38D	thumb	placeholder	https://proxy.archieven.nl/thumb/235/BD4B3F18D90549AF831089FECC13E38D
5D36BD4DEEE14E4A994AAC48FF978C26	5D36BD4DEEE14E4A994AAC48FF978C26	thumb	placeholder	https://proxy.archieven.nl/thumb/235/5D36BD4DEEE14E4A994AAC48FF978C26
CF2B4336AFE64B128E1243663715A65F	CF2B4336AFE64B128E1243663715A65F	thumb	placeholder	https://proxy.archieven.nl/thumb/235/CF2B4336AFE64B128E1243663715A65F
D09E1398EF5A4895875A69DA930EBD49	D09E1398EF5A4895875A69DA930EBD49	thumb	placeholder	https://proxy.archieven.nl/thumb/235/D09E1398EF5A4895875A69DA930EBD49
130EFEA3934C488FB291722291BFF2D5	130EFEA3934C488FB291722291BFF2D5	thumb	placeholder	https://proxy.archieven.nl/thumb/235/130EFEA3934C488FB291722291BFF2D5
8DE5C5F514144DA7B1507C83CD81F6F1	8DE5C5F514144DA7B1507C83CD81F6F1	thumb	placeholder	https://proxy.archieven.nl/thumb/235/8DE5C5F514144DA7B1507C83CD81F6F1
465BF3EEF3054E34B74D9D5E67ED9EF8	465BF3EEF3054E34B74D9D5E67ED9EF8	thumb	placeholder	https://proxy.archieven.nl/thumb/235/465BF3EEF3054E34B74D9D5E67ED9EF8
305BD1747C0B4EED93A386D74F13D1A2	305BD1747C0B4EED93A386D74F13D1A2	thumb	placeholder	https://proxy.archieven.nl/thumb/235/305BD1747C0B4EED93A386D74F13D1A2
3AF8E01F98114D49955FA7195A6E09EF	3AF8E01F98114D49955FA7195A6E09EF	thumb	placeholder	https://proxy.archieven.nl/thumb/235/3AF8E01F98114D49955FA7195A6E09EF
CFD4FA735BC34F23A25292B35BDFCDA1	CFD4FA735BC34F23A25292B35BDFCDA1	thumb	placeholder	https://proxy.archieven.nl/thumb/235/CFD4FA735BC34F23A25292B35BDFCDA1
F6FE0B3F317D4F9CB5C40D959E72DFB6	F6FE0B3F317D4F9CB5C40D959E72DFB6	thumb	placeholder	https://proxy.archieven.nl/thumb/235/F6FE0B3F317D4F9CB5C40D959E72DFB6
C12F849CEFFE45ECA3E6C2C834210F87	C12F849CEFFE45ECA3E6C2C834210F87	thumb	placeholder	https://proxy.archieven.nl/thumb/235/C12F849CEFFE45ECA3E6C2C834210F87
4D35E96FF7D7453F8DC7AF83A9EA4862	4D35E96FF7D7453F8DC7AF83A9EA4862	thumb	placeholder	https://proxy.archieven.nl/thumb/235/4D35E96FF7D7453F8DC7AF83A9EA4862
2EC39E7704F24E549B191FA2E7EAD727	2EC39E7704F24E549B191FA2E7EAD727	thumb	placeholder	https://proxy.archieven.nl/thumb/235/2EC39E7704F24E549B191FA2E7EAD727
71062292A5F249A48DB68FE8404766D9	71062292A5F249A48DB68FE8404766D9	thumb	placeholder	https://proxy.archieven.nl/thumb/235/71062292A5F249A48DB68FE8404766D9
011366A7E80848DF9AC08A0FA33FAC35	011366A7E80848DF9AC08A0FA33FAC35	thumb	placeholder	https://proxy.archieven.nl/thumb/235/011366A7E80848DF9AC08A0FA33FAC35
DE4E82CDC65C47ABAE84236B3EBDDF7E	DE4E82CDC65C47ABAE84236B3EBDDF7E	thumb	placeholder	https://proxy.archieven.nl/thumb/235/DE4E82CDC65C47ABAE84236B3EBDDF7E
BA2BF6D2C4F2408CA6E197CA1F14AE5A	BA2BF6D2C4F2408CA6E197CA1F14AE5A	thumb	placeholder	https://proxy.archieven.nl/thumb/235/BA2BF6D2C4F2408CA6E197CA1F14AE5A
F515DAADDE774BED917F51DF0E865728	F515DAADDE774BED917F51DF0E865728	thumb	placeholder	https://proxy.archieven.nl/thumb/235/F515DAADDE774BED917F51DF0E865728
5C6785F7BAB84FD9A20FDE614C572613	5C6785F7BAB84FD9A20FDE614C572613	thumb	placeholder	https://proxy.archieven.nl/thumb/235/5C6785F7BAB84FD9A20FDE614C572613
3F7F454C1A744AEB9069BF4665DBC5C3	3F7F454C1A744AEB9069BF4665DBC5C3	thumb	placeholder	https://proxy.archieven.nl/thumb/235/3F7F454C1A744AEB9069BF4665DBC5C3
2EF1D2A44F1141DE9A77AE6640BE4383	2EF1D2A44F1141DE9A77AE6640BE4383	thumb	placeholder	https://proxy.archieven.nl/thumb/235/2EF1D2A44F1141DE9A77AE6640BE4383
B648B11837A14CCC923CB6EF41309ECB	B648B11837A14CCC923CB6EF41309ECB	thumb	placeholder	https://proxy.archieven.nl/thumb/235/B648B11837A14CCC923CB6EF41309ECB
BDEA4780243B426E8D30D21B04C8E81A	BDEA4780243B426E8D30D21B04C8E81A	thumb	placeholder	https://proxy.archieven.nl/thumb/235/BDEA4780243B426E8D30D21B04C8E81A
881F5C470BF14B019463CCA5BB62528D	881F5C470BF14B019463CCA5BB62528D	thumb	placeholder	https://proxy.archieven.nl/thumb/235/881F5C470BF14B019463CCA5BB62528D
CEFDDFD8A89A41B7AD025659FF7B471C	CEFDDFD8A89A41B7AD025659FF7B471C	thumb	placeholder	https://proxy.archieven.nl/thumb/235/CEFDDFD8A89A41B7AD025659FF7B471C
F207357274314E2A8C19F99F5525DFD3	F207357274314E2A8C19F99F5525DFD3	thumb	placeholder	https://proxy.archieven.nl/thumb/235/F207357274314E2A8C19F99F5525DFD3
2BCAE3B0643A43A99911584F0A4D9574	2BCAE3B0643A43A99911584F0A4D9574	thumb	placeholder	https://proxy.archieven.nl/thumb/235/2BCAE3B0643A43A99911584F0A4D9574
BABB4948FFEE487FA5220D95D0E01100	BABB4948FFEE487FA5220D95D0E01100	thumb	placeholder	https://proxy.archieven.nl/thumb/235/BABB4948FFEE487FA5220D95D0E01100
16327CF244B2420096F9946CEC3F7075	16327CF244B2420096F9946CEC3F7075	thumb	placeholder	https://proxy.archieven.nl/thumb/235/16327CF244B2420096F9946CEC3F7075
B7452C3B0B49484FB359F850806F8ED4	B7452C3B0B49484FB359F850806F8ED4	thumb	placeholder	https://proxy.archieven.nl/thumb/235/B7452C3B0B49484FB359F850806F8ED4
B31BFF957B014CE096FB317CE03F594C	B31BFF957B014CE096FB317CE03F594C	thumb	placeholder	https://proxy.archieven.nl/thumb/235/B31BFF957B014CE096FB317CE03F594C
E3F58387FF7245C4B425342A24AE7A7B	E3F58387FF7245C4B425342A24AE7A7B	thumb	placeholder	https://proxy.archieven.nl/thumb/235/E3F58387FF7245C4B425342A24AE7A7B
58CA2D0E4A0B451290484DA7C13A6797	58CA2D0E4A0B451290484DA7C13A6797	thumb	placeholder	https://proxy.archieven.nl/thumb/235/58CA2D0E4A0B451290484DA7C13A6797
25095396CDB84409BCACFADC01A73E82	25095396CDB84409BCACFADC01A73E82	thumb	placeholder	https://proxy.archieven.nl/thumb/235/25095396CDB84409BCACFADC01A73E82
1447159D8B08410CB6D147215CF6DFD7	1447159D8B08410CB6D147215CF6DFD7	thumb	placeholder	https://proxy.archieven.nl/thumb/235/1447159D8B08410CB6D147215CF6DFD7
5B2C7DA36832473AA7E00AB3E6DF2555	5B2C7DA36832473AA7E00AB3E6DF2555	thumb	placeholder	https://proxy.archieven.nl/thumb/235/5B2C7DA36832473AA7E00AB3E6DF2555
07FF4C0A051D44F8B5967DE314CEFDC8	07FF4C0A051D44F8B5967DE314CEFDC8	thumb	placeholder	https://proxy.archieven.nl/thumb/235/07FF4C0A051D44F8B5967DE314CEFDC8
789B978B50C142869C058BB39E9BA6DF	789B978B50C142869C058BB39E9BA6DF	thumb	placeholder	https://proxy.archieven.nl/thumb/235/789B978B50C142869C058BB39E9BA6DF
3259A7419AD441D3AE8E30FF7C3CD87F	3259A7419AD441D3AE8E30FF7C3CD87F	thumb	placeholder	https://proxy.archieven.nl/thumb/235/3259A7419AD441D3AE8E30FF7C3CD87F
237EB478009343528B167996F7DA9DF0	237EB478009343528B167996F7DA9DF0	thumb	placeholder	https://proxy.archieven.nl/thumb/235/237EB478009343528B167996F7DA9DF0
C4244585C76B44CCB6E2FF874E58904E	C4244585C76B44CCB6E2FF874E58904E	thumb	placeholder	https://proxy.archieven.nl/thumb/235/C4244585C76B44CCB6E2FF874E58904E
2A3F916D0B1348CD8088F34979B24B15	2A3F916D0B1348CD8088F34979B24B15	thumb	placeholder	https://proxy.archieven.nl/thumb/235/2A3F916D0B1348CD8088F34979B24B15
0C5DC7BC6CFF49D0A22A260C6ACDCD1F	0C5DC7BC6CFF49D0A22A260C6ACDCD1F	thumb	placeholder	https://proxy.archieven.nl/thumb/235/0C5DC7BC6CFF49D0A22A260C6ACDCD1F
D98D774E691C454DBCD29C07839E1851	D98D774E691C454DBCD29C07839E1851	thumb	placeholder	https://proxy.archieven.nl/thumb/235/D98D774E691C454DBCD29C07839E1851
1E19B8500E6A4F2E84A9E513B10BA619	1E19B8500E6A4F2E84A9E513B10BA619	thumb	placeholder	https://proxy.archieven.nl/thumb/235/1E19B8500E6A4F2E84A9E513B10BA619
08D09264AB724DED91E144C6F43BC2EA	08D09264AB724DED91E144C6F43BC2EA	thumb	placeholder	https://proxy.archieven.nl/thumb/235/08D09264AB724DED91E144C6F43BC2EA
8B62F0AB266C41979BFB858692EEF8CD	8B62F0AB266C41979BFB858692EEF8CD	thumb	placeholder	https://proxy.archieven.nl/thumb/235/8B62F0AB266C41979BFB858692EEF8CD
BAE188ED1A0149C2B95F84CA3D3F8336	BAE188ED1A0149C2B95F84CA3D3F8336	thumb	placeholder	https://proxy.archieven.nl/thumb/235/BAE188ED1A0149C2B95F84CA3D3F8336
AB3193102A0D49848B03DB73A71ABA0E	AB3193102A0D49848B03DB73A71ABA0E	thumb	placeholder	https://proxy.archieven.nl/thumb/235/AB3193102A0D49848B03DB73A71ABA0E
DFD6539278714458B07A70C676D3F663	DFD6539278714458B07A70C676D3F663	thumb	placeholder	https://proxy.archieven.nl/thumb/235/DFD6539278714458B07A70C676D3F663
679FBDDD4F4F4AD8A53A7526E6D89A56	679FBDDD4F4F4AD8A53A7526E6D89A56	thumb	placeholder	https://proxy.archieven.nl/thumb/235/679FBDDD4F4F4AD8A53A7526E6D89A56
5A4A86F1FF05404C89B8D41C39900717	5A4A86F1FF05404C89B8D41C39900717	thumb	placeholder	https://proxy.archieven.nl/thumb/235/5A4A86F1FF05404C89B8D41C39900717
ABE8497006504D729FFBC47133ED8122	ABE8497006504D729FFBC47133ED8122	thumb	placeholder	https://proxy.archieven.nl/thumb/235/ABE8497006504D729FFBC47133ED8122
9EAE0C1AD7184685A8BCEE759AE25298	9EAE0C1AD7184685A8BCEE759AE25298	thumb	placeholder	https://proxy.archieven.nl/thumb/235/9EAE0C1AD7184685A8BCEE759AE25298
B6B063E815CC49168E9245AF50085C7A	B6B063E815CC49168E9245AF50085C7A	thumb	placeholder	https://proxy.archieven.nl/thumb/235/B6B063E815CC49168E9245AF50085C7A
93BB29F0E2C3418BABBEB8E5D9E5F15B	93BB29F0E2C3418BABBEB8E5D9E5F15B	thumb	placeholder	https://proxy.archieven.nl/thumb/235/93BB29F0E2C3418BABBEB8E5D9E5F15B
7C56F7FF197747D1BB78B833B94F67FC	7C56F7FF197747D1BB78B833B94F67FC	thumb	placeholder	https://proxy.archieven.nl/thumb/235/7C56F7FF197747D1BB78B833B94F67FC
E87BCCC5D2EA47D7A7BD630571219DF5	E87BCCC5D2EA47D7A7BD630571219DF5	thumb	placeholder	https://proxy.archieven.nl/thumb/235/E87BCCC5D2EA47D7A7BD630571219DF5
356CE1A3A7AC43A4866DF29E53CA0A4E	356CE1A3A7AC43A4866DF29E53CA0A4E	thumb	placeholder	https://proxy.archieven.nl/thumb/235/356CE1A3A7AC43A4866DF29E53CA0A4E
66F31314EAC34A38A09B46C6DC660B59	66F31314EAC34A38A09B46C6DC660B59	thumb	placeholder	https://proxy.archieven.nl/thumb/235/66F31314EAC34A38A09B46C6DC660B59
6018204412E446FF9C1EBEBD687D89CB	6018204412E446FF9C1EBEBD687D89CB	thumb	placeholder	https://proxy.archieven.nl/thumb/235/6018204412E446FF9C1EBEBD687D89CB
10482A731400447097F162AFBB4C6484	10482A731400447097F162AFBB4C6484	thumb	placeholder	https://proxy.archieven.nl/thumb/235/10482A731400447097F162AFBB4C6484
8F55554D03024662A60B8F3E10F03649	8F55554D03024662A60B8F3E10F03649	thumb	placeholder	https://proxy.archieven.nl/thumb/235/8F55554D03024662A60B8F3E10F03649
D03ABC1659684C088C970368C3F80933	D03ABC1659684C088C970368C3F80933	thumb	placeholder	https://proxy.archieven.nl/thumb/235/D03ABC1659684C088C970368C3F80933
F25D79B382C84420ABCF4205E7F80056	F25D79B382C84420ABCF4205E7F80056	thumb	placeholder	https://proxy.archieven.nl/thumb/235/F25D79B382C84420ABCF4205E7F80056
15D2FA14FAD645E7B6768E3ABA47A6E1	15D2FA14FAD645E7B6768E3ABA47A6E1	thumb	placeholder	https://proxy.archieven.nl/thumb/235/15D2FA14FAD645E7B6768E3ABA47A6E1
3F43EF7425FA4ED7BC11E19276F28EDF	3F43EF7425FA4ED7BC11E19276F28EDF	thumb	placeholder	https://proxy.archieven.nl/thumb/235/3F43EF7425FA4ED7BC11E19276F28EDF
9878C6DA8B784A8C879EB0073F6DE156	9878C6DA8B784A8C879EB0073F6DE156	thumb	placeholder	https://proxy.archieven.nl/thumb/235/9878C6DA8B784A8C879EB0073F6DE156
211ADF2570B9484BBB1E5FEA5D57D093	211ADF2570B9484BBB1E5FEA5D57D093	thumb	placeholder	https://proxy.archieven.nl/thumb/235/211ADF2570B9484BBB1E5FEA5D57D093
DBCBF2FCF88B49F899CF8EECF49EDB40	DBCBF2FCF88B49F899CF8EECF49EDB40	thumb	placeholder	https://proxy.archieven.nl/thumb/235/DBCBF2FCF88B49F899CF8EECF49EDB40
BE2EB57041774ED183D9B9965D621F2E	BE2EB57041774ED183D9B9965D621F2E	thumb	placeholder	https://proxy.archieven.nl/thumb/235/BE2EB57041774ED183D9B9965D621F2E
5F21BE0F9EAB414F80831CC984DB0B37	5F21BE0F9EAB414F80831CC984DB0B37	thumb	placeholder	https://proxy.archieven.nl/thumb/235/5F21BE0F9EAB414F80831CC984DB0B37
AC8477F4AA454CD8B581C8B73E6C5B8F	AC8477F4AA454CD8B581C8B73E6C5B8F	thumb	placeholder	https://proxy.archieven.nl/thumb/235/AC8477F4AA454CD8B581C8B73E6C5B8F
3744BBC5001A4EE0A5676103D5BDC4BB	3744BBC5001A4EE0A5676103D5BDC4BB	thumb	placeholder	https://proxy.archieven.nl/thumb/235/3744BBC5001A4EE0A5676103D5BDC4BB
11AC1806DF504EEA8F263C243AACF383	11AC1806DF504EEA8F263C243AACF383	thumb	placeholder	https://proxy.archieven.nl/thumb/235/11AC1806DF504EEA8F263C243AACF383
1CF59C4B8B0143A9A267FDA3D60216F6	1CF59C4B8B0143A9A267FDA3D60216F6	thumb	placeholder	https://proxy.archieven.nl/thumb/235/1CF59C4B8B0143A9A267FDA3D60216F6
61F3B15C7143452FB6DFB08260C7B7B2	61F3B15C7143452FB6DFB08260C7B7B2	thumb	placeholder	https://proxy.archieven.nl/thumb/235/61F3B15C7143452FB6DFB08260C7B7B2
B6874C7DCE4E43828047887602CD502A	B6874C7DCE4E43828047887602CD502A	thumb	placeholder	https://proxy.archieven.nl/thumb/235/B6874C7DCE4E43828047887602CD502A
94BA8EC3CB1543E18DCC33B7C7D99BEA	94BA8EC3CB1543E18DCC33B7C7D99BEA	thumb	placeholder	https://proxy.archieven.nl/thumb/235/94BA8EC3CB1543E18DCC33B7C7D99BEA
F0B952B1EC6A475F82D273FE16611688	F0B952B1EC6A475F82D273FE16611688	thumb	placeholder	https://proxy.archieven.nl/thumb/235/F0B952B1EC6A475F82D273FE16611688
6C36BFFA6A8442D08D9959E53DD571E2	6C36BFFA6A8442D08D9959E53DD571E2	thumb	placeholder	https://proxy.archieven.nl/thumb/235/6C36BFFA6A8442D08D9959E53DD571E2
C515C9EFA28744CDA054902CE35D38C7	C515C9EFA28744CDA054902CE35D38C7	thumb	placeholder	https://proxy.archieven.nl/thumb/235/C515C9EFA28744CDA054902CE35D38C7
611C2DD05AAB49D089DA1BB62F6364AA	611C2DD05AAB49D089DA1BB62F6364AA	thumb	placeholder	https://proxy.archieven.nl/thumb/235/611C2DD05AAB49D089DA1BB62F6364AA
9811B9AD7C604E54BF43E5F48B9E826A	9811B9AD7C604E54BF43E5F48B9E826A	thumb	placeholder	https://proxy.archieven.nl/thumb/235/9811B9AD7C604E54BF43E5F48B9E826A
0E318B603B084C56B30FCFBC994A2BDD	0E318B603B084C56B30FCFBC994A2BDD	thumb	placeholder	https://proxy.archieven.nl/thumb/235/0E318B603B084C56B30FCFBC994A2BDD
D8F4AFE51FAE40F298A2963228BD2701	D8F4AFE51FAE40F298A2963228BD2701	thumb	placeholder	https://proxy.archieven.nl/thumb/235/D8F4AFE51FAE40F298A2963228BD2701
9A2149F712DB4D6DAFF481BCAD5CA3FF	9A2149F712DB4D6DAFF481BCAD5CA3FF	thumb	placeholder	https://proxy.archieven.nl/thumb/235/9A2149F712DB4D6DAFF481BCAD5CA3FF
BCEF94465E8B4367932F1E8AB915AA18	BCEF94465E8B4367932F1E8AB915AA18	thumb	placeholder	https://proxy.archieven.nl/thumb/235/BCEF94465E8B4367932F1E8AB915AA18
8B47C784FFB1479682ADEC909F2D72D0	8B47C784FFB1479682ADEC909F2D72D0	thumb	placeholder	https://proxy.archieven.nl/thumb/235/8B47C784FFB1479682ADEC909F2D72D0
6A4E9EFAA0C0467F9D4C8164A228C491	6A4E9EFAA0C0467F9D4C8164A228C491	thumb	placeholder	https://proxy.archieven.nl/thumb/235/6A4E9EFAA0C0467F9D4C8164A228C491
5C6BDD24522E4CA1A5BF34983EE32E4A	5C6BDD24522E4CA1A5BF34983EE32E4A	thumb	placeholder	https://proxy.archieven.nl/thumb/235/5C6BDD24522E4CA1A5BF34983EE32E4A
C4479A93B6BC4E5B9F69748353D2224B	C4479A93B6BC4E5B9F69748353D2224B	thumb	placeholder	https://proxy.archieven.nl/thumb/235/C4479A93B6BC4E5B9F69748353D2224B
F4BADC4CA725403FB80D3E3395DCAC23	F4BADC4CA725403FB80D3E3395DCAC23	thumb	placeholder	https://proxy.archieven.nl/thumb/235/F4BADC4CA725403FB80D3E3395DCAC23
A8F2530666F34596B7A001CA45888BD8	A8F2530666F34596B7A001CA45888BD8	thumb	placeholder	https://proxy.archieven.nl/thumb/235/A8F2530666F34596B7A001CA45888BD8
7985DB31E978463DB0FB5F198FF224C2	7985DB31E978463DB0FB5F198FF224C2	thumb	placeholder	https://proxy.archieven.nl/thumb/235/7985DB31E978463DB0FB5F198FF224C2
A726860466CA47F39D1D115B72E4AD63	A726860466CA47F39D1D115B72E4AD63	thumb	placeholder	https://proxy.archieven.nl/thumb/235/A726860466CA47F39D1D115B72E4AD63
4AE0743D85C3421E9ECD68405AFE60FA	4AE0743D85C3421E9ECD68405AFE60FA	thumb	placeholder	https://proxy.archieven.nl/thumb/235/4AE0743D85C3421E9ECD68405AFE60FA
DA05A476743A4770A4E7B1B72BF241CA	DA05A476743A4770A4E7B1B72BF241CA	thumb	placeholder	https://proxy.archieven.nl/thumb/235/DA05A476743A4770A4E7B1B72BF241CA
67A1E5C92CBA4B678665525AC20EE8D1	67A1E5C92CBA4B678665525AC20EE8D1	thumb	placeholder	https://proxy.archieven.nl/thumb/235/67A1E5C92CBA4B678665525AC20EE8D1
766E75B5660D40348C2201CE91028987	766E75B5660D40348C2201CE91028987	thumb	placeholder	https://proxy.archieven.nl/thumb/235/766E75B5660D40348C2201CE91028987
AB30FD80E8A741D3A6755A70F53F052C	AB30FD80E8A741D3A6755A70F53F052C	thumb	placeholder	https://proxy.archieven.nl/thumb/235/AB30FD80E8A741D3A6755A70F53F052C
C0EB577C776E43DABE420E82F2A237F8	C0EB577C776E43DABE420E82F2A237F8	thumb	placeholder	https://proxy.archieven.nl/thumb/235/C0EB577C776E43DABE420E82F2A237F8
05934F8ACDB54CFB97BE4AEF059349AA	05934F8ACDB54CFB97BE4AEF059349AA	thumb	placeholder	https://proxy.archieven.nl/thumb/235/05934F8ACDB54CFB97BE4AEF059349AA
B6BF84D405A44EDF9EA4ECCACCC90A0E	B6BF84D405A44EDF9EA4ECCACCC90A0E	thumb	placeholder	https://proxy.archieven.nl/thumb/235/B6BF84D405A44EDF9EA4ECCACCC90A0E
FDD2F1DC1F2A46829D52920A58878EBC	FDD2F1DC1F2A46829D52920A58878EBC	thumb	placeholder	https://proxy.archieven.nl/thumb/235/FDD2F1DC1F2A46829D52920A58878EBC
F2ED118943CF44C49858F016372A4D94	F2ED118943CF44C49858F016372A4D94	thumb	placeholder	https://proxy.archieven.nl/thumb/235/F2ED118943CF44C49858F016372A4D94
84C47A27C3174EC7A39D4B9BB4B9EFCC	84C47A27C3174EC7A39D4B9BB4B9EFCC	thumb	placeholder	https://proxy.archieven.nl/thumb/235/84C47A27C3174EC7A39D4B9BB4B9EFCC
BA62F406B32F45989A31F0BBADB6B5B6	BA62F406B32F45989A31F0BBADB6B5B6	thumb	placeholder	https://proxy.archieven.nl/thumb/235/BA62F406B32F45989A31F0BBADB6B5B6
175E17EBA9794E338B3643EBC019E5AD	175E17EBA9794E338B3643EBC019E5AD	thumb	placeholder	https://proxy.archieven.nl/thumb/235/175E17EBA9794E338B3643EBC019E5AD
0A4B99286848402F8232EC8F80A4A29A	0A4B99286848402F8232EC8F80A4A29A	thumb	placeholder	https://proxy.archieven.nl/thumb/235/0A4B99286848402F8232EC8F80A4A29A
B504B96EBBE245268882C7162DC86F42	B504B96EBBE245268882C7162DC86F42	thumb	placeholder	https://proxy.archieven.nl/thumb/235/B504B96EBBE245268882C7162DC86F42
847578038EE545ED90B3119658EE6004	847578038EE545ED90B3119658EE6004	thumb	placeholder	https://proxy.archieven.nl/thumb/235/847578038EE545ED90B3119658EE6004
70A81E99E8F84FC79C428E1D128B1A59	70A81E99E8F84FC79C428E1D128B1A59	thumb	placeholder	https://proxy.archieven.nl/thumb/235/70A81E99E8F84FC79C428E1D128B1A59
8582A53990634859B7AE4D7963EFA4B5	8582A53990634859B7AE4D7963EFA4B5	thumb	placeholder	https://proxy.archieven.nl/thumb/235/8582A53990634859B7AE4D7963EFA4B5
B7BAEEE39CC64321BD502B8969BECF26	B7BAEEE39CC64321BD502B8969BECF26	thumb	placeholder	https://proxy.archieven.nl/thumb/235/B7BAEEE39CC64321BD502B8969BECF26
6485BC02F5114DEE8B41B152221E546F	6485BC02F5114DEE8B41B152221E546F	thumb	placeholder	https://proxy.archieven.nl/thumb/235/6485BC02F5114DEE8B41B152221E546F
BB96DE92A557488CBB3676A00A816375	BB96DE92A557488CBB3676A00A816375	thumb	placeholder	https://proxy.archieven.nl/thumb/235/BB96DE92A557488CBB3676A00A816375
2969CA9D158C4ED7A53A6F4C4459E427	2969CA9D158C4ED7A53A6F4C4459E427	thumb	placeholder	https://proxy.archieven.nl/thumb/235/2969CA9D158C4ED7A53A6F4C4459E427
BEB2414C908C456DA24BA283B48616EE	BEB2414C908C456DA24BA283B48616EE	thumb	placeholder	https://proxy.archieven.nl/thumb/235/BEB2414C908C456DA24BA283B48616EE
3C7C41510F6842ACA4DEE914F5599DF7	3C7C41510F6842ACA4DEE914F5599DF7	thumb	placeholder	https://proxy.archieven.nl/thumb/235/3C7C41510F6842ACA4DEE914F5599DF7
9FABC27F41A84A85A9E3CDAECC64A2DC	9FABC27F41A84A85A9E3CDAECC64A2DC	thumb	placeholder	https://proxy.archieven.nl/thumb/235/9FABC27F41A84A85A9E3CDAECC64A2DC
DF22688CB8144C05A1248050E717E4C3	DF22688CB8144C05A1248050E717E4C3	thumb	placeholder	https://proxy.archieven.nl/thumb/235/DF22688CB8144C05A1248050E717E4C3
60B16F36103C4CF2842E833D2C6C57B3	60B16F36103C4CF2842E833D2C6C57B3	thumb	placeholder	https://proxy.archieven.nl/thumb/235/60B16F36103C4CF2842E833D2C6C57B3
CACB7A2171D643F59442C8830D89B4F4	CACB7A2171D643F59442C8830D89B4F4	thumb	placeholder	https://proxy.archieven.nl/thumb/235/CACB7A2171D643F59442C8830D89B4F4
6F7B94C4F0D64C9B91892810BD533733	6F7B94C4F0D64C9B91892810BD533733	thumb	placeholder	https://proxy.archieven.nl/thumb/235/6F7B94C4F0D64C9B91892810BD533733
5BA838DC8AD2464581DFF6E0D377CEF9	5BA838DC8AD2464581DFF6E0D377CEF9	thumb	placeholder	https://proxy.archieven.nl/thumb/235/5BA838DC8AD2464581DFF6E0D377CEF9
3469D32744F24651B44E1A1E885037FD	3469D32744F24651B44E1A1E885037FD	thumb	placeholder	https://proxy.archieven.nl/thumb/235/3469D32744F24651B44E1A1E885037FD
C32BF5016C1D4DF4A2558A24AD1ADFF9	C32BF5016C1D4DF4A2558A24AD1ADFF9	thumb	placeholder	https://proxy.archieven.nl/thumb/235/C32BF5016C1D4DF4A2558A24AD1ADFF9
9C223FB19ED048CF908758B43BA4A474	9C223FB19ED048CF908758B43BA4A474	thumb	placeholder	https://proxy.archieven.nl/thumb/235/9C223FB19ED048CF908758B43BA4A474
903F0D82E227434B8969D3FB98BB852F	903F0D82E227434B8969D3FB98BB852F	thumb	placeholder	https://proxy.archieven.nl/thumb/235/903F0D82E227434B8969D3FB98BB852F
7B96035D75E345F89EE7A94C1D9A6ADD	7B96035D75E345F89EE7A94C1D9A6ADD	thumb	placeholder	https://proxy.archieven.nl/thumb/235/7B96035D75E345F89EE7A94C1D9A6ADD
446CEC0B8DC14E748FB540EB79873E5F	446CEC0B8DC14E748FB540EB79873E5F	thumb	placeholder	https://proxy.archieven.nl/thumb/235/446CEC0B8DC14E748FB540EB79873E5F
CCE574E35662474BAC31EC03F9B90F25	CCE574E35662474BAC31EC03F9B90F25	thumb	placeholder	https://proxy.archieven.nl/thumb/235/CCE574E35662474BAC31EC03F9B90F25
FC505C5186724B3781A7698B2FCD4935	FC505C5186724B3781A7698B2FCD4935	thumb	placeholder	https://proxy.archieven.nl/thumb/235/FC505C5186724B3781A7698B2FCD4935
266DB8C218FC492EBCC546FBDAEBD57D	266DB8C218FC492EBCC546FBDAEBD57D	thumb	placeholder	https://proxy.archieven.nl/thumb/235/266DB8C218FC492EBCC546FBDAEBD57D
9F9840732FE14B8F976B26C6BC12005E	9F9840732FE14B8F976B26C6BC12005E	thumb	placeholder	https://proxy.archieven.nl/thumb/235/9F9840732FE14B8F976B26C6BC12005E
23DF1B011FBA41929268B7E32A4702BF	23DF1B011FBA41929268B7E32A4702BF	thumb	placeholder	https://proxy.archieven.nl/thumb/235/23DF1B011FBA41929268B7E32A4702BF
2DE106DC3F3E4C139D823D3C42146EC6	2DE106DC3F3E4C139D823D3C42146EC6	thumb	placeholder	https://proxy.archieven.nl/thumb/235/2DE106DC3F3E4C139D823D3C42146EC6
5557BBA8597C415692B242E03577F8AA	5557BBA8597C415692B242E03577F8AA	thumb	placeholder	https://proxy.archieven.nl/thumb/235/5557BBA8597C415692B242E03577F8AA
F6334F92224645C68BB43FE30DC25706	F6334F92224645C68BB43FE30DC25706	thumb	placeholder	https://proxy.archieven.nl/thumb/235/F6334F92224645C68BB43FE30DC25706
9F28F7DB070742F9A09475368A62641B	9F28F7DB070742F9A09475368A62641B	thumb	placeholder	https://proxy.archieven.nl/thumb/235/9F28F7DB070742F9A09475368A62641B
C4BFA139FC9E41F48A490CF6E42C3819	C4BFA139FC9E41F48A490CF6E42C3819	thumb	placeholder	https://proxy.archieven.nl/thumb/235/C4BFA139FC9E41F48A490CF6E42C3819
E016360D2E85440099CD765DA3D0F0F0	E016360D2E85440099CD765DA3D0F0F0	thumb	placeholder	https://proxy.archieven.nl/thumb/235/E016360D2E85440099CD765DA3D0F0F0
8C5C2B4373FC4EA087D2BFD4790B0F08	8C5C2B4373FC4EA087D2BFD4790B0F08	thumb	placeholder	https://proxy.archieven.nl/thumb/235/8C5C2B4373FC4EA087D2BFD4790B0F08
BA5F6B05CE2143938F3F1834623917E4	BA5F6B05CE2143938F3F1834623917E4	thumb	placeholder	https://proxy.archieven.nl/thumb/235/BA5F6B05CE2143938F3F1834623917E4
5110EEF60EAF4EF186D645AA7C0DB45A	5110EEF60EAF4EF186D645AA7C0DB45A	thumb	placeholder	https://proxy.archieven.nl/thumb/235/5110EEF60EAF4EF186D645AA7C0DB45A
C6784E2907D14F48AED3AF2D947AFFB2	C6784E2907D14F48AED3AF2D947AFFB2	thumb	placeholder	https://proxy.archieven.nl/thumb/235/C6784E2907D14F48AED3AF2D947AFFB2
0EF4E2FB480F434183A79B3AC8281FA4	0EF4E2FB480F434183A79B3AC8281FA4	thumb	placeholder	https://proxy.archieven.nl/thumb/235/0EF4E2FB480F434183A79B3AC8281FA4
704AA6E8B7864EA58642E7984F39D660	704AA6E8B7864EA58642E7984F39D660	thumb	placeholder	https://proxy.archieven.nl/thumb/235/704AA6E8B7864EA58642E7984F39D660
47107FF6BE52454D8D845BC70D152588	47107FF6BE52454D8D845BC70D152588	thumb	placeholder	https://proxy.archieven.nl/thumb/235/47107FF6BE52454D8D845BC70D152588
623AB099C85044C1AF63736ADA91A1FF	623AB099C85044C1AF63736ADA91A1FF	thumb	placeholder	https://proxy.archieven.nl/thumb/235/623AB099C85044C1AF63736ADA91A1FF
551C27DB3A484D7EBC5B553550B7616B	551C27DB3A484D7EBC5B553550B7616B	thumb	placeholder	https://proxy.archieven.nl/thumb/235/551C27DB3A484D7EBC5B553550B7616B
9E79631E08334AB0A533DF9AE018A695	9E79631E08334AB0A533DF9AE018A695	thumb	placeholder	https://proxy.archieven.nl/thumb/235/9E79631E08334AB0A533DF9AE018A695
5F65EE8AB7DA4C9683AEF07C0C40F6B2	5F65EE8AB7DA4C9683AEF07C0C40F6B2	thumb	placeholder	https://proxy.archieven.nl/thumb/235/5F65EE8AB7DA4C9683AEF07C0C40F6B2
4D67EDB7FA6A4CB3ABA286B680DBB0AB	4D67EDB7FA6A4CB3ABA286B680DBB0AB	thumb	placeholder	https://proxy.archieven.nl/thumb/235/4D67EDB7FA6A4CB3ABA286B680DBB0AB
3073E956A4D4424A95624426C6BFA050	3073E956A4D4424A95624426C6BFA050	thumb	placeholder	https://proxy.archieven.nl/thumb/235/3073E956A4D4424A95624426C6BFA050
55C79A5581C84C65BB611B55F727F1C0	55C79A5581C84C65BB611B55F727F1C0	thumb	placeholder	https://proxy.archieven.nl/thumb/235/55C79A5581C84C65BB611B55F727F1C0
5DC8562DF6904D23A7084256220835A8	5DC8562DF6904D23A7084256220835A8	thumb	placeholder	https://proxy.archieven.nl/thumb/235/5DC8562DF6904D23A7084256220835A8
A15E3EAF0A334EC08C57D316505BE3A8	A15E3EAF0A334EC08C57D316505BE3A8	thumb	placeholder	https://proxy.archieven.nl/thumb/235/A15E3EAF0A334EC08C57D316505BE3A8
A5110A053A7F4AEFA441DE4925A96A2B	A5110A053A7F4AEFA441DE4925A96A2B	thumb	placeholder	https://proxy.archieven.nl/thumb/235/A5110A053A7F4AEFA441DE4925A96A2B
C77076B745184D23837E6FE46E2631B3	C77076B745184D23837E6FE46E2631B3	thumb	placeholder	https://proxy.archieven.nl/thumb/235/C77076B745184D23837E6FE46E2631B3
C6C685E303694B18B1089E9FCB5F0BF6	C6C685E303694B18B1089E9FCB5F0BF6	thumb	placeholder	https://proxy.archieven.nl/thumb/235/C6C685E303694B18B1089E9FCB5F0BF6
6B327DC610454A5DBB4A3ADD0D9BE382	6B327DC610454A5DBB4A3ADD0D9BE382	thumb	placeholder	https://proxy.archieven.nl/thumb/235/6B327DC610454A5DBB4A3ADD0D9BE382
D94DDAB3F3A14172A58948AF2D6C2E51	D94DDAB3F3A14172A58948AF2D6C2E51	thumb	placeholder	https://proxy.archieven.nl/thumb/235/D94DDAB3F3A14172A58948AF2D6C2E51
8A2DBFDC7D0143258190C62F2631F2D5	8A2DBFDC7D0143258190C62F2631F2D5	thumb	placeholder	https://proxy.archieven.nl/thumb/235/8A2DBFDC7D0143258190C62F2631F2D5
59772E508FA64302B883A78CB54339FC	59772E508FA64302B883A78CB54339FC	thumb	placeholder	https://proxy.archieven.nl/thumb/235/59772E508FA64302B883A78CB54339FC
94123483B4DA4B89A2157F0E9BC66B54	94123483B4DA4B89A2157F0E9BC66B54	thumb	placeholder	https://proxy.archieven.nl/thumb/235/94123483B4DA4B89A2157F0E9BC66B54
74A2D049EE6C401D837729576EE82A33	74A2D049EE6C401D837729576EE82A33	thumb	placeholder	https://proxy.archieven.nl/thumb/235/74A2D049EE6C401D837729576EE82A33
DF593D23B3494FD09287D6F4D01208C0	DF593D23B3494FD09287D6F4D01208C0	thumb	placeholder	https://proxy.archieven.nl/thumb/235/DF593D23B3494FD09287D6F4D01208C0
052EDAD920804A0DBF52BD85BDBECCBE	052EDAD920804A0DBF52BD85BDBECCBE	thumb	placeholder	https://proxy.archieven.nl/thumb/235/052EDAD920804A0DBF52BD85BDBECCBE
D6339DDABE384F97A42692DD3F423743	D6339DDABE384F97A42692DD3F423743	thumb	placeholder	https://proxy.archieven.nl/thumb/235/D6339DDABE384F97A42692DD3F423743
50F6657FA2C9404D9D7D725A5E734C05	50F6657FA2C9404D9D7D725A5E734C05	thumb	placeholder	https://proxy.archieven.nl/thumb/235/50F6657FA2C9404D9D7D725A5E734C05
252A1BCFEB434CE6BF777D5E4EDF242F	252A1BCFEB434CE6BF777D5E4EDF242F	thumb	placeholder	https://proxy.archieven.nl/thumb/235/252A1BCFEB434CE6BF777D5E4EDF242F
2AF0EFD3C8FA446FB0E001EFCEA2EDA8	2AF0EFD3C8FA446FB0E001EFCEA2EDA8	thumb	placeholder	https://proxy.archieven.nl/thumb/235/2AF0EFD3C8FA446FB0E001EFCEA2EDA8
4E1B491491F74A0CB58334EE1DAA7609	4E1B491491F74A0CB58334EE1DAA7609	thumb	placeholder	https://proxy.archieven.nl/thumb/235/4E1B491491F74A0CB58334EE1DAA7609
FD6F3324059D495C841A261883394A64	FD6F3324059D495C841A261883394A64	thumb	placeholder	https://proxy.archieven.nl/thumb/235/FD6F3324059D495C841A261883394A64
587E5E7D5E9E45B79C234074AA0C7B18	587E5E7D5E9E45B79C234074AA0C7B18	thumb	placeholder	https://proxy.archieven.nl/thumb/235/587E5E7D5E9E45B79C234074AA0C7B18
763DA8FB7BF5457F8E766568DF05D531	763DA8FB7BF5457F8E766568DF05D531	thumb	placeholder	https://proxy.archieven.nl/thumb/235/763DA8FB7BF5457F8E766568DF05D531
C44FBC89AA924944833E2700B6CE81C1	C44FBC89AA924944833E2700B6CE81C1	thumb	placeholder	https://proxy.archieven.nl/thumb/235/C44FBC89AA924944833E2700B6CE81C1
C5EE3D70A76649C2A7A96BAB83659C9C	C5EE3D70A76649C2A7A96BAB83659C9C	thumb	placeholder	https://proxy.archieven.nl/thumb/235/C5EE3D70A76649C2A7A96BAB83659C9C
72111E4DB7C140F4B099424C6992EC57	72111E4DB7C140F4B099424C6992EC57	thumb	placeholder	https://proxy.archieven.nl/thumb/235/72111E4DB7C140F4B099424C6992EC57
94B93C075861444AA38274AC9FCBAACB	94B93C075861444AA38274AC9FCBAACB	thumb	placeholder	https://proxy.archieven.nl/thumb/235/94B93C075861444AA38274AC9FCBAACB
3332DCA9FABF4499BC9179F49518DDF5	3332DCA9FABF4499BC9179F49518DDF5	thumb	placeholder	https://proxy.archieven.nl/thumb/235/3332DCA9FABF4499BC9179F49518DDF5
63AA2C5B16074F0E8C3ECD43107DF754	63AA2C5B16074F0E8C3ECD43107DF754	thumb	placeholder	https://proxy.archieven.nl/thumb/235/63AA2C5B16074F0E8C3ECD43107DF754
883EA456F779492FA332481122A0544D	883EA456F779492FA332481122A0544D	thumb	placeholder	https://proxy.archieven.nl/thumb/235/883EA456F779492FA332481122A0544D
CF9F7A9F924642D388B6D8BC22258395	CF9F7A9F924642D388B6D8BC22258395	thumb	placeholder	https://proxy.archieven.nl/thumb/235/CF9F7A9F924642D388B6D8BC22258395
CB76ED82DBF44E44B0AAA6D5FC69D262	CB76ED82DBF44E44B0AAA6D5FC69D262	thumb	placeholder	https://proxy.archieven.nl/thumb/235/CB76ED82DBF44E44B0AAA6D5FC69D262
8E30535A4E5E4D3F870C01549A929F7A	8E30535A4E5E4D3F870C01549A929F7A	thumb	placeholder	https://proxy.archieven.nl/thumb/235/8E30535A4E5E4D3F870C01549A929F7A
C4245764F3914A47BDF36B6E5BDCE3F9	C4245764F3914A47BDF36B6E5BDCE3F9	thumb	placeholder	https://proxy.archieven.nl/thumb/235/C4245764F3914A47BDF36B6E5BDCE3F9
D897D241BE714BD8BC0FFD67B8451F1F	D897D241BE714BD8BC0FFD67B8451F1F	thumb	placeholder	https://proxy.archieven.nl/thumb/235/D897D241BE714BD8BC0FFD67B8451F1F
C413EAE07BCF4699A54682570F1B2A52	C413EAE07BCF4699A54682570F1B2A52	thumb	placeholder	https://proxy.archieven.nl/thumb/235/C413EAE07BCF4699A54682570F1B2A52
9365502964624D92AA002691F48586FA	9365502964624D92AA002691F48586FA	thumb	placeholder	https://proxy.archieven.nl/thumb/235/9365502964624D92AA002691F48586FA
884F0B5814BF461FA75B23E470194073	884F0B5814BF461FA75B23E470194073	thumb	placeholder	https://proxy.archieven.nl/thumb/235/884F0B5814BF461FA75B23E470194073
1C13138E2A424232AF846CF6E3AFBC1B	1C13138E2A424232AF846CF6E3AFBC1B	thumb	placeholder	https://proxy.archieven.nl/thumb/235/1C13138E2A424232AF846CF6E3AFBC1B
8641C0C1371F422AB021154578513C25	8641C0C1371F422AB021154578513C25	thumb	placeholder	https://proxy.archieven.nl/thumb/235/8641C0C1371F422AB021154578513C25
D65F2BE0617C4E3B859AB690DD47FF68	D65F2BE0617C4E3B859AB690DD47FF68	thumb	placeholder	https://proxy.archieven.nl/thumb/235/D65F2BE0617C4E3B859AB690DD47FF68
2A1ED51155BB4236ABF810E850CDF244	2A1ED51155BB4236ABF810E850CDF244	thumb	placeholder	https://proxy.archieven.nl/thumb/235/2A1ED51155BB4236ABF810E850CDF244
A7A1EFAC338E4E55AEE6AB0723435578	A7A1EFAC338E4E55AEE6AB0723435578	thumb	placeholder	https://proxy.archieven.nl/thumb/235/A7A1EFAC338E4E55AEE6AB0723435578
54E6FBCA6F414A7088F6FD8709C032BA	54E6FBCA6F414A7088F6FD8709C032BA	thumb	placeholder	https://proxy.archieven.nl/thumb/235/54E6FBCA6F414A7088F6FD8709C032BA
E9FA8DE12F3F41D88DC9DF704853E7E2	E9FA8DE12F3F41D88DC9DF704853E7E2	thumb	placeholder	https://proxy.archieven.nl/thumb/235/E9FA8DE12F3F41D88DC9DF704853E7E2
C5DE4708961F4A3DB1C5A981E5B805DD	C5DE4708961F4A3DB1C5A981E5B805DD	thumb	placeholder	https://proxy.archieven.nl/thumb/235/C5DE4708961F4A3DB1C5A981E5B805DD
396ED9C79C344DFAB8B9C0B7C60BD46B	396ED9C79C344DFAB8B9C0B7C60BD46B	thumb	placeholder	https://proxy.archieven.nl/thumb/235/396ED9C79C344DFAB8B9C0B7C60BD46B
78C2F5CD370E4E238AD74C705ADD4DA4	78C2F5CD370E4E238AD74C705ADD4DA4	thumb	placeholder	https://proxy.archieven.nl/thumb/235/78C2F5CD370E4E238AD74C705ADD4DA4
3B2C2C93EF75436EA76407BBDD038011	3B2C2C93EF75436EA76407BBDD038011	thumb	placeholder	https://proxy.archieven.nl/thumb/235/3B2C2C93EF75436EA76407BBDD038011
A2E257DDEFE044E5955E9768F6A3A94E	A2E257DDEFE044E5955E9768F6A3A94E	thumb	placeholder	https://proxy.archieven.nl/thumb/235/A2E257DDEFE044E5955E9768F6A3A94E
B0B3526026B44380863928E9FC03BB27	B0B3526026B44380863928E9FC03BB27	thumb	placeholder	https://proxy.archieven.nl/thumb/235/B0B3526026B44380863928E9FC03BB27
043024F5B50B471A88B04A8F76AD37DA	043024F5B50B471A88B04A8F76AD37DA	thumb	placeholder	https://proxy.archieven.nl/thumb/235/043024F5B50B471A88B04A8F76AD37DA
5697D9A5D55E446892CC48BD4D0E8D11	5697D9A5D55E446892CC48BD4D0E8D11	thumb	placeholder	https://proxy.archieven.nl/thumb/235/5697D9A5D55E446892CC48BD4D0E8D11
E44648C7ACE0434F86FC57C90C76C87C	E44648C7ACE0434F86FC57C90C76C87C	thumb	placeholder	https://proxy.archieven.nl/thumb/235/E44648C7ACE0434F86FC57C90C76C87C
A8A33F0AF9184FBA8280AD72B30A4F86	A8A33F0AF9184FBA8280AD72B30A4F86	thumb	placeholder	https://proxy.archieven.nl/thumb/235/A8A33F0AF9184FBA8280AD72B30A4F86
64629DCBCC6C4BF9BA97E88784C53A15	64629DCBCC6C4BF9BA97E88784C53A15	thumb	placeholder	https://proxy.archieven.nl/thumb/235/64629DCBCC6C4BF9BA97E88784C53A15
21A6609A4DE34B8296080BFDB89962FF	21A6609A4DE34B8296080BFDB89962FF	thumb	placeholder	https://proxy.archieven.nl/thumb/235/21A6609A4DE34B8296080BFDB89962FF
BD33CC4B6B2645398CE6F0D779637688	BD33CC4B6B2645398CE6F0D779637688	thumb	placeholder	https://proxy.archieven.nl/thumb/235/BD33CC4B6B2645398CE6F0D779637688
2A95C7EBD8544DAFA4C37C9F1F55EBB6	2A95C7EBD8544DAFA4C37C9F1F55EBB6	thumb	placeholder	https://proxy.archieven.nl/thumb/235/2A95C7EBD8544DAFA4C37C9F1F55EBB6
DC2BD276554D44D292FAF3FC2672FD5E	DC2BD276554D44D292FAF3FC2672FD5E	thumb	placeholder	https://proxy.archieven.nl/thumb/235/DC2BD276554D44D292FAF3FC2672FD5E
23290E9D8DE9416CA438D62E86ED70FD	23290E9D8DE9416CA438D62E86ED70FD	thumb	placeholder	https://proxy.archieven.nl/thumb/235/23290E9D8DE9416CA438D62E86ED70FD
4A599D9AF8A54E0F9424B274CFACEECA	4A599D9AF8A54E0F9424B274CFACEECA	thumb	placeholder	https://proxy.archieven.nl/thumb/235/4A599D9AF8A54E0F9424B274CFACEECA
382E691B9B97417FB5E6F55B6D877A7E	382E691B9B97417FB5E6F55B6D877A7E	thumb	placeholder	https://proxy.archieven.nl/thumb/235/382E691B9B97417FB5E6F55B6D877A7E
1B2A614C39E84985BDD87C4B540097F1	1B2A614C39E84985BDD87C4B540097F1	thumb	placeholder	https://proxy.archieven.nl/thumb/235/1B2A614C39E84985BDD87C4B540097F1
CE9CD86EADC4418391F7D8C99F4420F7	CE9CD86EADC4418391F7D8C99F4420F7	thumb	placeholder	https://proxy.archieven.nl/thumb/235/CE9CD86EADC4418391F7D8C99F4420F7
6E7E3C4CA3194A84A96B43B23DEB428C	6E7E3C4CA3194A84A96B43B23DEB428C	thumb	placeholder	https://proxy.archieven.nl/thumb/235/6E7E3C4CA3194A84A96B43B23DEB428C
4FAB940E429443BA93447B130319D4BA	4FAB940E429443BA93447B130319D4BA	thumb	placeholder	https://proxy.archieven.nl/thumb/235/4FAB940E429443BA93447B130319D4BA
C7D36DCF04CB4ADC81D9D3DCA60C1573	C7D36DCF04CB4ADC81D9D3DCA60C1573	thumb	placeholder	https://proxy.archieven.nl/thumb/235/C7D36DCF04CB4ADC81D9D3DCA60C1573
42237878FA0444F68AC7D8A31F8AC318	42237878FA0444F68AC7D8A31F8AC318	thumb	placeholder	https://proxy.archieven.nl/thumb/235/42237878FA0444F68AC7D8A31F8AC318
DCB5E5E956BA4FE7B9EFD119D89A5C31	DCB5E5E956BA4FE7B9EFD119D89A5C31	thumb	placeholder	https://proxy.archieven.nl/thumb/235/DCB5E5E956BA4FE7B9EFD119D89A5C31
447E4F521379437CB9C4413E24512845	447E4F521379437CB9C4413E24512845	thumb	placeholder	https://proxy.archieven.nl/thumb/235/447E4F521379437CB9C4413E24512845
73CCB6ADD0454FD2A5A926D4976AFFF6	73CCB6ADD0454FD2A5A926D4976AFFF6	thumb	placeholder	https://proxy.archieven.nl/thumb/235/73CCB6ADD0454FD2A5A926D4976AFFF6
E9C97172E87D4EBDA088AF9990E81EB3	E9C97172E87D4EBDA088AF9990E81EB3	thumb	placeholder	https://proxy.archieven.nl/thumb/235/E9C97172E87D4EBDA088AF9990E81EB3
7761A154CEAF4BC8B8A13F5D3FC02842	7761A154CEAF4BC8B8A13F5D3FC02842	thumb	placeholder	https://proxy.archieven.nl/thumb/235/7761A154CEAF4BC8B8A13F5D3FC02842
FB8D13FAB54E4A02B505BECDFF0B5101	FB8D13FAB54E4A02B505BECDFF0B5101	thumb	placeholder	https://proxy.archieven.nl/thumb/235/FB8D13FAB54E4A02B505BECDFF0B5101
6B954179B0644B4C845D4AEA2319F024	6B954179B0644B4C845D4AEA2319F024	thumb	placeholder	https://proxy.archieven.nl/thumb/235/6B954179B0644B4C845D4AEA2319F024
DC04B636917E4590AA2A6855C4D42BA4	DC04B636917E4590AA2A6855C4D42BA4	thumb	placeholder	https://proxy.archieven.nl/thumb/235/DC04B636917E4590AA2A6855C4D42BA4
AADD19EBBD1C47AB88173CC0225CA237	AADD19EBBD1C47AB88173CC0225CA237	thumb	placeholder	https://proxy.archieven.nl/thumb/235/AADD19EBBD1C47AB88173CC0225CA237
38B5348A407B4DF49A226E70C703C5AF	38B5348A407B4DF49A226E70C703C5AF	thumb	placeholder	https://proxy.archieven.nl/thumb/235/38B5348A407B4DF49A226E70C703C5AF
B43A3F8D74EC4C8C9041A7246450FDF3	B43A3F8D74EC4C8C9041A7246450FDF3	thumb	placeholder	https://proxy.archieven.nl/thumb/235/B43A3F8D74EC4C8C9041A7246450FDF3
E738C0ECA3084505BF51391D4A3E9F1C	E738C0ECA3084505BF51391D4A3E9F1C	thumb	placeholder	https://proxy.archieven.nl/thumb/235/E738C0ECA3084505BF51391D4A3E9F1C
180BEB6FC7294BA4880F8809453F5ED2	180BEB6FC7294BA4880F8809453F5ED2	thumb	placeholder	https://proxy.archieven.nl/thumb/235/180BEB6FC7294BA4880F8809453F5ED2
4D2D65DE3AB043D28297E7E473E61676	4D2D65DE3AB043D28297E7E473E61676	thumb	placeholder	https://proxy.archieven.nl/thumb/235/4D2D65DE3AB043D28297E7E473E61676
F9A16D1A6C9048FFA05A9F5FEC447B1B	F9A16D1A6C9048FFA05A9F5FEC447B1B	thumb	placeholder	https://proxy.archieven.nl/thumb/235/F9A16D1A6C9048FFA05A9F5FEC447B1B
5EACFD1C37FC41F2BF02206E09537AE4	5EACFD1C37FC41F2BF02206E09537AE4	thumb	placeholder	https://proxy.archieven.nl/thumb/235/5EACFD1C37FC41F2BF02206E09537AE4
9B21F6339CC743EEABD5EF97D7826544	9B21F6339CC743EEABD5EF97D7826544	thumb	placeholder	https://proxy.archieven.nl/thumb/235/9B21F6339CC743EEABD5EF97D7826544
4828BFE4921B401799C03F06C9CC9159	4828BFE4921B401799C03F06C9CC9159	thumb	placeholder	https://proxy.archieven.nl/thumb/235/4828BFE4921B401799C03F06C9CC9159
EC0471DB324A4654953541EAF5027CC6	EC0471DB324A4654953541EAF5027CC6	thumb	placeholder	https://proxy.archieven.nl/thumb/235/EC0471DB324A4654953541EAF5027CC6
7E8C23D16222483C985DA5B1AE8DA704	7E8C23D16222483C985DA5B1AE8DA704	thumb	placeholder	https://proxy.archieven.nl/thumb/235/7E8C23D16222483C985DA5B1AE8DA704
872AEBC96644475D8206C48403A1A50C	872AEBC96644475D8206C48403A1A50C	thumb	placeholder	https://proxy.archieven.nl/thumb/235/872AEBC96644475D8206C48403A1A50C
4B179BE1A2B94D6481A7AD0D667D9FE7	4B179BE1A2B94D6481A7AD0D667D9FE7	thumb	placeholder	https://proxy.archieven.nl/thumb/235/4B179BE1A2B94D6481A7AD0D667D9FE7
2FDD88D39FCB44D79C15AA6563F23D63	2FDD88D39FCB44D79C15AA6563F23D63	thumb	placeholder	https://proxy.archieven.nl/thumb/235/2FDD88D39FCB44D79C15AA6563F23D63
87EBAB4A21C643CBAE8697410DD19284	87EBAB4A21C643CBAE8697410DD19284	thumb	placeholder	https://proxy.archieven.nl/thumb/235/87EBAB4A21C643CBAE8697410DD19284
C461CA19994946359C8361133C3DA1DF	C461CA19994946359C8361133C3DA1DF	thumb	placeholder	https://proxy.archieven.nl/thumb/235/C461CA19994946359C8361133C3DA1DF
ADC6491550FC45B19EB9E194E7EE8B27	ADC6491550FC45B19EB9E194E7EE8B27	thumb	placeholder	https://proxy.archieven.nl/thumb/235/ADC6491550FC45B19EB9E194E7EE8B27
D3014D3C830A4A0897FC8D76AA6FD405	D3014D3C830A4A0897FC8D76AA6FD405	thumb	placeholder	https://proxy.archieven.nl/thumb/235/D3014D3C830A4A0897FC8D76AA6FD405
4F7DA3218AB74855818954B50A5319D1	4F7DA3218AB74855818954B50A5319D1	thumb	placeholder	https://proxy.archieven.nl/thumb/235/4F7DA3218AB74855818954B50A5319D1
27F899965E5949F08CEB89A4124F8A17	27F899965E5949F08CEB89A4124F8A17	thumb	placeholder	https://proxy.archieven.nl/thumb/235/27F899965E5949F08CEB89A4124F8A17
C2C3E4046E004D06B0043AE741B9C67A	C2C3E4046E004D06B0043AE741B9C67A	thumb	placeholder	https://proxy.archieven.nl/thumb/235/C2C3E4046E004D06B0043AE741B9C67A
691B8FB861D94129801BFBE601CC8D7F	691B8FB861D94129801BFBE601CC8D7F	thumb	placeholder	https://proxy.archieven.nl/thumb/235/691B8FB861D94129801BFBE601CC8D7F
936222BF847D4AEB8124930FEC9828C5	936222BF847D4AEB8124930FEC9828C5	thumb	placeholder	https://proxy.archieven.nl/thumb/235/936222BF847D4AEB8124930FEC9828C5
C3F37A19CF7E4E128E096F55AD462AB4	C3F37A19CF7E4E128E096F55AD462AB4	thumb	placeholder	https://proxy.archieven.nl/thumb/235/C3F37A19CF7E4E128E096F55AD462AB4
0589B59E32984F0DB0D32BB6FAABE293	0589B59E32984F0DB0D32BB6FAABE293	thumb	placeholder	https://proxy.archieven.nl/thumb/235/0589B59E32984F0DB0D32BB6FAABE293
08C6FB551D084A0EAF66411FC9EC2F1E	08C6FB551D084A0EAF66411FC9EC2F1E	thumb	placeholder	https://proxy.archieven.nl/thumb/235/08C6FB551D084A0EAF66411FC9EC2F1E
D79902885F7E412BB7CB3E5BDE28E472	D79902885F7E412BB7CB3E5BDE28E472	thumb	placeholder	https://proxy.archieven.nl/thumb/235/D79902885F7E412BB7CB3E5BDE28E472
43AF7580B238495EB5C3E8A28206531F	43AF7580B238495EB5C3E8A28206531F	thumb	placeholder	https://proxy.archieven.nl/thumb/235/43AF7580B238495EB5C3E8A28206531F
EB4BA8592D154E2EA8D055916FBDAB3D	EB4BA8592D154E2EA8D055916FBDAB3D	thumb	placeholder	https://proxy.archieven.nl/thumb/235/EB4BA8592D154E2EA8D055916FBDAB3D
0A0AFB0F1C984DDDAA84A73B82E87983	0A0AFB0F1C984DDDAA84A73B82E87983	thumb	placeholder	https://proxy.archieven.nl/thumb/235/0A0AFB0F1C984DDDAA84A73B82E87983
083037721AB74AB9A222303C11BEC239	083037721AB74AB9A222303C11BEC239	thumb	placeholder	https://proxy.archieven.nl/thumb/235/083037721AB74AB9A222303C11BEC239
18666BDC1246465DABADC74D8B949453	18666BDC1246465DABADC74D8B949453	thumb	placeholder	https://proxy.archieven.nl/thumb/235/18666BDC1246465DABADC74D8B949453
7FFB5843AA014B869C298F75123857C2	7FFB5843AA014B869C298F75123857C2	thumb	placeholder	https://proxy.archieven.nl/thumb/235/7FFB5843AA014B869C298F75123857C2
6714B28064D64E97B6435DF4E69BB467	6714B28064D64E97B6435DF4E69BB467	thumb	placeholder	https://proxy.archieven.nl/thumb/235/6714B28064D64E97B6435DF4E69BB467
14E7B45448C0464D82BD006E4C3FCE50	14E7B45448C0464D82BD006E4C3FCE50	thumb	placeholder	https://proxy.archieven.nl/thumb/235/14E7B45448C0464D82BD006E4C3FCE50
0C2C489DCF5A47769A394B87A87C922C	0C2C489DCF5A47769A394B87A87C922C	thumb	placeholder	https://proxy.archieven.nl/thumb/235/0C2C489DCF5A47769A394B87A87C922C
E704E5BCDC0F40069C48B5204BE6D560	E704E5BCDC0F40069C48B5204BE6D560	thumb	placeholder	https://proxy.archieven.nl/thumb/235/E704E5BCDC0F40069C48B5204BE6D560
F83B794259714232B8F1581DA0B47EAA	F83B794259714232B8F1581DA0B47EAA	thumb	placeholder	https://proxy.archieven.nl/thumb/235/F83B794259714232B8F1581DA0B47EAA
CFD317A4ACAC4E38AE6ED0291EF3C891	CFD317A4ACAC4E38AE6ED0291EF3C891	thumb	placeholder	https://proxy.archieven.nl/thumb/235/CFD317A4ACAC4E38AE6ED0291EF3C891
812F55E781BB416699B38DE4F6B5D0F2	812F55E781BB416699B38DE4F6B5D0F2	thumb	placeholder	https://proxy.archieven.nl/thumb/235/812F55E781BB416699B38DE4F6B5D0F2
A3CCC0A804AD47C992D0CB80EE822488	A3CCC0A804AD47C992D0CB80EE822488	thumb	placeholder	https://proxy.archieven.nl/thumb/235/A3CCC0A804AD47C992D0CB80EE822488
9DC2AF44A39C4A0B915EAD7F3D7AA797	9DC2AF44A39C4A0B915EAD7F3D7AA797	thumb	placeholder	https://proxy.archieven.nl/thumb/235/9DC2AF44A39C4A0B915EAD7F3D7AA797
89200BB11AE840AE81FF002E70B65A2B	89200BB11AE840AE81FF002E70B65A2B	thumb	placeholder	https://proxy.archieven.nl/thumb/235/89200BB11AE840AE81FF002E70B65A2B
31B122CCC7D242289F40A8887694EBA1	31B122CCC7D242289F40A8887694EBA1	thumb	placeholder	https://proxy.archieven.nl/thumb/235/31B122CCC7D242289F40A8887694EBA1
1E6EABF1536E4BB08A0EADBA24DDC3EE	1E6EABF1536E4BB08A0EADBA24DDC3EE	thumb	placeholder	https://proxy.archieven.nl/thumb/235/1E6EABF1536E4BB08A0EADBA24DDC3EE
7318C43B3E4E479A97ABDDCA8FC42CE3	7318C43B3E4E479A97ABDDCA8FC42CE3	thumb	placeholder	https://proxy.archieven.nl/thumb/235/7318C43B3E4E479A97ABDDCA8FC42CE3
1FB57CA17AD64703B18A045E0E600816	1FB57CA17AD64703B18A045E0E600816	thumb	placeholder	https://proxy.archieven.nl/thumb/235/1FB57CA17AD64703B18A045E0E600816
0F8B2F1A26494EAA8CBF256CF1C44BC1	0F8B2F1A26494EAA8CBF256CF1C44BC1	thumb	placeholder	https://proxy.archieven.nl/thumb/235/0F8B2F1A26494EAA8CBF256CF1C44BC1
F2CDA63554F340458989B410693F91EF	F2CDA63554F340458989B410693F91EF	thumb	placeholder	https://proxy.archieven.nl/thumb/235/F2CDA63554F340458989B410693F91EF
C644B15E6A3D4D1AB661D77BF2828598	C644B15E6A3D4D1AB661D77BF2828598	thumb	placeholder	https://proxy.archieven.nl/thumb/235/C644B15E6A3D4D1AB661D77BF2828598
A4F7FB47D22646938DCE7A8F81BEA72E	A4F7FB47D22646938DCE7A8F81BEA72E	thumb	placeholder	https://proxy.archieven.nl/thumb/235/A4F7FB47D22646938DCE7A8F81BEA72E
BDEF50D222574DEE94ED8CDB97816C1D	BDEF50D222574DEE94ED8CDB97816C1D	thumb	placeholder	https://proxy.archieven.nl/thumb/235/BDEF50D222574DEE94ED8CDB97816C1D
F290F780392047948B4E28012087AAE5	F290F780392047948B4E28012087AAE5	thumb	placeholder	https://proxy.archieven.nl/thumb/235/F290F780392047948B4E28012087AAE5
468721128CF047CD8C877382705C766B	468721128CF047CD8C877382705C766B	thumb	placeholder	https://proxy.archieven.nl/thumb/235/468721128CF047CD8C877382705C766B
734FBDF6C7884A33867F2B80C9ED2672	734FBDF6C7884A33867F2B80C9ED2672	thumb	placeholder	https://proxy.archieven.nl/thumb/235/734FBDF6C7884A33867F2B80C9ED2672
8065429E945F4673AAF9D45B4A52C6C7	8065429E945F4673AAF9D45B4A52C6C7	thumb	placeholder	https://proxy.archieven.nl/thumb/235/8065429E945F4673AAF9D45B4A52C6C7
51E14B49E452430B8C8A8FEE9658739E	51E14B49E452430B8C8A8FEE9658739E	thumb	placeholder	https://proxy.archieven.nl/thumb/235/51E14B49E452430B8C8A8FEE9658739E
4C8DD56BFD3F469897C00E526F2A8402	4C8DD56BFD3F469897C00E526F2A8402	thumb	placeholder	https://proxy.archieven.nl/thumb/235/4C8DD56BFD3F469897C00E526F2A8402
F912D62634114D478DEF5BFE8F9DC578	F912D62634114D478DEF5BFE8F9DC578	thumb	placeholder	https://proxy.archieven.nl/thumb/235/F912D62634114D478DEF5BFE8F9DC578
F659D1E952214B30B18F9DBC7B54E6D2	F659D1E952214B30B18F9DBC7B54E6D2	thumb	placeholder	https://proxy.archieven.nl/thumb/235/F659D1E952214B30B18F9DBC7B54E6D2
7121ABBC6AAC43C3AEB7A19278CF45FB	7121ABBC6AAC43C3AEB7A19278CF45FB	thumb	placeholder	https://proxy.archieven.nl/thumb/235/7121ABBC6AAC43C3AEB7A19278CF45FB
4F6F6650E06D4576BBD048C4B8E57979	4F6F6650E06D4576BBD048C4B8E57979	thumb	placeholder	https://proxy.archieven.nl/thumb/235/4F6F6650E06D4576BBD048C4B8E57979
8F89E7E4F0514F73BDA4A7052A40C66F	8F89E7E4F0514F73BDA4A7052A40C66F	thumb	placeholder	https://proxy.archieven.nl/thumb/235/8F89E7E4F0514F73BDA4A7052A40C66F
3163E0A4418D4789A4B4F305E4C92A8F	3163E0A4418D4789A4B4F305E4C92A8F	thumb	placeholder	https://proxy.archieven.nl/thumb/235/3163E0A4418D4789A4B4F305E4C92A8F
87952780A13C4D44B9BBFE948F4E35D8	87952780A13C4D44B9BBFE948F4E35D8	thumb	placeholder	https://proxy.archieven.nl/thumb/235/87952780A13C4D44B9BBFE948F4E35D8
87B7B5E8D07B4C1296956178AF8017AB	87B7B5E8D07B4C1296956178AF8017AB	thumb	placeholder	https://proxy.archieven.nl/thumb/235/87B7B5E8D07B4C1296956178AF8017AB
100B2D4164AA40BD947150B8D148AD7B	100B2D4164AA40BD947150B8D148AD7B	thumb	placeholder	https://proxy.archieven.nl/thumb/235/100B2D4164AA40BD947150B8D148AD7B
13EF64ED112F4E5A97788D16E3935AFC	13EF64ED112F4E5A97788D16E3935AFC	thumb	placeholder	https://proxy.archieven.nl/thumb/235/13EF64ED112F4E5A97788D16E3935AFC
91B70A552FCA4325A5A94C1DBB773691	91B70A552FCA4325A5A94C1DBB773691	thumb	placeholder	https://proxy.archieven.nl/thumb/235/91B70A552FCA4325A5A94C1DBB773691
E80CF70BBB9748A8A663682CCDEE0F69	E80CF70BBB9748A8A663682CCDEE0F69	thumb	placeholder	https://proxy.archieven.nl/thumb/235/E80CF70BBB9748A8A663682CCDEE0F69
30CF37E5652043B6BA2F77C0541DE52C	30CF37E5652043B6BA2F77C0541DE52C	thumb	placeholder	https://proxy.archieven.nl/thumb/235/30CF37E5652043B6BA2F77C0541DE52C
2EDFA83CDF464C8AA0863B1648C7C856	2EDFA83CDF464C8AA0863B1648C7C856	thumb	placeholder	https://proxy.archieven.nl/thumb/235/2EDFA83CDF464C8AA0863B1648C7C856
88F6FADFD42E48C1924D8FD00385C454	88F6FADFD42E48C1924D8FD00385C454	thumb	placeholder	https://proxy.archieven.nl/thumb/235/88F6FADFD42E48C1924D8FD00385C454
B27EFC7D633C4E32B33189FFABE5BEE2	B27EFC7D633C4E32B33189FFABE5BEE2	thumb	placeholder	https://proxy.archieven.nl/thumb/235/B27EFC7D633C4E32B33189FFABE5BEE2
D16C6A51A5964858864737B32DEE00BE	D16C6A51A5964858864737B32DEE00BE	thumb	placeholder	https://proxy.archieven.nl/thumb/235/D16C6A51A5964858864737B32DEE00BE
68C3D4E943B141218AEFCB6E3C5841EC	68C3D4E943B141218AEFCB6E3C5841EC	thumb	placeholder	https://proxy.archieven.nl/thumb/235/68C3D4E943B141218AEFCB6E3C5841EC
36A939CA765F42E09052A63C4AC947E1	36A939CA765F42E09052A63C4AC947E1	thumb	placeholder	https://proxy.archieven.nl/thumb/235/36A939CA765F42E09052A63C4AC947E1
2A7A27F9BB904BE5A0AB12F393312C0D	2A7A27F9BB904BE5A0AB12F393312C0D	thumb	placeholder	https://proxy.archieven.nl/thumb/235/2A7A27F9BB904BE5A0AB12F393312C0D
D85861F0DE4B4FE78C82CB1DD33D831F	D85861F0DE4B4FE78C82CB1DD33D831F	thumb	placeholder	https://proxy.archieven.nl/thumb/235/D85861F0DE4B4FE78C82CB1DD33D831F
E507FB9465294D06B2D41A88DE34E86A	E507FB9465294D06B2D41A88DE34E86A	thumb	placeholder	https://proxy.archieven.nl/thumb/235/E507FB9465294D06B2D41A88DE34E86A
71E542FD2F0D4B908610B44323199557	71E542FD2F0D4B908610B44323199557	thumb	placeholder	https://proxy.archieven.nl/thumb/235/71E542FD2F0D4B908610B44323199557
2DCEDC49DFF344569AD3782737F674A5	2DCEDC49DFF344569AD3782737F674A5	thumb	placeholder	https://proxy.archieven.nl/thumb/235/2DCEDC49DFF344569AD3782737F674A5
4B8E4EC2D0BC44CB994E1C07024A3803	4B8E4EC2D0BC44CB994E1C07024A3803	thumb	placeholder	https://proxy.archieven.nl/thumb/235/4B8E4EC2D0BC44CB994E1C07024A3803
3A41BC905E504E40B495D15151AFC472	3A41BC905E504E40B495D15151AFC472	thumb	placeholder	https://proxy.archieven.nl/thumb/235/3A41BC905E504E40B495D15151AFC472
67506E3474EF4559AC6B002FB9D111AB	67506E3474EF4559AC6B002FB9D111AB	thumb	placeholder	https://proxy.archieven.nl/thumb/235/67506E3474EF4559AC6B002FB9D111AB
1E53EFD3DA014FD48314A5A1CA41CCE5	1E53EFD3DA014FD48314A5A1CA41CCE5	thumb	placeholder	https://proxy.archieven.nl/thumb/235/1E53EFD3DA014FD48314A5A1CA41CCE5
1300A90431C14046BFF9A9A11A007CF4	1300A90431C14046BFF9A9A11A007CF4	thumb	placeholder	https://proxy.archieven.nl/thumb/235/1300A90431C14046BFF9A9A11A007CF4
CFB99FA60AE84B938E83065188975031	CFB99FA60AE84B938E83065188975031	thumb	placeholder	https://proxy.archieven.nl/thumb/235/CFB99FA60AE84B938E83065188975031
8E322C27A63E4E2CA4279E54C30556F4	8E322C27A63E4E2CA4279E54C30556F4	thumb	placeholder	https://proxy.archieven.nl/thumb/235/8E322C27A63E4E2CA4279E54C30556F4
F04B59B21BB048439D88360B14C9C03C	F04B59B21BB048439D88360B14C9C03C	thumb	placeholder	https://proxy.archieven.nl/thumb/235/F04B59B21BB048439D88360B14C9C03C
37962A310C634DAB86B8FD9A903A1696	37962A310C634DAB86B8FD9A903A1696	thumb	placeholder	https://proxy.archieven.nl/thumb/235/37962A310C634DAB86B8FD9A903A1696
AEFC8AE999E841B085AF62C092CCCF65	AEFC8AE999E841B085AF62C092CCCF65	thumb	placeholder	https://proxy.archieven.nl/thumb/235/AEFC8AE999E841B085AF62C092CCCF65
D8D34209863B4AD7A4676BE75141C241	D8D34209863B4AD7A4676BE75141C241	thumb	placeholder	https://proxy.archieven.nl/thumb/235/D8D34209863B4AD7A4676BE75141C241
3595F2C328404B72B01BB00F3F915417	3595F2C328404B72B01BB00F3F915417	thumb	placeholder	https://proxy.archieven.nl/thumb/235/3595F2C328404B72B01BB00F3F915417
666D4DC2021D422284AEF74746F0F94C	666D4DC2021D422284AEF74746F0F94C	thumb	placeholder	https://proxy.archieven.nl/thumb/235/666D4DC2021D422284AEF74746F0F94C
6DDCB132D6B64DFA95944627259E4A31	6DDCB132D6B64DFA95944627259E4A31	thumb	placeholder	https://proxy.archieven.nl/thumb/235/6DDCB132D6B64DFA95944627259E4A31
99DD6AAF3A724661ADD7EEFC7D04526E	99DD6AAF3A724661ADD7EEFC7D04526E	thumb	placeholder	https://proxy.archieven.nl/thumb/235/99DD6AAF3A724661ADD7EEFC7D04526E
C73E0BF57B444C97B15D79C6FB8A508B	C73E0BF57B444C97B15D79C6FB8A508B	thumb	placeholder	https://proxy.archieven.nl/thumb/235/C73E0BF57B444C97B15D79C6FB8A508B
982307858FC54D80ABC58138486D5D05	982307858FC54D80ABC58138486D5D05	thumb	placeholder	https://proxy.archieven.nl/thumb/235/982307858FC54D80ABC58138486D5D05
78DE97E604074EE3A05F9AD7B78E65B7	78DE97E604074EE3A05F9AD7B78E65B7	thumb	placeholder	https://proxy.archieven.nl/thumb/235/78DE97E604074EE3A05F9AD7B78E65B7
74CDCAB438BC4ADCA5B107E3F19A6CE0	74CDCAB438BC4ADCA5B107E3F19A6CE0	thumb	placeholder	https://proxy.archieven.nl/thumb/235/74CDCAB438BC4ADCA5B107E3F19A6CE0
A40B66FC51004630A949785721B5C7F0	A40B66FC51004630A949785721B5C7F0	thumb	placeholder	https://proxy.archieven.nl/thumb/235/A40B66FC51004630A949785721B5C7F0
2B30719BA5574A5593220267BEE73D0B	2B30719BA5574A5593220267BEE73D0B	thumb	placeholder	https://proxy.archieven.nl/thumb/235/2B30719BA5574A5593220267BEE73D0B
0015E73CAC1C404687B2D408FBD20DCE	0015E73CAC1C404687B2D408FBD20DCE	thumb	placeholder	https://proxy.archieven.nl/thumb/235/0015E73CAC1C404687B2D408FBD20DCE
EC92935BA96E44C7A17E7159E7993AE5	EC92935BA96E44C7A17E7159E7993AE5	thumb	placeholder	https://proxy.archieven.nl/thumb/235/EC92935BA96E44C7A17E7159E7993AE5
911ED18B26A34C3696F68E006C06F8C4	911ED18B26A34C3696F68E006C06F8C4	thumb	placeholder	https://proxy.archieven.nl/thumb/235/911ED18B26A34C3696F68E006C06F8C4
8B01E80C039C4633B0981DD9E33639A7	8B01E80C039C4633B0981DD9E33639A7	thumb	placeholder	https://proxy.archieven.nl/thumb/235/8B01E80C039C4633B0981DD9E33639A7
1B25787CD3BC46269709ADEEFAC61B1E	1B25787CD3BC46269709ADEEFAC61B1E	thumb	placeholder	https://proxy.archieven.nl/thumb/235/1B25787CD3BC46269709ADEEFAC61B1E
52A6A053DD484604BE5E750EBEC72395	52A6A053DD484604BE5E750EBEC72395	thumb	placeholder	https://proxy.archieven.nl/thumb/235/52A6A053DD484604BE5E750EBEC72395
03E788548EC743DF8B597CFBB61B4D98	03E788548EC743DF8B597CFBB61B4D98	thumb	placeholder	https://proxy.archieven.nl/thumb/235/03E788548EC743DF8B597CFBB61B4D98
8E56C0F3EA1B4943A7E8A67F3B485378	8E56C0F3EA1B4943A7E8A67F3B485378	thumb	placeholder	https://proxy.archieven.nl/thumb/235/8E56C0F3EA1B4943A7E8A67F3B485378
B18AE33CA3774BA69CE0335842EFFDAF	B18AE33CA3774BA69CE0335842EFFDAF	thumb	placeholder	https://proxy.archieven.nl/thumb/235/B18AE33CA3774BA69CE0335842EFFDAF
DC2FD1D644714EFEBDF2518DB7D76EB0	DC2FD1D644714EFEBDF2518DB7D76EB0	thumb	placeholder	https://proxy.archieven.nl/thumb/235/DC2FD1D644714EFEBDF2518DB7D76EB0
BC9D6A3E603F4456BD11CFD65B3F3942	BC9D6A3E603F4456BD11CFD65B3F3942	thumb	placeholder	https://proxy.archieven.nl/thumb/235/BC9D6A3E603F4456BD11CFD65B3F3942
31D3D14B22C94F88BA1686247D002857	31D3D14B22C94F88BA1686247D002857	thumb	placeholder	https://proxy.archieven.nl/thumb/235/31D3D14B22C94F88BA1686247D002857
53BED86A430B4EAAAA49C8A335728041	53BED86A430B4EAAAA49C8A335728041	thumb	placeholder	https://proxy.archieven.nl/thumb/235/53BED86A430B4EAAAA49C8A335728041
CB6421F8BB604263B4517B2F739BE686	CB6421F8BB604263B4517B2F739BE686	thumb	placeholder	https://proxy.archieven.nl/thumb/235/CB6421F8BB604263B4517B2F739BE686
64246CE2A7EF484AAB9A615615BF8156	64246CE2A7EF484AAB9A615615BF8156	thumb	placeholder	https://proxy.archieven.nl/thumb/235/64246CE2A7EF484AAB9A615615BF8156
71DD86570DFC415EB58B61D0789798B6	71DD86570DFC415EB58B61D0789798B6	thumb	placeholder	https://proxy.archieven.nl/thumb/235/71DD86570DFC415EB58B61D0789798B6
1E61437ADD6D4E28A33B14684148D030	1E61437ADD6D4E28A33B14684148D030	thumb	placeholder	https://proxy.archieven.nl/thumb/235/1E61437ADD6D4E28A33B14684148D030
D7AAFA416F6F42BB94B96FC07305DEA2	D7AAFA416F6F42BB94B96FC07305DEA2	thumb	placeholder	https://proxy.archieven.nl/thumb/235/D7AAFA416F6F42BB94B96FC07305DEA2
A0DBA82370AA4F1A883DDCE920DEC10D	A0DBA82370AA4F1A883DDCE920DEC10D	thumb	placeholder	https://proxy.archieven.nl/thumb/235/A0DBA82370AA4F1A883DDCE920DEC10D
473B3BC14FA94EDF839C0330CDE5F8D5	473B3BC14FA94EDF839C0330CDE5F8D5	thumb	placeholder	https://proxy.archieven.nl/thumb/235/473B3BC14FA94EDF839C0330CDE5F8D5
BCCD10FE076F4BD89C2017BECBF2EDBF	BCCD10FE076F4BD89C2017BECBF2EDBF	thumb	placeholder	https://proxy.archieven.nl/thumb/235/BCCD10FE076F4BD89C2017BECBF2EDBF
059401B1382A490CAA7B7A9B94324EE8	059401B1382A490CAA7B7A9B94324EE8	thumb	placeholder	https://proxy.archieven.nl/thumb/235/059401B1382A490CAA7B7A9B94324EE8
CAD3A8DFAF524BB983D5E22AE3C8A0FD	CAD3A8DFAF524BB983D5E22AE3C8A0FD	thumb	placeholder	https://proxy.archieven.nl/thumb/235/CAD3A8DFAF524BB983D5E22AE3C8A0FD
8528824BF1A543EFB0A23A11A06D12DC	8528824BF1A543EFB0A23A11A06D12DC	thumb	placeholder	https://proxy.archieven.nl/thumb/235/8528824BF1A543EFB0A23A11A06D12DC
189146C49A894E8C94C6DDF107D89483	189146C49A894E8C94C6DDF107D89483	thumb	placeholder	https://proxy.archieven.nl/thumb/235/189146C49A894E8C94C6DDF107D89483
5A55CCE9B02E42319A47883C8798E7FB	5A55CCE9B02E42319A47883C8798E7FB	thumb	placeholder	https://proxy.archieven.nl/thumb/235/5A55CCE9B02E42319A47883C8798E7FB
E923C9EB19624E82A0624FF187F3F83C	E923C9EB19624E82A0624FF187F3F83C	thumb	placeholder	https://proxy.archieven.nl/thumb/235/E923C9EB19624E82A0624FF187F3F83C
0DE691577F294A968FB06202FC51EA62	0DE691577F294A968FB06202FC51EA62	thumb	placeholder	https://proxy.archieven.nl/thumb/235/0DE691577F294A968FB06202FC51EA62
8C555267DB0642C58AF3685B1EAF9D97	8C555267DB0642C58AF3685B1EAF9D97	thumb	placeholder	https://proxy.archieven.nl/thumb/235/8C555267DB0642C58AF3685B1EAF9D97
E4AD7C2F37984DC19229343EDEB3AEE8	E4AD7C2F37984DC19229343EDEB3AEE8	thumb	placeholder	https://proxy.archieven.nl/thumb/235/E4AD7C2F37984DC19229343EDEB3AEE8
D714714CFC8943B5BFE540E3180A4C13	D714714CFC8943B5BFE540E3180A4C13	thumb	placeholder	https://proxy.archieven.nl/thumb/235/D714714CFC8943B5BFE540E3180A4C13
58A3DBD2D8E4486BA56721B9909261CC	58A3DBD2D8E4486BA56721B9909261CC	thumb	placeholder	https://proxy.archieven.nl/thumb/235/58A3DBD2D8E4486BA56721B9909261CC
209DDCA9FD0940C2AECD14658F37FFF2	209DDCA9FD0940C2AECD14658F37FFF2	thumb	placeholder	https://proxy.archieven.nl/thumb/235/209DDCA9FD0940C2AECD14658F37FFF2
DBA384A268BC4A3891BDD88551E57634	DBA384A268BC4A3891BDD88551E57634	thumb	placeholder	https://proxy.archieven.nl/thumb/235/DBA384A268BC4A3891BDD88551E57634
32DED9BC44DF44B983415941A3A73024	32DED9BC44DF44B983415941A3A73024	thumb	placeholder	https://proxy.archieven.nl/thumb/235/32DED9BC44DF44B983415941A3A73024
5FB8334717B2476D9589E90DE406B38B	5FB8334717B2476D9589E90DE406B38B	thumb	placeholder	https://proxy.archieven.nl/thumb/235/5FB8334717B2476D9589E90DE406B38B
B40E9617DE9E431CADDA8D510DE037E6	B40E9617DE9E431CADDA8D510DE037E6	thumb	placeholder	https://proxy.archieven.nl/thumb/235/B40E9617DE9E431CADDA8D510DE037E6
A8F038F5679F48E2BAECF44E39DFBB3E	A8F038F5679F48E2BAECF44E39DFBB3E	thumb	placeholder	https://proxy.archieven.nl/thumb/235/A8F038F5679F48E2BAECF44E39DFBB3E
2228E5B815A3410A91F30A90DFB7F4AC	2228E5B815A3410A91F30A90DFB7F4AC	thumb	placeholder	https://proxy.archieven.nl/thumb/235/2228E5B815A3410A91F30A90DFB7F4AC
ECC240FA2556496088356D849DACC1D6	ECC240FA2556496088356D849DACC1D6	thumb	placeholder	https://proxy.archieven.nl/thumb/235/ECC240FA2556496088356D849DACC1D6
E6762B9EA9284DC4B7A192B26194645F	E6762B9EA9284DC4B7A192B26194645F	thumb	placeholder	https://proxy.archieven.nl/thumb/235/E6762B9EA9284DC4B7A192B26194645F
4B252DFBF8DD40D2BD5B77DAF8C4A810	4B252DFBF8DD40D2BD5B77DAF8C4A810	thumb	placeholder	https://proxy.archieven.nl/thumb/235/4B252DFBF8DD40D2BD5B77DAF8C4A810
564056E2E3FC441DB4F76503EADAFB36	564056E2E3FC441DB4F76503EADAFB36	thumb	placeholder	https://proxy.archieven.nl/thumb/235/564056E2E3FC441DB4F76503EADAFB36
7C2940798AB34FA2A448056CF2E57B2F	7C2940798AB34FA2A448056CF2E57B2F	thumb	placeholder	https://proxy.archieven.nl/thumb/235/7C2940798AB34FA2A448056CF2E57B2F
0FE7007C1FE84F539091E4D274ABD809	0FE7007C1FE84F539091E4D274ABD809	thumb	placeholder	https://proxy.archieven.nl/thumb/235/0FE7007C1FE84F539091E4D274ABD809
4BE78EBBD2BE42D9AB9817DBF9B7800A	4BE78EBBD2BE42D9AB9817DBF9B7800A	thumb	placeholder	https://proxy.archieven.nl/thumb/235/4BE78EBBD2BE42D9AB9817DBF9B7800A
055A8CD2CDB0496AB61D498B7D6886D0	055A8CD2CDB0496AB61D498B7D6886D0	thumb	placeholder	https://proxy.archieven.nl/thumb/235/055A8CD2CDB0496AB61D498B7D6886D0
E084A6E85C3D42C6983E76A81367AD8B	E084A6E85C3D42C6983E76A81367AD8B	thumb	placeholder	https://proxy.archieven.nl/thumb/235/E084A6E85C3D42C6983E76A81367AD8B
F4D490235D7041B8854DFB268FBB6F2B	F4D490235D7041B8854DFB268FBB6F2B	thumb	placeholder	https://proxy.archieven.nl/thumb/235/F4D490235D7041B8854DFB268FBB6F2B
C787F7920EF34408BA21C9FE76AE109E	C787F7920EF34408BA21C9FE76AE109E	thumb	placeholder	https://proxy.archieven.nl/thumb/235/C787F7920EF34408BA21C9FE76AE109E
1358CDB2FBE6459B9661FDC83E62C4BE	1358CDB2FBE6459B9661FDC83E62C4BE	thumb	placeholder	https://proxy.archieven.nl/thumb/235/1358CDB2FBE6459B9661FDC83E62C4BE
AC8AFD4F3E164FD7984D269A7293CE3D	AC8AFD4F3E164FD7984D269A7293CE3D	thumb	placeholder	https://proxy.archieven.nl/thumb/235/AC8AFD4F3E164FD7984D269A7293CE3D
810005B210374A5E94235346DA5FFBE6	810005B210374A5E94235346DA5FFBE6	thumb	placeholder	https://proxy.archieven.nl/thumb/235/810005B210374A5E94235346DA5FFBE6
93B6FB6C969F4A42878492AE5F244D42	93B6FB6C969F4A42878492AE5F244D42	thumb	placeholder	https://proxy.archieven.nl/thumb/235/93B6FB6C969F4A42878492AE5F244D42
8BBEA3C343BB495BBC3825E57500A57C	8BBEA3C343BB495BBC3825E57500A57C	thumb	placeholder	https://proxy.archieven.nl/thumb/235/8BBEA3C343BB495BBC3825E57500A57C
29CFD6EB1935489494B117BF2582AE87	29CFD6EB1935489494B117BF2582AE87	thumb	placeholder	https://proxy.archieven.nl/thumb/235/29CFD6EB1935489494B117BF2582AE87
5A95BACF635046A88B0B16BC93C94D54	5A95BACF635046A88B0B16BC93C94D54	thumb	placeholder	https://proxy.archieven.nl/thumb/235/5A95BACF635046A88B0B16BC93C94D54
249F4CFC6C8B48849FAD252F9F688474	249F4CFC6C8B48849FAD252F9F688474	thumb	placeholder	https://proxy.archieven.nl/thumb/235/249F4CFC6C8B48849FAD252F9F688474
1147659BB97B4D9387E2574D8FBB0A86	1147659BB97B4D9387E2574D8FBB0A86	thumb	placeholder	https://proxy.archieven.nl/thumb/235/1147659BB97B4D9387E2574D8FBB0A86
C2B6F09C82C04B5592C3C63F37EEDD28	C2B6F09C82C04B5592C3C63F37EEDD28	thumb	placeholder	https://proxy.archieven.nl/thumb/235/C2B6F09C82C04B5592C3C63F37EEDD28
27F4AD6E06A14E669EF34C4701FB8F0A	27F4AD6E06A14E669EF34C4701FB8F0A	thumb	placeholder	https://proxy.archieven.nl/thumb/235/27F4AD6E06A14E669EF34C4701FB8F0A
75A6B606C49540CCBC2AD21B466A3165	75A6B606C49540CCBC2AD21B466A3165	thumb	placeholder	https://proxy.archieven.nl/thumb/235/75A6B606C49540CCBC2AD21B466A3165
D59EB2A3ADD24415867582A396868300	D59EB2A3ADD24415867582A396868300	thumb	placeholder	https://proxy.archieven.nl/thumb/235/D59EB2A3ADD24415867582A396868300
E5E36911484245D9B3D97A05EE7B627D	E5E36911484245D9B3D97A05EE7B627D	thumb	placeholder	https://proxy.archieven.nl/thumb/235/E5E36911484245D9B3D97A05EE7B627D
208765E06D39495F91BE9231421EDF9B	208765E06D39495F91BE9231421EDF9B	thumb	placeholder	https://proxy.archieven.nl/thumb/235/208765E06D39495F91BE9231421EDF9B
EF1A4F9C9EED4CA58C491823F02ABB6E	EF1A4F9C9EED4CA58C491823F02ABB6E	thumb	placeholder	https://proxy.archieven.nl/thumb/235/EF1A4F9C9EED4CA58C491823F02ABB6E
1B2EEC3DBF0A40E9A3AAED14A6BB131D	1B2EEC3DBF0A40E9A3AAED14A6BB131D	thumb	placeholder	https://proxy.archieven.nl/thumb/235/1B2EEC3DBF0A40E9A3AAED14A6BB131D
EF993301E5524B20A0E4F000624AD10F	EF993301E5524B20A0E4F000624AD10F	thumb	placeholder	https://proxy.archieven.nl/thumb/235/EF993301E5524B20A0E4F000624AD10F
30B8602CBDCC4A1B9ACD607DB421DDC7	30B8602CBDCC4A1B9ACD607DB421DDC7	thumb	placeholder	https://proxy.archieven.nl/thumb/235/30B8602CBDCC4A1B9ACD607DB421DDC7
46257BAD293549ABABEC63FD0E01D63A	46257BAD293549ABABEC63FD0E01D63A	thumb	placeholder	https://proxy.archieven.nl/thumb/235/46257BAD293549ABABEC63FD0E01D63A
50D60C32E70648C287CE3CF9550224B0	50D60C32E70648C287CE3CF9550224B0	thumb	placeholder	https://proxy.archieven.nl/thumb/235/50D60C32E70648C287CE3CF9550224B0
8EA7286346214D33B4D6935325F57F7A	8EA7286346214D33B4D6935325F57F7A	thumb	placeholder	https://proxy.archieven.nl/thumb/235/8EA7286346214D33B4D6935325F57F7A
4A90C908978447439E05DDAE117FDDD1	4A90C908978447439E05DDAE117FDDD1	thumb	placeholder	https://proxy.archieven.nl/thumb/235/4A90C908978447439E05DDAE117FDDD1
04C61DC2612A470092136BD090F60238	04C61DC2612A470092136BD090F60238	thumb	placeholder	https://proxy.archieven.nl/thumb/235/04C61DC2612A470092136BD090F60238
AB797ACD51DF4DD9AE59AFCA05734124	AB797ACD51DF4DD9AE59AFCA05734124	thumb	placeholder	https://proxy.archieven.nl/thumb/235/AB797ACD51DF4DD9AE59AFCA05734124
C4B07EA9B536427A855456F5D94DB79C	C4B07EA9B536427A855456F5D94DB79C	thumb	placeholder	https://proxy.archieven.nl/thumb/235/C4B07EA9B536427A855456F5D94DB79C
F48B8962AE38452B9326C89BE40B5BEC	F48B8962AE38452B9326C89BE40B5BEC	thumb	placeholder	https://proxy.archieven.nl/thumb/235/F48B8962AE38452B9326C89BE40B5BEC
C861B9B521F94352AEBA742B987270AD	C861B9B521F94352AEBA742B987270AD	thumb	placeholder	https://proxy.archieven.nl/thumb/235/C861B9B521F94352AEBA742B987270AD
C742802354244FD88425A13FFA757126	C742802354244FD88425A13FFA757126	thumb	placeholder	https://proxy.archieven.nl/thumb/235/C742802354244FD88425A13FFA757126
AE12301C406A4E939502A352E464584D	AE12301C406A4E939502A352E464584D	thumb	placeholder	https://proxy.archieven.nl/thumb/235/AE12301C406A4E939502A352E464584D
8D87DF4C86CA4931B7B4D1F0247BADBC	8D87DF4C86CA4931B7B4D1F0247BADBC	thumb	placeholder	https://proxy.archieven.nl/thumb/235/8D87DF4C86CA4931B7B4D1F0247BADBC
7100DCB0ABB746D3AB3CEAA55D20746B	7100DCB0ABB746D3AB3CEAA55D20746B	thumb	placeholder	https://proxy.archieven.nl/thumb/235/7100DCB0ABB746D3AB3CEAA55D20746B
A0B622C723A049ABBB2F586E36352BA3	A0B622C723A049ABBB2F586E36352BA3	thumb	placeholder	https://proxy.archieven.nl/thumb/235/A0B622C723A049ABBB2F586E36352BA3
F80025EA878947B89381598A14EE6477	F80025EA878947B89381598A14EE6477	thumb	placeholder	https://proxy.archieven.nl/thumb/235/F80025EA878947B89381598A14EE6477
4FFE65CF0DCE4D4285AB752F1912D0AB	4FFE65CF0DCE4D4285AB752F1912D0AB	thumb	placeholder	https://proxy.archieven.nl/thumb/235/4FFE65CF0DCE4D4285AB752F1912D0AB
6791A81566BF41F485F23C398A966952	6791A81566BF41F485F23C398A966952	thumb	placeholder	https://proxy.archieven.nl/thumb/235/6791A81566BF41F485F23C398A966952
C8C5856C8D1F4AABB91124F07172235D	C8C5856C8D1F4AABB91124F07172235D	thumb	placeholder	https://proxy.archieven.nl/thumb/235/C8C5856C8D1F4AABB91124F07172235D
FD5E46EA3F024ED29844326D1B0D6B32	FD5E46EA3F024ED29844326D1B0D6B32	thumb	placeholder	https://proxy.archieven.nl/thumb/235/FD5E46EA3F024ED29844326D1B0D6B32
4DE7BDBCBBBE4BEDAF7185AE0D442C77	4DE7BDBCBBBE4BEDAF7185AE0D442C77	thumb	placeholder	https://proxy.archieven.nl/thumb/235/4DE7BDBCBBBE4BEDAF7185AE0D442C77
5F33DF5942524BD8A0BA17F2F3C98130	5F33DF5942524BD8A0BA17F2F3C98130	thumb	placeholder	https://proxy.archieven.nl/thumb/235/5F33DF5942524BD8A0BA17F2F3C98130
07A96026DAFE4A1BB3964D252D943361	07A96026DAFE4A1BB3964D252D943361	thumb	placeholder	https://proxy.archieven.nl/thumb/235/07A96026DAFE4A1BB3964D252D943361
6499B991387F4CEBAF8DBDB19F2CA97A	6499B991387F4CEBAF8DBDB19F2CA97A	thumb	placeholder	https://proxy.archieven.nl/thumb/235/6499B991387F4CEBAF8DBDB19F2CA97A
2AFB8FB143C9497F84F3858645EA9BD5	2AFB8FB143C9497F84F3858645EA9BD5	thumb	placeholder	https://proxy.archieven.nl/thumb/235/2AFB8FB143C9497F84F3858645EA9BD5
438720C2F8304226BA8923F12317A1F1	438720C2F8304226BA8923F12317A1F1	thumb	placeholder	https://proxy.archieven.nl/thumb/235/438720C2F8304226BA8923F12317A1F1
8B17DEAF79D8443E8B1C86F6F10C077A	8B17DEAF79D8443E8B1C86F6F10C077A	thumb	placeholder	https://proxy.archieven.nl/thumb/235/8B17DEAF79D8443E8B1C86F6F10C077A
18B49896CDDC4A4493F529AE6FDB983C	18B49896CDDC4A4493F529AE6FDB983C	thumb	placeholder	https://proxy.archieven.nl/thumb/235/18B49896CDDC4A4493F529AE6FDB983C
61D8195958B84F9E9B820B4B3F6839EA	61D8195958B84F9E9B820B4B3F6839EA	thumb	placeholder	https://proxy.archieven.nl/thumb/235/61D8195958B84F9E9B820B4B3F6839EA
D76975B6061D469B8555D11BB4DFF3CE	D76975B6061D469B8555D11BB4DFF3CE	thumb	placeholder	https://proxy.archieven.nl/thumb/235/D76975B6061D469B8555D11BB4DFF3CE
371D6D64880741A5A3441630B9035ACD	371D6D64880741A5A3441630B9035ACD	thumb	placeholder	https://proxy.archieven.nl/thumb/235/371D6D64880741A5A3441630B9035ACD
C1DB42576475455CB66D38618C49CFF6	C1DB42576475455CB66D38618C49CFF6	thumb	placeholder	https://proxy.archieven.nl/thumb/235/C1DB42576475455CB66D38618C49CFF6
2DFD57C0CD6346149DD678C85A6C5A78	2DFD57C0CD6346149DD678C85A6C5A78	thumb	placeholder	https://proxy.archieven.nl/thumb/235/2DFD57C0CD6346149DD678C85A6C5A78
93F37B444C7C4EB8837A539D35FAEB26	93F37B444C7C4EB8837A539D35FAEB26	thumb	placeholder	https://proxy.archieven.nl/thumb/235/93F37B444C7C4EB8837A539D35FAEB26
EC63816ABEFB49F9A4958F5E950200DA	EC63816ABEFB49F9A4958F5E950200DA	thumb	placeholder	https://proxy.archieven.nl/thumb/235/EC63816ABEFB49F9A4958F5E950200DA
F42D081D417A4618B76E4D59A451AF94	F42D081D417A4618B76E4D59A451AF94	thumb	placeholder	https://proxy.archieven.nl/thumb/235/F42D081D417A4618B76E4D59A451AF94
510C4A757E6B47BA9514FE88416DB189	510C4A757E6B47BA9514FE88416DB189	thumb	placeholder	https://proxy.archieven.nl/thumb/235/510C4A757E6B47BA9514FE88416DB189
2463EB73CCBB4E9C8DFA7AC6459D13C4	2463EB73CCBB4E9C8DFA7AC6459D13C4	thumb	placeholder	https://proxy.archieven.nl/thumb/235/2463EB73CCBB4E9C8DFA7AC6459D13C4
4D77D1D3A5CB4DB48C8A52331FFFC919	4D77D1D3A5CB4DB48C8A52331FFFC919	thumb	placeholder	https://proxy.archieven.nl/thumb/235/4D77D1D3A5CB4DB48C8A52331FFFC919
F5CFBCE3125D4A86A893697B2F3DDF23	F5CFBCE3125D4A86A893697B2F3DDF23	thumb	placeholder	https://proxy.archieven.nl/thumb/235/F5CFBCE3125D4A86A893697B2F3DDF23
7583B73BC65E475D81A09AE2D17DDF54	7583B73BC65E475D81A09AE2D17DDF54	thumb	placeholder	https://proxy.archieven.nl/thumb/235/7583B73BC65E475D81A09AE2D17DDF54
47EE30DB9AD74164B91591E90A6E6099	47EE30DB9AD74164B91591E90A6E6099	thumb	placeholder	https://proxy.archieven.nl/thumb/235/47EE30DB9AD74164B91591E90A6E6099
B6D364FF64874EBDA06473A52602040B	B6D364FF64874EBDA06473A52602040B	thumb	placeholder	https://proxy.archieven.nl/thumb/235/B6D364FF64874EBDA06473A52602040B
BD2D4D999BC34E4D95D093E61CC9377C	BD2D4D999BC34E4D95D093E61CC9377C	thumb	placeholder	https://proxy.archieven.nl/thumb/235/BD2D4D999BC34E4D95D093E61CC9377C
8053CB0CC94E488581A6C1A6A7C84912	8053CB0CC94E488581A6C1A6A7C84912	thumb	placeholder	https://proxy.archieven.nl/thumb/235/8053CB0CC94E488581A6C1A6A7C84912
4E95679B66E74598882DD1F4E41025C5	4E95679B66E74598882DD1F4E41025C5	thumb	placeholder	https://proxy.archieven.nl/thumb/235/4E95679B66E74598882DD1F4E41025C5
AC3D668F6F324E5DA24F0739A5910CA5	AC3D668F6F324E5DA24F0739A5910CA5	thumb	placeholder	https://proxy.archieven.nl/thumb/235/AC3D668F6F324E5DA24F0739A5910CA5
4DAA54531BB74EF9B05B67731792DFDA	4DAA54531BB74EF9B05B67731792DFDA	thumb	placeholder	https://proxy.archieven.nl/thumb/235/4DAA54531BB74EF9B05B67731792DFDA
CD47D9C4EA664B33AB93170A708B8F7B	CD47D9C4EA664B33AB93170A708B8F7B	thumb	placeholder	https://proxy.archieven.nl/thumb/235/CD47D9C4EA664B33AB93170A708B8F7B
EB6D9B5ECE074E25A2058B2AC3776BBB	EB6D9B5ECE074E25A2058B2AC3776BBB	thumb	placeholder	https://proxy.archieven.nl/thumb/235/EB6D9B5ECE074E25A2058B2AC3776BBB
82B986E5570C4D649189135A7477E240	82B986E5570C4D649189135A7477E240	thumb	placeholder	https://proxy.archieven.nl/thumb/235/82B986E5570C4D649189135A7477E240
0E5916991644476CA20F12A6A07F4076	0E5916991644476CA20F12A6A07F4076	thumb	placeholder	https://proxy.archieven.nl/thumb/235/0E5916991644476CA20F12A6A07F4076
0FEE4AEF41FB47BFA8DE507B19A6A9A7	0FEE4AEF41FB47BFA8DE507B19A6A9A7	thumb	placeholder	https://proxy.archieven.nl/thumb/235/0FEE4AEF41FB47BFA8DE507B19A6A9A7
2B9B0F466B1C47D5B88F9E541C99CCEA	2B9B0F466B1C47D5B88F9E541C99CCEA	thumb	placeholder	https://proxy.archieven.nl/thumb/235/2B9B0F466B1C47D5B88F9E541C99CCEA
C6E66A29C58C44178C6BF139D50B1E4F	C6E66A29C58C44178C6BF139D50B1E4F	thumb	placeholder	https://proxy.archieven.nl/thumb/235/C6E66A29C58C44178C6BF139D50B1E4F
B03A64C66C62475D804EB7E08B259FA8	B03A64C66C62475D804EB7E08B259FA8	thumb	placeholder	https://proxy.archieven.nl/thumb/235/B03A64C66C62475D804EB7E08B259FA8
4EE05719B7944906884327ED52802752	4EE05719B7944906884327ED52802752	thumb	placeholder	https://proxy.archieven.nl/thumb/235/4EE05719B7944906884327ED52802752
4DB668F82D8343CE9EEB6C5E40012ADC	4DB668F82D8343CE9EEB6C5E40012ADC	thumb	placeholder	https://proxy.archieven.nl/thumb/235/4DB668F82D8343CE9EEB6C5E40012ADC
19E524717EA64DFB82A0FDB372290F99	19E524717EA64DFB82A0FDB372290F99	thumb	placeholder	https://proxy.archieven.nl/thumb/235/19E524717EA64DFB82A0FDB372290F99
CB2F126B7F764E77B778DD79B680704E	CB2F126B7F764E77B778DD79B680704E	thumb	placeholder	https://proxy.archieven.nl/thumb/235/CB2F126B7F764E77B778DD79B680704E
F40FFA7668A04AC3980CFD19A59A59B6	F40FFA7668A04AC3980CFD19A59A59B6	thumb	placeholder	https://proxy.archieven.nl/thumb/235/F40FFA7668A04AC3980CFD19A59A59B6
D58187D9BCEC438A9364D6B55447626C	D58187D9BCEC438A9364D6B55447626C	thumb	placeholder	https://proxy.archieven.nl/thumb/235/D58187D9BCEC438A9364D6B55447626C
DF44331774F14395843C77B0BFCAEA1D	DF44331774F14395843C77B0BFCAEA1D	thumb	placeholder	https://proxy.archieven.nl/thumb/235/DF44331774F14395843C77B0BFCAEA1D
719ACAFA512C4B6EA6EDE0F16406979F	719ACAFA512C4B6EA6EDE0F16406979F	thumb	placeholder	https://proxy.archieven.nl/thumb/235/719ACAFA512C4B6EA6EDE0F16406979F
F8451F56F2A14EB4AAA4157449BC4F45	F8451F56F2A14EB4AAA4157449BC4F45	thumb	placeholder	https://proxy.archieven.nl/thumb/235/F8451F56F2A14EB4AAA4157449BC4F45
636BDEE3402A418C84A39C09697178DD	636BDEE3402A418C84A39C09697178DD	thumb	placeholder	https://proxy.archieven.nl/thumb/235/636BDEE3402A418C84A39C09697178DD
5E31FEC4225346E494A72155D2AAB616	5E31FEC4225346E494A72155D2AAB616	thumb	placeholder	https://proxy.archieven.nl/thumb/235/5E31FEC4225346E494A72155D2AAB616
75ADD69640B643C886EFA24BB0C335C7	75ADD69640B643C886EFA24BB0C335C7	thumb	placeholder	https://proxy.archieven.nl/thumb/235/75ADD69640B643C886EFA24BB0C335C7
5696466ED94246EB9AA696C4F05E4FA7	5696466ED94246EB9AA696C4F05E4FA7	thumb	placeholder	https://proxy.archieven.nl/thumb/235/5696466ED94246EB9AA696C4F05E4FA7
C981BFF7876A4C2A97CF439D533B31DD	C981BFF7876A4C2A97CF439D533B31DD	thumb	placeholder	https://proxy.archieven.nl/thumb/235/C981BFF7876A4C2A97CF439D533B31DD
8983A4931A674C5DAC9944F26E0C22EE	8983A4931A674C5DAC9944F26E0C22EE	thumb	placeholder	https://proxy.archieven.nl/thumb/235/8983A4931A674C5DAC9944F26E0C22EE
F2BC428CE03149229388B41288F7D9E9	F2BC428CE03149229388B41288F7D9E9	thumb	placeholder	https://proxy.archieven.nl/thumb/235/F2BC428CE03149229388B41288F7D9E9
10DEF8D96DAA42EE9CF5B51394610365	10DEF8D96DAA42EE9CF5B51394610365	thumb	placeholder	https://proxy.archieven.nl/thumb/235/10DEF8D96DAA42EE9CF5B51394610365
D21AE2ADFD1A424C960F3600FE0F011A	D21AE2ADFD1A424C960F3600FE0F011A	thumb	placeholder	https://proxy.archieven.nl/thumb/235/D21AE2ADFD1A424C960F3600FE0F011A
399BF6B1E19548E79FA10EF73EBE5784	399BF6B1E19548E79FA10EF73EBE5784	thumb	placeholder	https://proxy.archieven.nl/thumb/235/399BF6B1E19548E79FA10EF73EBE5784
C6F344362C5E4F5EA855BA0043868FD6	C6F344362C5E4F5EA855BA0043868FD6	thumb	placeholder	https://proxy.archieven.nl/thumb/235/C6F344362C5E4F5EA855BA0043868FD6
2CE1550B414B4F7BA91250D584563E1D	2CE1550B414B4F7BA91250D584563E1D	thumb	placeholder	https://proxy.archieven.nl/thumb/235/2CE1550B414B4F7BA91250D584563E1D
615B3D47870D4E37960AE3CFDD279047	615B3D47870D4E37960AE3CFDD279047	thumb	placeholder	https://proxy.archieven.nl/thumb/235/615B3D47870D4E37960AE3CFDD279047
F8E4C7BF13A44B8ABB220122E84B415A	F8E4C7BF13A44B8ABB220122E84B415A	thumb	placeholder	https://proxy.archieven.nl/thumb/235/F8E4C7BF13A44B8ABB220122E84B415A
1205AB2278714F459B959206DA9F3D7C	1205AB2278714F459B959206DA9F3D7C	thumb	placeholder	https://proxy.archieven.nl/thumb/235/1205AB2278714F459B959206DA9F3D7C
661D750B35514736943FC7DC73B3B64C	661D750B35514736943FC7DC73B3B64C	thumb	placeholder	https://proxy.archieven.nl/thumb/235/661D750B35514736943FC7DC73B3B64C
0555D2F7BF574192B263F8DE760CF3AF	0555D2F7BF574192B263F8DE760CF3AF	thumb	placeholder	https://proxy.archieven.nl/thumb/235/0555D2F7BF574192B263F8DE760CF3AF
112557CCBFDD4C59A81BAB3435E5C446	112557CCBFDD4C59A81BAB3435E5C446	thumb	placeholder	https://proxy.archieven.nl/thumb/235/112557CCBFDD4C59A81BAB3435E5C446
0BF129A3835B49DF8835E0E1455F0A08	0BF129A3835B49DF8835E0E1455F0A08	thumb	placeholder	https://proxy.archieven.nl/thumb/235/0BF129A3835B49DF8835E0E1455F0A08
C8D42AF5145541A2861CA9DB65601275	C8D42AF5145541A2861CA9DB65601275	thumb	placeholder	https://proxy.archieven.nl/thumb/235/C8D42AF5145541A2861CA9DB65601275
A4384964DF86492FBBC67D84AA7E8DB0	A4384964DF86492FBBC67D84AA7E8DB0	thumb	placeholder	https://proxy.archieven.nl/thumb/235/A4384964DF86492FBBC67D84AA7E8DB0
19F5D25BFD114383884324C1F089342F	19F5D25BFD114383884324C1F089342F	thumb	placeholder	https://proxy.archieven.nl/thumb/235/19F5D25BFD114383884324C1F089342F
F5D2DE86F46F4448A9F60BDC8AC5362A	F5D2DE86F46F4448A9F60BDC8AC5362A	thumb	placeholder	https://proxy.archieven.nl/thumb/235/F5D2DE86F46F4448A9F60BDC8AC5362A
9AEC7F2277B84FE589F27ED45973C20B	9AEC7F2277B84FE589F27ED45973C20B	thumb	placeholder	https://proxy.archieven.nl/thumb/235/9AEC7F2277B84FE589F27ED45973C20B
C820B605AAD049D0BCFC0EB34B42E03F	C820B605AAD049D0BCFC0EB34B42E03F	thumb	placeholder	https://proxy.archieven.nl/thumb/235/C820B605AAD049D0BCFC0EB34B42E03F
A6BB0A8E6D2946E0A117A306963E05E2	A6BB0A8E6D2946E0A117A306963E05E2	thumb	placeholder	https://proxy.archieven.nl/thumb/235/A6BB0A8E6D2946E0A117A306963E05E2
A0B5A4529D2145D09BFD0C30A7CFDC66	A0B5A4529D2145D09BFD0C30A7CFDC66	thumb	placeholder	https://proxy.archieven.nl/thumb/235/A0B5A4529D2145D09BFD0C30A7CFDC66
EB67686750A54012A10B2E3066684D7E	EB67686750A54012A10B2E3066684D7E	thumb	placeholder	https://proxy.archieven.nl/thumb/235/EB67686750A54012A10B2E3066684D7E
1D9E5793EF9444708D046556FDF911B5	1D9E5793EF9444708D046556FDF911B5	thumb	placeholder	https://proxy.archieven.nl/thumb/235/1D9E5793EF9444708D046556FDF911B5
DEE7AEE62DA2494DAFF4488CD75ACD20	DEE7AEE62DA2494DAFF4488CD75ACD20	thumb	placeholder	https://proxy.archieven.nl/thumb/235/DEE7AEE62DA2494DAFF4488CD75ACD20
164DAC59B9534A0EA0D479E7AAAA8201	164DAC59B9534A0EA0D479E7AAAA8201	thumb	placeholder	https://proxy.archieven.nl/thumb/235/164DAC59B9534A0EA0D479E7AAAA8201
7C9FF25D63174BFF93AB8B3F10ED68F0	7C9FF25D63174BFF93AB8B3F10ED68F0	thumb	placeholder	https://proxy.archieven.nl/thumb/235/7C9FF25D63174BFF93AB8B3F10ED68F0
5E4F9A6953E241B2A2B0E2C347C26C25	5E4F9A6953E241B2A2B0E2C347C26C25	thumb	placeholder	https://proxy.archieven.nl/thumb/235/5E4F9A6953E241B2A2B0E2C347C26C25
0A2934C70A944B54B19D60634EBF9F18	0A2934C70A944B54B19D60634EBF9F18	thumb	placeholder	https://proxy.archieven.nl/thumb/235/0A2934C70A944B54B19D60634EBF9F18
6E18CD77225041E6914B0434A07A1DEA	6E18CD77225041E6914B0434A07A1DEA	thumb	placeholder	https://proxy.archieven.nl/thumb/235/6E18CD77225041E6914B0434A07A1DEA
8CD53F5200034FAE83025AB32CB7883A	8CD53F5200034FAE83025AB32CB7883A	thumb	placeholder	https://proxy.archieven.nl/thumb/235/8CD53F5200034FAE83025AB32CB7883A
ED47F72799814D3E84D96D12B8E03027	ED47F72799814D3E84D96D12B8E03027	thumb	placeholder	https://proxy.archieven.nl/thumb/235/ED47F72799814D3E84D96D12B8E03027
7EAEE8930141444C961C06592D5B118E	7EAEE8930141444C961C06592D5B118E	thumb	placeholder	https://proxy.archieven.nl/thumb/235/7EAEE8930141444C961C06592D5B118E
BD9CC3CB46C0424199579EFC19BB1AC6	BD9CC3CB46C0424199579EFC19BB1AC6	thumb	placeholder	https://proxy.archieven.nl/thumb/235/BD9CC3CB46C0424199579EFC19BB1AC6
7BA6046EC0504584876111EA5CE282BE	7BA6046EC0504584876111EA5CE282BE	thumb	placeholder	https://proxy.archieven.nl/thumb/235/7BA6046EC0504584876111EA5CE282BE
4EDCCBE8E00A4C47BA5C2D23BF3252D0	4EDCCBE8E00A4C47BA5C2D23BF3252D0	thumb	placeholder	https://proxy.archieven.nl/thumb/235/4EDCCBE8E00A4C47BA5C2D23BF3252D0
08995C5D4D65488781AFBE48B0A09067	08995C5D4D65488781AFBE48B0A09067	thumb	placeholder	https://proxy.archieven.nl/thumb/235/08995C5D4D65488781AFBE48B0A09067
9B4283F6C5BF476CB20742A16898B814	9B4283F6C5BF476CB20742A16898B814	thumb	placeholder	https://proxy.archieven.nl/thumb/235/9B4283F6C5BF476CB20742A16898B814
D7E5A167704B42AE878CD75C235C59BF	D7E5A167704B42AE878CD75C235C59BF	thumb	placeholder	https://proxy.archieven.nl/thumb/235/D7E5A167704B42AE878CD75C235C59BF
C3F97E80C64F491AA0E5F319DEF606BE	C3F97E80C64F491AA0E5F319DEF606BE	thumb	placeholder	https://proxy.archieven.nl/thumb/235/C3F97E80C64F491AA0E5F319DEF606BE
9B5ADB933FD043258DA1540638132F49	9B5ADB933FD043258DA1540638132F49	thumb	placeholder	https://proxy.archieven.nl/thumb/235/9B5ADB933FD043258DA1540638132F49
3DB47CCC1EB344698E20DDAF114972B4	3DB47CCC1EB344698E20DDAF114972B4	thumb	placeholder	https://proxy.archieven.nl/thumb/235/3DB47CCC1EB344698E20DDAF114972B4
B50DD3A89F6440E18790A10601048A47	B50DD3A89F6440E18790A10601048A47	thumb	placeholder	https://proxy.archieven.nl/thumb/235/B50DD3A89F6440E18790A10601048A47
99F39437F56A453AA2A7835912AD04BF	99F39437F56A453AA2A7835912AD04BF	thumb	placeholder	https://proxy.archieven.nl/thumb/235/99F39437F56A453AA2A7835912AD04BF
983630849BE8410A93DF296BC0CC30EA	983630849BE8410A93DF296BC0CC30EA	thumb	placeholder	https://proxy.archieven.nl/thumb/235/983630849BE8410A93DF296BC0CC30EA
3D6860EC19B24375BBFD44CDB74BC45E	3D6860EC19B24375BBFD44CDB74BC45E	thumb	placeholder	https://proxy.archieven.nl/thumb/235/3D6860EC19B24375BBFD44CDB74BC45E
C8A8972A118E43488889775D49C247A9	C8A8972A118E43488889775D49C247A9	thumb	placeholder	https://proxy.archieven.nl/thumb/235/C8A8972A118E43488889775D49C247A9
638CA8A16F1146199A818D7B614525F5	638CA8A16F1146199A818D7B614525F5	thumb	placeholder	https://proxy.archieven.nl/thumb/235/638CA8A16F1146199A818D7B614525F5
6AC82D2590FB427488CBE3DF2E342B64	6AC82D2590FB427488CBE3DF2E342B64	thumb	placeholder	https://proxy.archieven.nl/thumb/235/6AC82D2590FB427488CBE3DF2E342B64
69B45E18B95343F5A01F82E178141A4C	69B45E18B95343F5A01F82E178141A4C	thumb	placeholder	https://proxy.archieven.nl/thumb/235/69B45E18B95343F5A01F82E178141A4C
4C4B7D90B9614520B188170D81EF210D	4C4B7D90B9614520B188170D81EF210D	thumb	placeholder	https://proxy.archieven.nl/thumb/235/4C4B7D90B9614520B188170D81EF210D
071B0519E5B84B899567CA800BF81C8C	071B0519E5B84B899567CA800BF81C8C	thumb	placeholder	https://proxy.archieven.nl/thumb/235/071B0519E5B84B899567CA800BF81C8C
80FEF8CEA6D3407CB9AD3C673305F28A	80FEF8CEA6D3407CB9AD3C673305F28A	thumb	placeholder	https://proxy.archieven.nl/thumb/235/80FEF8CEA6D3407CB9AD3C673305F28A
B1C9220450064AB8B2523EF78EB03D62	B1C9220450064AB8B2523EF78EB03D62	thumb	placeholder	https://proxy.archieven.nl/thumb/235/B1C9220450064AB8B2523EF78EB03D62
466A41A4C31F4E0482A7EBD0FF996BB2	466A41A4C31F4E0482A7EBD0FF996BB2	thumb	placeholder	https://proxy.archieven.nl/thumb/235/466A41A4C31F4E0482A7EBD0FF996BB2
06952C3578DC44BA89F31C3628B2BDE9	06952C3578DC44BA89F31C3628B2BDE9	thumb	placeholder	https://proxy.archieven.nl/thumb/235/06952C3578DC44BA89F31C3628B2BDE9
40AB8A5D33364EC088EDDD56780DF4DB	40AB8A5D33364EC088EDDD56780DF4DB	thumb	placeholder	https://proxy.archieven.nl/thumb/235/40AB8A5D33364EC088EDDD56780DF4DB
39961A5DD64D4A61AE5CFC22DB630F7E	39961A5DD64D4A61AE5CFC22DB630F7E	thumb	placeholder	https://proxy.archieven.nl/thumb/235/39961A5DD64D4A61AE5CFC22DB630F7E
8EA3B9148ECB43E7B8B2F58A20731B74	8EA3B9148ECB43E7B8B2F58A20731B74	thumb	placeholder	https://proxy.archieven.nl/thumb/235/8EA3B9148ECB43E7B8B2F58A20731B74
2F40FFD2C707445BA289B2061CC08A11	2F40FFD2C707445BA289B2061CC08A11	thumb	placeholder	https://proxy.archieven.nl/thumb/235/2F40FFD2C707445BA289B2061CC08A11
ADE74BEDBB3A4D05AE102CDF6CEEAEB9	ADE74BEDBB3A4D05AE102CDF6CEEAEB9	thumb	placeholder	https://proxy.archieven.nl/thumb/235/ADE74BEDBB3A4D05AE102CDF6CEEAEB9
83756CFD8C9148AFA8AF8EF1BF270794	83756CFD8C9148AFA8AF8EF1BF270794	thumb	placeholder	https://proxy.archieven.nl/thumb/235/83756CFD8C9148AFA8AF8EF1BF270794
6C91A37AA72E46928DC51A4AB0F4C19A	6C91A37AA72E46928DC51A4AB0F4C19A	thumb	placeholder	https://proxy.archieven.nl/thumb/235/6C91A37AA72E46928DC51A4AB0F4C19A
38B96A43F7884359901D6D4AA26FA270	38B96A43F7884359901D6D4AA26FA270	thumb	placeholder	https://proxy.archieven.nl/thumb/235/38B96A43F7884359901D6D4AA26FA270
77224E6F37034F26A0AB59738DAC6086	77224E6F37034F26A0AB59738DAC6086	thumb	placeholder	https://proxy.archieven.nl/thumb/235/77224E6F37034F26A0AB59738DAC6086
3C284A3225B242D4BA8AC334E03CFF0C	3C284A3225B242D4BA8AC334E03CFF0C	thumb	placeholder	https://proxy.archieven.nl/thumb/235/3C284A3225B242D4BA8AC334E03CFF0C
9DED87B77EFB4669B4ECDFDAEF0AB367	9DED87B77EFB4669B4ECDFDAEF0AB367	thumb	placeholder	https://proxy.archieven.nl/thumb/235/9DED87B77EFB4669B4ECDFDAEF0AB367
196C25FBEAD648A7B1A88EEC666ADA66	196C25FBEAD648A7B1A88EEC666ADA66	thumb	placeholder	https://proxy.archieven.nl/thumb/235/196C25FBEAD648A7B1A88EEC666ADA66
41DDC699D9C44BE6AB746381BEA6D223	41DDC699D9C44BE6AB746381BEA6D223	thumb	placeholder	https://proxy.archieven.nl/thumb/235/41DDC699D9C44BE6AB746381BEA6D223
A8B79EA848C44DA48AAA42AC3CFC881A	A8B79EA848C44DA48AAA42AC3CFC881A	thumb	placeholder	https://proxy.archieven.nl/thumb/235/A8B79EA848C44DA48AAA42AC3CFC881A
90A854F533BE4635A8611377F6E56799	90A854F533BE4635A8611377F6E56799	thumb	placeholder	https://proxy.archieven.nl/thumb/235/90A854F533BE4635A8611377F6E56799
480C21824F0E456C815240F71923937D	480C21824F0E456C815240F71923937D	thumb	placeholder	https://proxy.archieven.nl/thumb/235/480C21824F0E456C815240F71923937D
3A2971441F7642AF8BF35545436806B7	3A2971441F7642AF8BF35545436806B7	thumb	placeholder	https://proxy.archieven.nl/thumb/235/3A2971441F7642AF8BF35545436806B7
406BB661A2544F3483748F6137BFDF50	406BB661A2544F3483748F6137BFDF50	thumb	placeholder	https://proxy.archieven.nl/thumb/235/406BB661A2544F3483748F6137BFDF50
C884C52368CC49E9A6AF43B7DFE48E16	C884C52368CC49E9A6AF43B7DFE48E16	thumb	placeholder	https://proxy.archieven.nl/thumb/235/C884C52368CC49E9A6AF43B7DFE48E16
BF04FC878B6F450B96831B96712A4C50	BF04FC878B6F450B96831B96712A4C50	thumb	placeholder	https://proxy.archieven.nl/thumb/235/BF04FC878B6F450B96831B96712A4C50
7DD99A882F6D46408B2F5DD7B6D348B4	7DD99A882F6D46408B2F5DD7B6D348B4	thumb	placeholder	https://proxy.archieven.nl/thumb/235/7DD99A882F6D46408B2F5DD7B6D348B4
B226AA3714174D6792CA326CAAE347DC	B226AA3714174D6792CA326CAAE347DC	thumb	placeholder	https://proxy.archieven.nl/thumb/235/B226AA3714174D6792CA326CAAE347DC
E3CE7155B6694AD393E37137BAEABDF9	E3CE7155B6694AD393E37137BAEABDF9	thumb	placeholder	https://proxy.archieven.nl/thumb/235/E3CE7155B6694AD393E37137BAEABDF9
AF68095AC5D74CE896F97C0C783891EE	AF68095AC5D74CE896F97C0C783891EE	thumb	placeholder	https://proxy.archieven.nl/thumb/235/AF68095AC5D74CE896F97C0C783891EE
940A88C5A1334D68830B0B67C8D7177E	940A88C5A1334D68830B0B67C8D7177E	thumb	placeholder	https://proxy.archieven.nl/thumb/235/940A88C5A1334D68830B0B67C8D7177E
90F8B26D12F74694896E9659D9F27795	90F8B26D12F74694896E9659D9F27795	thumb	placeholder	https://proxy.archieven.nl/thumb/235/90F8B26D12F74694896E9659D9F27795
6367693DD1384EF99D854ECA680EBECB	6367693DD1384EF99D854ECA680EBECB	thumb	placeholder	https://proxy.archieven.nl/thumb/235/6367693DD1384EF99D854ECA680EBECB
C481F2BF99CE4A63B38EC49452625D7E	C481F2BF99CE4A63B38EC49452625D7E	thumb	placeholder	https://proxy.archieven.nl/thumb/235/C481F2BF99CE4A63B38EC49452625D7E
1EC6FB7C81D545CAA482E68E10FCB0C5	1EC6FB7C81D545CAA482E68E10FCB0C5	thumb	placeholder	https://proxy.archieven.nl/thumb/235/1EC6FB7C81D545CAA482E68E10FCB0C5
354B11CB0F8341B894EC8CC2F4DF3128	354B11CB0F8341B894EC8CC2F4DF3128	thumb	placeholder	https://proxy.archieven.nl/thumb/235/354B11CB0F8341B894EC8CC2F4DF3128
9153D9B4637E45FAA68E3CBDDB761DB5	9153D9B4637E45FAA68E3CBDDB761DB5	thumb	placeholder	https://proxy.archieven.nl/thumb/235/9153D9B4637E45FAA68E3CBDDB761DB5
251A777A420F4DF9BB0343D4C7AEFAA9	251A777A420F4DF9BB0343D4C7AEFAA9	thumb	placeholder	https://proxy.archieven.nl/thumb/235/251A777A420F4DF9BB0343D4C7AEFAA9
F16DCF3EAB0E40BCB68E27E081B82D9D	F16DCF3EAB0E40BCB68E27E081B82D9D	thumb	placeholder	https://proxy.archieven.nl/thumb/235/F16DCF3EAB0E40BCB68E27E081B82D9D
4BFC9816CDCB45818DE7796D5FBCFBE4	4BFC9816CDCB45818DE7796D5FBCFBE4	thumb	placeholder	https://proxy.archieven.nl/thumb/235/4BFC9816CDCB45818DE7796D5FBCFBE4
AE267474010E4954ABF66C33FA4A7DF1	AE267474010E4954ABF66C33FA4A7DF1	thumb	placeholder	https://proxy.archieven.nl/thumb/235/AE267474010E4954ABF66C33FA4A7DF1
30B79D0FCEFC498B9BE8B8C6EBE3CE0F	30B79D0FCEFC498B9BE8B8C6EBE3CE0F	thumb	placeholder	https://proxy.archieven.nl/thumb/235/30B79D0FCEFC498B9BE8B8C6EBE3CE0F
040A83E50E6A447397778594B9B585D5	040A83E50E6A447397778594B9B585D5	thumb	placeholder	https://proxy.archieven.nl/thumb/235/040A83E50E6A447397778594B9B585D5
D0806DBF829640038E1379A6512B46DB	D0806DBF829640038E1379A6512B46DB	thumb	placeholder	https://proxy.archieven.nl/thumb/235/D0806DBF829640038E1379A6512B46DB
D1984989B56848BFB994EAF81A83F590	D1984989B56848BFB994EAF81A83F590	thumb	placeholder	https://proxy.archieven.nl/thumb/235/D1984989B56848BFB994EAF81A83F590
26B65DA544BF4C8D95D4B34337F64CC1	26B65DA544BF4C8D95D4B34337F64CC1	thumb	placeholder	https://proxy.archieven.nl/thumb/235/26B65DA544BF4C8D95D4B34337F64CC1
37F465C6532A49B8BCA99A7E99FCA6C6	37F465C6532A49B8BCA99A7E99FCA6C6	thumb	placeholder	https://proxy.archieven.nl/thumb/235/37F465C6532A49B8BCA99A7E99FCA6C6
69321A84D00E4ED5A0F7BCDBF69C5BBB	69321A84D00E4ED5A0F7BCDBF69C5BBB	thumb	placeholder	https://proxy.archieven.nl/thumb/235/69321A84D00E4ED5A0F7BCDBF69C5BBB
2DE7E47812EF4EB38B026CF851787206	2DE7E47812EF4EB38B026CF851787206	thumb	placeholder	https://proxy.archieven.nl/thumb/235/2DE7E47812EF4EB38B026CF851787206
22EDDB9B407049339F848DD1129E16F1	22EDDB9B407049339F848DD1129E16F1	thumb	placeholder	https://proxy.archieven.nl/thumb/235/22EDDB9B407049339F848DD1129E16F1
EBD422DA629349F4A590132AB2101CEE	EBD422DA629349F4A590132AB2101CEE	thumb	placeholder	https://proxy.archieven.nl/thumb/235/EBD422DA629349F4A590132AB2101CEE
5C83C0ACA6134150B486F233D2BCCFB1	5C83C0ACA6134150B486F233D2BCCFB1	thumb	placeholder	https://proxy.archieven.nl/thumb/235/5C83C0ACA6134150B486F233D2BCCFB1
394F044B288E43EC99438D85320D2C60	394F044B288E43EC99438D85320D2C60	thumb	placeholder	https://proxy.archieven.nl/thumb/235/394F044B288E43EC99438D85320D2C60
72F1A419CFF649BFAB879B026B7D4668	72F1A419CFF649BFAB879B026B7D4668	thumb	placeholder	https://proxy.archieven.nl/thumb/235/72F1A419CFF649BFAB879B026B7D4668
8F1A2FAA5DCA4C12A905D8C283E82191	8F1A2FAA5DCA4C12A905D8C283E82191	thumb	placeholder	https://proxy.archieven.nl/thumb/235/8F1A2FAA5DCA4C12A905D8C283E82191
6B542E0C99C94AAB86F777AAD6C46A91	6B542E0C99C94AAB86F777AAD6C46A91	thumb	placeholder	https://proxy.archieven.nl/thumb/235/6B542E0C99C94AAB86F777AAD6C46A91
62D8345ECD2A41B88686915CF137A8F5	62D8345ECD2A41B88686915CF137A8F5	thumb	placeholder	https://proxy.archieven.nl/thumb/235/62D8345ECD2A41B88686915CF137A8F5
2019102787834853932AD082B9E160CD	2019102787834853932AD082B9E160CD	thumb	placeholder	https://proxy.archieven.nl/thumb/235/2019102787834853932AD082B9E160CD
3AC84AB7F2A94357B252DD44CD8D887B	3AC84AB7F2A94357B252DD44CD8D887B	thumb	placeholder	https://proxy.archieven.nl/thumb/235/3AC84AB7F2A94357B252DD44CD8D887B
35BF8B3679314BE39273CD73F6B58FB4	35BF8B3679314BE39273CD73F6B58FB4	thumb	placeholder	https://proxy.archieven.nl/thumb/235/35BF8B3679314BE39273CD73F6B58FB4
C1541142B89F4A268983730969576390	C1541142B89F4A268983730969576390	thumb	placeholder	https://proxy.archieven.nl/thumb/235/C1541142B89F4A268983730969576390
6112A53361784915AEBA284251F082AC	6112A53361784915AEBA284251F082AC	thumb	placeholder	https://proxy.archieven.nl/thumb/235/6112A53361784915AEBA284251F082AC
50B5457D48674BA39440C0CA763ADA5F	50B5457D48674BA39440C0CA763ADA5F	thumb	placeholder	https://proxy.archieven.nl/thumb/235/50B5457D48674BA39440C0CA763ADA5F
B83B2D875F32411C80ED1E42EAE0A27B	B83B2D875F32411C80ED1E42EAE0A27B	thumb	placeholder	https://proxy.archieven.nl/thumb/235/B83B2D875F32411C80ED1E42EAE0A27B
119FE8C59FFF41B79AF60D2C0AB556F7	119FE8C59FFF41B79AF60D2C0AB556F7	thumb	placeholder	https://proxy.archieven.nl/thumb/235/119FE8C59FFF41B79AF60D2C0AB556F7
B8574915E4DA45A3A160DBE370B8CD0C	B8574915E4DA45A3A160DBE370B8CD0C	thumb	placeholder	https://proxy.archieven.nl/thumb/235/B8574915E4DA45A3A160DBE370B8CD0C
AABEFF3E65004BD5BBEC5E5EEC5F82AB	AABEFF3E65004BD5BBEC5E5EEC5F82AB	thumb	placeholder	https://proxy.archieven.nl/thumb/235/AABEFF3E65004BD5BBEC5E5EEC5F82AB
CF7999FDD469447985ECFD3690BCF425	CF7999FDD469447985ECFD3690BCF425	thumb	placeholder	https://proxy.archieven.nl/thumb/235/CF7999FDD469447985ECFD3690BCF425
7DF4832F986C4EC38E0AE7704531E490	7DF4832F986C4EC38E0AE7704531E490	thumb	placeholder	https://proxy.archieven.nl/thumb/235/7DF4832F986C4EC38E0AE7704531E490
0A81568911394B2AA29DF4ABF7F7A120	0A81568911394B2AA29DF4ABF7F7A120	thumb	placeholder	https://proxy.archieven.nl/thumb/235/0A81568911394B2AA29DF4ABF7F7A120
215710BAC5F14657AB6243432FBBAD1C	215710BAC5F14657AB6243432FBBAD1C	thumb	placeholder	https://proxy.archieven.nl/thumb/235/215710BAC5F14657AB6243432FBBAD1C
96D2A6E9A40F42B1A1EE2071F866B7AF	96D2A6E9A40F42B1A1EE2071F866B7AF	thumb	placeholder	https://proxy.archieven.nl/thumb/235/96D2A6E9A40F42B1A1EE2071F866B7AF
0BD4CF5F20994979B52EE7C5697C5DE4	0BD4CF5F20994979B52EE7C5697C5DE4	thumb	placeholder	https://proxy.archieven.nl/thumb/235/0BD4CF5F20994979B52EE7C5697C5DE4
4B02A2D68B444A2A8F25B353C350BF21	4B02A2D68B444A2A8F25B353C350BF21	thumb	placeholder	https://proxy.archieven.nl/thumb/235/4B02A2D68B444A2A8F25B353C350BF21
45EB88DE48DE498C96AE1CF0C74D98E2	45EB88DE48DE498C96AE1CF0C74D98E2	thumb	placeholder	https://proxy.archieven.nl/thumb/235/45EB88DE48DE498C96AE1CF0C74D98E2
3011CD8EFCB54702A761C5FED5BB4DFE	3011CD8EFCB54702A761C5FED5BB4DFE	thumb	placeholder	https://proxy.archieven.nl/thumb/235/3011CD8EFCB54702A761C5FED5BB4DFE
41BB266469924300A8916D2D512E4709	41BB266469924300A8916D2D512E4709	thumb	placeholder	https://proxy.archieven.nl/thumb/235/41BB266469924300A8916D2D512E4709
103E12B26BB042D09CD18F0DFB443A8C	103E12B26BB042D09CD18F0DFB443A8C	thumb	placeholder	https://proxy.archieven.nl/thumb/235/103E12B26BB042D09CD18F0DFB443A8C
959FF784C8814EC392C69FFF4713F1AB	959FF784C8814EC392C69FFF4713F1AB	thumb	placeholder	https://proxy.archieven.nl/thumb/235/959FF784C8814EC392C69FFF4713F1AB
24B81A3E041A40398BD7436454735809	24B81A3E041A40398BD7436454735809	thumb	placeholder	https://proxy.archieven.nl/thumb/235/24B81A3E041A40398BD7436454735809
DE8EB82E36114713ABD17C7468CABBCC	DE8EB82E36114713ABD17C7468CABBCC	thumb	placeholder	https://proxy.archieven.nl/thumb/235/DE8EB82E36114713ABD17C7468CABBCC
60830C48EA6845A79EB7F8CA4DC54441	60830C48EA6845A79EB7F8CA4DC54441	thumb	placeholder	https://proxy.archieven.nl/thumb/235/60830C48EA6845A79EB7F8CA4DC54441
AB8806ADE84A40D2A7A69315D46443E9	AB8806ADE84A40D2A7A69315D46443E9	thumb	placeholder	https://proxy.archieven.nl/thumb/235/AB8806ADE84A40D2A7A69315D46443E9
A4ECBC9405364475B0A415E9D80DFD62	A4ECBC9405364475B0A415E9D80DFD62	thumb	placeholder	https://proxy.archieven.nl/thumb/235/A4ECBC9405364475B0A415E9D80DFD62
99E9B03DA34F4042AD5E90ED48551E42	99E9B03DA34F4042AD5E90ED48551E42	thumb	placeholder	https://proxy.archieven.nl/thumb/235/99E9B03DA34F4042AD5E90ED48551E42
6566986CEB9441E2B7370DC61C4A27B6	6566986CEB9441E2B7370DC61C4A27B6	thumb	placeholder	https://proxy.archieven.nl/thumb/235/6566986CEB9441E2B7370DC61C4A27B6
2A18810F11E1425485DAE13737EC70EC	2A18810F11E1425485DAE13737EC70EC	thumb	placeholder	https://proxy.archieven.nl/thumb/235/2A18810F11E1425485DAE13737EC70EC
0415CC7E6229422FA6B3050F6123EB0C	0415CC7E6229422FA6B3050F6123EB0C	thumb	placeholder	https://proxy.archieven.nl/thumb/235/0415CC7E6229422FA6B3050F6123EB0C
D598B9B4A982445391FDCD88C24C4964	D598B9B4A982445391FDCD88C24C4964	thumb	placeholder	https://proxy.archieven.nl/thumb/235/D598B9B4A982445391FDCD88C24C4964
39F0DD3BEAC74CEBA0C645E5A69CA110	39F0DD3BEAC74CEBA0C645E5A69CA110	thumb	placeholder	https://proxy.archieven.nl/thumb/235/39F0DD3BEAC74CEBA0C645E5A69CA110
A0F6B3CD2CEA41D99BE26F337FF18013	A0F6B3CD2CEA41D99BE26F337FF18013	thumb	placeholder	https://proxy.archieven.nl/thumb/235/A0F6B3CD2CEA41D99BE26F337FF18013
CA3F324835C14DDA8190A7465E9D7FEC	CA3F324835C14DDA8190A7465E9D7FEC	thumb	placeholder	https://proxy.archieven.nl/thumb/235/CA3F324835C14DDA8190A7465E9D7FEC
2829F314564E4A089E3513846C586559	2829F314564E4A089E3513846C586559	thumb	placeholder	https://proxy.archieven.nl/thumb/235/2829F314564E4A089E3513846C586559
EC2AFB5183AE46FCBE173B8B7A1B55AE	EC2AFB5183AE46FCBE173B8B7A1B55AE	thumb	placeholder	https://proxy.archieven.nl/thumb/235/EC2AFB5183AE46FCBE173B8B7A1B55AE
0E0CCAF2375347DF87BCF3F7910F80EB	0E0CCAF2375347DF87BCF3F7910F80EB	thumb	placeholder	https://proxy.archieven.nl/thumb/235/0E0CCAF2375347DF87BCF3F7910F80EB
7A665311250748D0844D5F821D06BA12	7A665311250748D0844D5F821D06BA12	thumb	placeholder	https://proxy.archieven.nl/thumb/235/7A665311250748D0844D5F821D06BA12
23B09D2F8D564D8F8C7935C8E27BAFA6	23B09D2F8D564D8F8C7935C8E27BAFA6	thumb	placeholder	https://proxy.archieven.nl/thumb/235/23B09D2F8D564D8F8C7935C8E27BAFA6
48EF83EB9F894A23BAE5C53CDF0F6621	48EF83EB9F894A23BAE5C53CDF0F6621	thumb	placeholder	https://proxy.archieven.nl/thumb/235/48EF83EB9F894A23BAE5C53CDF0F6621
F0D85879C6124F229C56EFA6E3F94D9B	F0D85879C6124F229C56EFA6E3F94D9B	thumb	placeholder	https://proxy.archieven.nl/thumb/235/F0D85879C6124F229C56EFA6E3F94D9B
5861F4DC2BAE4EAE967DBC2BF999D87F	5861F4DC2BAE4EAE967DBC2BF999D87F	thumb	placeholder	https://proxy.archieven.nl/thumb/235/5861F4DC2BAE4EAE967DBC2BF999D87F
C84A9917AE1B4C8B957DFCA5D9012A07	C84A9917AE1B4C8B957DFCA5D9012A07	thumb	placeholder	https://proxy.archieven.nl/thumb/235/C84A9917AE1B4C8B957DFCA5D9012A07
B18BB1B83B1A4D7CA557F5629BD08E53	B18BB1B83B1A4D7CA557F5629BD08E53	thumb	placeholder	https://proxy.archieven.nl/thumb/235/B18BB1B83B1A4D7CA557F5629BD08E53
A12EC3AD2E7941FE9E7684A4B7CD9E67	A12EC3AD2E7941FE9E7684A4B7CD9E67	thumb	placeholder	https://proxy.archieven.nl/thumb/235/A12EC3AD2E7941FE9E7684A4B7CD9E67
34DD8CB4C095406BA4A82718E03BD607	34DD8CB4C095406BA4A82718E03BD607	thumb	placeholder	https://proxy.archieven.nl/thumb/235/34DD8CB4C095406BA4A82718E03BD607
85FA0A7EEF6145BE84FF650C716D11B0	85FA0A7EEF6145BE84FF650C716D11B0	thumb	placeholder	https://proxy.archieven.nl/thumb/235/85FA0A7EEF6145BE84FF650C716D11B0
3F11D081A2534600AC33B9F3A09445C1	3F11D081A2534600AC33B9F3A09445C1	thumb	placeholder	https://proxy.archieven.nl/thumb/235/3F11D081A2534600AC33B9F3A09445C1
9477644166C34C94970F4BB99B71E885	9477644166C34C94970F4BB99B71E885	thumb	placeholder	https://proxy.archieven.nl/thumb/235/9477644166C34C94970F4BB99B71E885
FBDFF4E06E3449EEB79CD54B805FAF57	FBDFF4E06E3449EEB79CD54B805FAF57	thumb	placeholder	https://proxy.archieven.nl/thumb/235/FBDFF4E06E3449EEB79CD54B805FAF57
05388BF503CD40088C0F7254AE1535F8	05388BF503CD40088C0F7254AE1535F8	thumb	placeholder	https://proxy.archieven.nl/thumb/235/05388BF503CD40088C0F7254AE1535F8
0B32A0472FCA48598BEA7312F1587545	0B32A0472FCA48598BEA7312F1587545	thumb	placeholder	https://proxy.archieven.nl/thumb/235/0B32A0472FCA48598BEA7312F1587545
476735DEB2524F31AFC48001354FC585	476735DEB2524F31AFC48001354FC585	thumb	placeholder	https://proxy.archieven.nl/thumb/235/476735DEB2524F31AFC48001354FC585
CF66568E9D314A94920656A88EF89B7B	CF66568E9D314A94920656A88EF89B7B	thumb	placeholder	https://proxy.archieven.nl/thumb/235/CF66568E9D314A94920656A88EF89B7B
5523D7CF1CCD495B839FF73D68BE8440	5523D7CF1CCD495B839FF73D68BE8440	thumb	placeholder	https://proxy.archieven.nl/thumb/235/5523D7CF1CCD495B839FF73D68BE8440
6BFC3A57D3664FD8856900D9067804FD	6BFC3A57D3664FD8856900D9067804FD	thumb	placeholder	https://proxy.archieven.nl/thumb/235/6BFC3A57D3664FD8856900D9067804FD
399CDFD3FC8D439FBF43001D2D4EFD4A	399CDFD3FC8D439FBF43001D2D4EFD4A	thumb	placeholder	https://proxy.archieven.nl/thumb/235/399CDFD3FC8D439FBF43001D2D4EFD4A
50858813B06C445ABB13CA1EB44A47DF	50858813B06C445ABB13CA1EB44A47DF	thumb	placeholder	https://proxy.archieven.nl/thumb/235/50858813B06C445ABB13CA1EB44A47DF
3343A59433BB4CF58DD329FC8CD74206	3343A59433BB4CF58DD329FC8CD74206	thumb	placeholder	https://proxy.archieven.nl/thumb/235/3343A59433BB4CF58DD329FC8CD74206
33C2682B492E4232AEA353C21B6EE01A	33C2682B492E4232AEA353C21B6EE01A	thumb	placeholder	https://proxy.archieven.nl/thumb/235/33C2682B492E4232AEA353C21B6EE01A
8D6B26AC259A4404945283B21D8DBE20	8D6B26AC259A4404945283B21D8DBE20	thumb	placeholder	https://proxy.archieven.nl/thumb/235/8D6B26AC259A4404945283B21D8DBE20
38B3D9DD0C4F44319AB8EC030A4ECBE5	38B3D9DD0C4F44319AB8EC030A4ECBE5	thumb	placeholder	https://proxy.archieven.nl/thumb/235/38B3D9DD0C4F44319AB8EC030A4ECBE5
048D9F8CBD2D4D4481ED92D4CF8490D3	048D9F8CBD2D4D4481ED92D4CF8490D3	thumb	placeholder	https://proxy.archieven.nl/thumb/235/048D9F8CBD2D4D4481ED92D4CF8490D3
DC9BF2DB758F47268AC1F49425B16C92	DC9BF2DB758F47268AC1F49425B16C92	thumb	placeholder	https://proxy.archieven.nl/thumb/235/DC9BF2DB758F47268AC1F49425B16C92
EA3E562C4FEC4F2A8751F055F3641452	EA3E562C4FEC4F2A8751F055F3641452	thumb	placeholder	https://proxy.archieven.nl/thumb/235/EA3E562C4FEC4F2A8751F055F3641452
148F4F17C96A492DAB6AB1D5ABB1EB6A	148F4F17C96A492DAB6AB1D5ABB1EB6A	thumb	placeholder	https://proxy.archieven.nl/thumb/235/148F4F17C96A492DAB6AB1D5ABB1EB6A
12010ECDADED499BB794FF6C7FCD0183	12010ECDADED499BB794FF6C7FCD0183	thumb	placeholder	https://proxy.archieven.nl/thumb/235/12010ECDADED499BB794FF6C7FCD0183
812477472ED8452CB8824621B05DB3FD	812477472ED8452CB8824621B05DB3FD	thumb	placeholder	https://proxy.archieven.nl/thumb/235/812477472ED8452CB8824621B05DB3FD
5CCD000025A9487F878082800F010BA8	5CCD000025A9487F878082800F010BA8	thumb	placeholder	https://proxy.archieven.nl/thumb/235/5CCD000025A9487F878082800F010BA8
047AEF194BDB4A5FA1615BDFC8D34D25	047AEF194BDB4A5FA1615BDFC8D34D25	thumb	placeholder	https://proxy.archieven.nl/thumb/235/047AEF194BDB4A5FA1615BDFC8D34D25
85E6A5F472664F7284A4F6505E2162D2	85E6A5F472664F7284A4F6505E2162D2	thumb	placeholder	https://proxy.archieven.nl/thumb/235/85E6A5F472664F7284A4F6505E2162D2
6588CDA7DFA74476BC6C2046E8A8208D	6588CDA7DFA74476BC6C2046E8A8208D	thumb	placeholder	https://proxy.archieven.nl/thumb/235/6588CDA7DFA74476BC6C2046E8A8208D
ACC6C3C6F69F4A3C84445D073ACC215C	ACC6C3C6F69F4A3C84445D073ACC215C	thumb	placeholder	https://proxy.archieven.nl/thumb/235/ACC6C3C6F69F4A3C84445D073ACC215C
67686F8B49A44DB7AB29F6F89DDAF4EA	67686F8B49A44DB7AB29F6F89DDAF4EA	thumb	placeholder	https://proxy.archieven.nl/thumb/235/67686F8B49A44DB7AB29F6F89DDAF4EA
F24DFBF7F83F4F798644A8CF2C688384	F24DFBF7F83F4F798644A8CF2C688384	thumb	placeholder	https://proxy.archieven.nl/thumb/235/F24DFBF7F83F4F798644A8CF2C688384
0DAF72A1366A46ABBA39FB4DE4E84EBB	0DAF72A1366A46ABBA39FB4DE4E84EBB	thumb	placeholder	https://proxy.archieven.nl/thumb/235/0DAF72A1366A46ABBA39FB4DE4E84EBB
68A906A2989C4289BAEE1E6B4DEA99C7	68A906A2989C4289BAEE1E6B4DEA99C7	thumb	placeholder	https://proxy.archieven.nl/thumb/235/68A906A2989C4289BAEE1E6B4DEA99C7
E7734D1E09024D6D9EB8511B929BB78E	E7734D1E09024D6D9EB8511B929BB78E	thumb	placeholder	https://proxy.archieven.nl/thumb/235/E7734D1E09024D6D9EB8511B929BB78E
617EA1C7858742D4A59F6EF5AB5B366E	617EA1C7858742D4A59F6EF5AB5B366E	thumb	placeholder	https://proxy.archieven.nl/thumb/235/617EA1C7858742D4A59F6EF5AB5B366E
90965C128B914D4EA1BEEBEA6CD99FEA	90965C128B914D4EA1BEEBEA6CD99FEA	thumb	placeholder	https://proxy.archieven.nl/thumb/235/90965C128B914D4EA1BEEBEA6CD99FEA
8C1E35B595F844D88A0B6219289A19BF	8C1E35B595F844D88A0B6219289A19BF	thumb	placeholder	https://proxy.archieven.nl/thumb/235/8C1E35B595F844D88A0B6219289A19BF
65DD7122209544968C21E1F1105C8AF9	65DD7122209544968C21E1F1105C8AF9	thumb	placeholder	https://proxy.archieven.nl/thumb/235/65DD7122209544968C21E1F1105C8AF9
A2812F52504140D2BB2FAE6F4CD138F8	A2812F52504140D2BB2FAE6F4CD138F8	thumb	placeholder	https://proxy.archieven.nl/thumb/235/A2812F52504140D2BB2FAE6F4CD138F8
191E54029BF34733B839BF32B678EE6A	191E54029BF34733B839BF32B678EE6A	thumb	placeholder	https://proxy.archieven.nl/thumb/235/191E54029BF34733B839BF32B678EE6A
6C7F89F5BD5045FD858150AA736630D3	6C7F89F5BD5045FD858150AA736630D3	thumb	placeholder	https://proxy.archieven.nl/thumb/235/6C7F89F5BD5045FD858150AA736630D3
3AEB92D0E70442F0B344D9343F396C50	3AEB92D0E70442F0B344D9343F396C50	thumb	placeholder	https://proxy.archieven.nl/thumb/235/3AEB92D0E70442F0B344D9343F396C50
C5D6AF4800584BE6A549611711691D9F	C5D6AF4800584BE6A549611711691D9F	thumb	placeholder	https://proxy.archieven.nl/thumb/235/C5D6AF4800584BE6A549611711691D9F
13037F27E89B4614A229DB7C4C68B2D5	13037F27E89B4614A229DB7C4C68B2D5	thumb	placeholder	https://proxy.archieven.nl/thumb/235/13037F27E89B4614A229DB7C4C68B2D5
D4CE6FC7AB4D4C038BDD9482225195EA	D4CE6FC7AB4D4C038BDD9482225195EA	thumb	placeholder	https://proxy.archieven.nl/thumb/235/D4CE6FC7AB4D4C038BDD9482225195EA
42E604D0D6D849679AF7E0AAC911A7D1	42E604D0D6D849679AF7E0AAC911A7D1	thumb	placeholder	https://proxy.archieven.nl/thumb/235/42E604D0D6D849679AF7E0AAC911A7D1
6C0D4E7EF7C142949D7F377D568F8789	6C0D4E7EF7C142949D7F377D568F8789	thumb	placeholder	https://proxy.archieven.nl/thumb/235/6C0D4E7EF7C142949D7F377D568F8789
677A21E65C7D43988F8F6CB2E66D6730	677A21E65C7D43988F8F6CB2E66D6730	thumb	placeholder	https://proxy.archieven.nl/thumb/235/677A21E65C7D43988F8F6CB2E66D6730
56B2684B94B74973AB3A66243D470825	56B2684B94B74973AB3A66243D470825	thumb	placeholder	https://proxy.archieven.nl/thumb/235/56B2684B94B74973AB3A66243D470825
1440D3463C7A4A91815AE9FC7730B4FD	1440D3463C7A4A91815AE9FC7730B4FD	thumb	placeholder	https://proxy.archieven.nl/thumb/235/1440D3463C7A4A91815AE9FC7730B4FD
6DB47DE32F714E088F6072CD8284C101	6DB47DE32F714E088F6072CD8284C101	thumb	placeholder	https://proxy.archieven.nl/thumb/235/6DB47DE32F714E088F6072CD8284C101
8CB9AC4D47DA4981A66D43441AEF01AA	8CB9AC4D47DA4981A66D43441AEF01AA	thumb	placeholder	https://proxy.archieven.nl/thumb/235/8CB9AC4D47DA4981A66D43441AEF01AA
0B491D8E92F148058A3E7015E17F9799	0B491D8E92F148058A3E7015E17F9799	thumb	placeholder	https://proxy.archieven.nl/thumb/235/0B491D8E92F148058A3E7015E17F9799
4AD43031F3C34672A419564FB084D286	4AD43031F3C34672A419564FB084D286	thumb	placeholder	https://proxy.archieven.nl/thumb/235/4AD43031F3C34672A419564FB084D286
6D6B96238CF64BE98C241E0B5F12364D	6D6B96238CF64BE98C241E0B5F12364D	thumb	placeholder	https://proxy.archieven.nl/thumb/235/6D6B96238CF64BE98C241E0B5F12364D
DA6527DFC7474EBEBC1615D6B52D97BE	DA6527DFC7474EBEBC1615D6B52D97BE	thumb	placeholder	https://proxy.archieven.nl/thumb/235/DA6527DFC7474EBEBC1615D6B52D97BE
861D6C2E31A241969FA53ED0135ECEDF	861D6C2E31A241969FA53ED0135ECEDF	thumb	placeholder	https://proxy.archieven.nl/thumb/235/861D6C2E31A241969FA53ED0135ECEDF
C90250EE78AA4FCE814055BCE052DF58	C90250EE78AA4FCE814055BCE052DF58	thumb	placeholder	https://proxy.archieven.nl/thumb/235/C90250EE78AA4FCE814055BCE052DF58
BFD22B37D98848C4A9B3EFA267870B4C	BFD22B37D98848C4A9B3EFA267870B4C	thumb	placeholder	https://proxy.archieven.nl/thumb/235/BFD22B37D98848C4A9B3EFA267870B4C
8547B0AD933B4B9783D71D5F57A71F98	8547B0AD933B4B9783D71D5F57A71F98	thumb	placeholder	https://proxy.archieven.nl/thumb/235/8547B0AD933B4B9783D71D5F57A71F98
FCCFA69F69184E4E82499E6C59C446D1	FCCFA69F69184E4E82499E6C59C446D1	thumb	placeholder	https://proxy.archieven.nl/thumb/235/FCCFA69F69184E4E82499E6C59C446D1
50FBFECB1B334A3B9751BAEC1617E598	50FBFECB1B334A3B9751BAEC1617E598	thumb	placeholder	https://proxy.archieven.nl/thumb/235/50FBFECB1B334A3B9751BAEC1617E598
F90130E7CE654A51AA0B8E8C2BF587EA	F90130E7CE654A51AA0B8E8C2BF587EA	thumb	placeholder	https://proxy.archieven.nl/thumb/235/F90130E7CE654A51AA0B8E8C2BF587EA
73992A2C75854648B98F076CF21C0763	73992A2C75854648B98F076CF21C0763	thumb	placeholder	https://proxy.archieven.nl/thumb/235/73992A2C75854648B98F076CF21C0763
D42D13A0688E4D539CEBBEEC8354AB42	D42D13A0688E4D539CEBBEEC8354AB42	thumb	placeholder	https://proxy.archieven.nl/thumb/235/D42D13A0688E4D539CEBBEEC8354AB42
920214F242924C3B8086ADC046777FA3	920214F242924C3B8086ADC046777FA3	thumb	placeholder	https://proxy.archieven.nl/thumb/235/920214F242924C3B8086ADC046777FA3
E7814B9F12654B20991BD4D082E8D9C5	E7814B9F12654B20991BD4D082E8D9C5	thumb	placeholder	https://proxy.archieven.nl/thumb/235/E7814B9F12654B20991BD4D082E8D9C5
C397160552644874A8E22F195AD1A6E1	C397160552644874A8E22F195AD1A6E1	thumb	placeholder	https://proxy.archieven.nl/thumb/235/C397160552644874A8E22F195AD1A6E1
44E764828DBB40EC92EFBFB6268A1912	44E764828DBB40EC92EFBFB6268A1912	thumb	placeholder	https://proxy.archieven.nl/thumb/235/44E764828DBB40EC92EFBFB6268A1912
B2DB7654C62D431D9901505AB07A75D8	B2DB7654C62D431D9901505AB07A75D8	thumb	placeholder	https://proxy.archieven.nl/thumb/235/B2DB7654C62D431D9901505AB07A75D8
71B241A553BB435DA76BA4AEC8D1C9B5	71B241A553BB435DA76BA4AEC8D1C9B5	thumb	placeholder	https://proxy.archieven.nl/thumb/235/71B241A553BB435DA76BA4AEC8D1C9B5
244BA81E675B4780B5C79F981BFCF390	244BA81E675B4780B5C79F981BFCF390	thumb	placeholder	https://proxy.archieven.nl/thumb/235/244BA81E675B4780B5C79F981BFCF390
29596FFD388E42BBAE383698A3CF14CE	29596FFD388E42BBAE383698A3CF14CE	thumb	placeholder	https://proxy.archieven.nl/thumb/235/29596FFD388E42BBAE383698A3CF14CE
91E38E1B0DF54562A9E5F832A23B5E7A	91E38E1B0DF54562A9E5F832A23B5E7A	thumb	placeholder	https://proxy.archieven.nl/thumb/235/91E38E1B0DF54562A9E5F832A23B5E7A
1D4B3606E221420986C0A4C072B4D0F8	1D4B3606E221420986C0A4C072B4D0F8	thumb	placeholder	https://proxy.archieven.nl/thumb/235/1D4B3606E221420986C0A4C072B4D0F8
57C3E4235C4442E9949AA50467476F51	57C3E4235C4442E9949AA50467476F51	thumb	placeholder	https://proxy.archieven.nl/thumb/235/57C3E4235C4442E9949AA50467476F51
F81AB55A3C71473B817077BFF90DE604	F81AB55A3C71473B817077BFF90DE604	thumb	placeholder	https://proxy.archieven.nl/thumb/235/F81AB55A3C71473B817077BFF90DE604
E1AFF3DBECB94AB898B3592B438C1A3E	E1AFF3DBECB94AB898B3592B438C1A3E	thumb	placeholder	https://proxy.archieven.nl/thumb/235/E1AFF3DBECB94AB898B3592B438C1A3E
C0CC554363984743BC7B9A9A71C10602	C0CC554363984743BC7B9A9A71C10602	thumb	placeholder	https://proxy.archieven.nl/thumb/235/C0CC554363984743BC7B9A9A71C10602
F245863684C2416EBB6E8A88340FF556	F245863684C2416EBB6E8A88340FF556	thumb	placeholder	https://proxy.archieven.nl/thumb/235/F245863684C2416EBB6E8A88340FF556
F5EA1640E22C42BD849DD7A84126D199	F5EA1640E22C42BD849DD7A84126D199	thumb	placeholder	https://proxy.archieven.nl/thumb/235/F5EA1640E22C42BD849DD7A84126D199
71E56E2CC41D4FB385C942FB2C9B647C	71E56E2CC41D4FB385C942FB2C9B647C	thumb	placeholder	https://proxy.archieven.nl/thumb/235/71E56E2CC41D4FB385C942FB2C9B647C
935253C500F04A77ACCC9DC22544B815	935253C500F04A77ACCC9DC22544B815	thumb	placeholder	https://proxy.archieven.nl/thumb/235/935253C500F04A77ACCC9DC22544B815
A5F6B39F7249449D90485FEE7758EE4D	A5F6B39F7249449D90485FEE7758EE4D	thumb	placeholder	https://proxy.archieven.nl/thumb/235/A5F6B39F7249449D90485FEE7758EE4D
E31B5BACC88E4BD4A34317D3344C1A5B	E31B5BACC88E4BD4A34317D3344C1A5B	thumb	placeholder	https://proxy.archieven.nl/thumb/235/E31B5BACC88E4BD4A34317D3344C1A5B
A8A83C9B27B54AF396F769B3255C2655	A8A83C9B27B54AF396F769B3255C2655	thumb	placeholder	https://proxy.archieven.nl/thumb/235/A8A83C9B27B54AF396F769B3255C2655
018D1F201E3940D5BB71D2D5CD723E94	018D1F201E3940D5BB71D2D5CD723E94	thumb	placeholder	https://proxy.archieven.nl/thumb/235/018D1F201E3940D5BB71D2D5CD723E94
49F3C023DA40424EB70B42A17C901093	49F3C023DA40424EB70B42A17C901093	thumb	placeholder	https://proxy.archieven.nl/thumb/235/49F3C023DA40424EB70B42A17C901093
E48523B437B64082A763005F50B4E857	E48523B437B64082A763005F50B4E857	thumb	placeholder	https://proxy.archieven.nl/thumb/235/E48523B437B64082A763005F50B4E857
EA5DB81873594A17B35B5EA5865D4FEB	EA5DB81873594A17B35B5EA5865D4FEB	thumb	placeholder	https://proxy.archieven.nl/thumb/235/EA5DB81873594A17B35B5EA5865D4FEB
4D9D0599812F4D6A95D5F73DEE38F4EB	4D9D0599812F4D6A95D5F73DEE38F4EB	thumb	placeholder	https://proxy.archieven.nl/thumb/235/4D9D0599812F4D6A95D5F73DEE38F4EB
D132116B1E55479DB8ECE43302BF1176	D132116B1E55479DB8ECE43302BF1176	thumb	placeholder	https://proxy.archieven.nl/thumb/235/D132116B1E55479DB8ECE43302BF1176
73D0CDD837C34508AAE4D60AE56C3725	73D0CDD837C34508AAE4D60AE56C3725	thumb	placeholder	https://proxy.archieven.nl/thumb/235/73D0CDD837C34508AAE4D60AE56C3725
B6D4DB368F834496B1380CADD30E3A91	B6D4DB368F834496B1380CADD30E3A91	thumb	placeholder	https://proxy.archieven.nl/thumb/235/B6D4DB368F834496B1380CADD30E3A91
EEE9D18C8FD64B88A304C3ECE4907CE5	EEE9D18C8FD64B88A304C3ECE4907CE5	thumb	placeholder	https://proxy.archieven.nl/thumb/235/EEE9D18C8FD64B88A304C3ECE4907CE5
42DE3348D87E4184A74E7B804F80BA31	42DE3348D87E4184A74E7B804F80BA31	thumb	placeholder	https://proxy.archieven.nl/thumb/235/42DE3348D87E4184A74E7B804F80BA31
9CE893767068414FB3BFF0C006E89769	9CE893767068414FB3BFF0C006E89769	thumb	placeholder	https://proxy.archieven.nl/thumb/235/9CE893767068414FB3BFF0C006E89769
2086FC7C516C46C389E9E6EC541EE84F	2086FC7C516C46C389E9E6EC541EE84F	thumb	placeholder	https://proxy.archieven.nl/thumb/235/2086FC7C516C46C389E9E6EC541EE84F
7B1B993929114BFE9931B3775667C1D4	7B1B993929114BFE9931B3775667C1D4	thumb	placeholder	https://proxy.archieven.nl/thumb/235/7B1B993929114BFE9931B3775667C1D4
66CBC8216BEA40748F0BB5946365C120	66CBC8216BEA40748F0BB5946365C120	thumb	placeholder	https://proxy.archieven.nl/thumb/235/66CBC8216BEA40748F0BB5946365C120
D6998DBE5BD845CEAECC5942D0A6EA97	D6998DBE5BD845CEAECC5942D0A6EA97	thumb	placeholder	https://proxy.archieven.nl/thumb/235/D6998DBE5BD845CEAECC5942D0A6EA97
CF041F6165254A90B0778DAE061D3F63	CF041F6165254A90B0778DAE061D3F63	thumb	placeholder	https://proxy.archieven.nl/thumb/235/CF041F6165254A90B0778DAE061D3F63
BDE648B7D28044139FB0163349B23701	BDE648B7D28044139FB0163349B23701	thumb	placeholder	https://proxy.archieven.nl/thumb/235/BDE648B7D28044139FB0163349B23701
9470A1BB49FF4BDCBF1346051CE124C3	9470A1BB49FF4BDCBF1346051CE124C3	thumb	placeholder	https://proxy.archieven.nl/thumb/235/9470A1BB49FF4BDCBF1346051CE124C3
4676AC3327F1494AB0E0608A0152E8DF	4676AC3327F1494AB0E0608A0152E8DF	thumb	placeholder	https://proxy.archieven.nl/thumb/235/4676AC3327F1494AB0E0608A0152E8DF
1613EFA2D28641E0BC4608794E03CC4F	1613EFA2D28641E0BC4608794E03CC4F	thumb	placeholder	https://proxy.archieven.nl/thumb/235/1613EFA2D28641E0BC4608794E03CC4F
A32CA8605E1543DF99E67319837EECED	A32CA8605E1543DF99E67319837EECED	thumb	placeholder	https://proxy.archieven.nl/thumb/235/A32CA8605E1543DF99E67319837EECED
3A3E137525934D38ACF56190036BFCB9	3A3E137525934D38ACF56190036BFCB9	thumb	placeholder	https://proxy.archieven.nl/thumb/235/3A3E137525934D38ACF56190036BFCB9
6BD693E6395246C6BAFF4D100EBB6387	6BD693E6395246C6BAFF4D100EBB6387	thumb	placeholder	https://proxy.archieven.nl/thumb/235/6BD693E6395246C6BAFF4D100EBB6387
B70CE73739BE4CC18D883681E6D0AF7D	B70CE73739BE4CC18D883681E6D0AF7D	thumb	placeholder	https://proxy.archieven.nl/thumb/235/B70CE73739BE4CC18D883681E6D0AF7D
5F4C1A41238B4DFAAC210615255C871D	5F4C1A41238B4DFAAC210615255C871D	thumb	placeholder	https://proxy.archieven.nl/thumb/235/5F4C1A41238B4DFAAC210615255C871D
564AFB8359E64AECA254BEDAD4837385	564AFB8359E64AECA254BEDAD4837385	thumb	placeholder	https://proxy.archieven.nl/thumb/235/564AFB8359E64AECA254BEDAD4837385
46A186C890E841569910E00FD46DBD8A	46A186C890E841569910E00FD46DBD8A	thumb	placeholder	https://proxy.archieven.nl/thumb/235/46A186C890E841569910E00FD46DBD8A
1F2987BE9201494D8D28BD2934E6203C	1F2987BE9201494D8D28BD2934E6203C	thumb	placeholder	https://proxy.archieven.nl/thumb/235/1F2987BE9201494D8D28BD2934E6203C
E4A81DABAF8642D9AAC18F4AA3C9522B	E4A81DABAF8642D9AAC18F4AA3C9522B	thumb	placeholder	https://proxy.archieven.nl/thumb/235/E4A81DABAF8642D9AAC18F4AA3C9522B
5BFC24BBE4D442A596B29391D33833E7	5BFC24BBE4D442A596B29391D33833E7	thumb	placeholder	https://proxy.archieven.nl/thumb/235/5BFC24BBE4D442A596B29391D33833E7
BE6B35117F954B4E86C85CA0841F31B3	BE6B35117F954B4E86C85CA0841F31B3	thumb	placeholder	https://proxy.archieven.nl/thumb/235/BE6B35117F954B4E86C85CA0841F31B3
8D0FCC7188B745A2922DD3C48B68363C	8D0FCC7188B745A2922DD3C48B68363C	thumb	placeholder	https://proxy.archieven.nl/thumb/235/8D0FCC7188B745A2922DD3C48B68363C
B1DCE061D8FE4B46A63E1A333291F4C0	B1DCE061D8FE4B46A63E1A333291F4C0	thumb	placeholder	https://proxy.archieven.nl/thumb/235/B1DCE061D8FE4B46A63E1A333291F4C0
B6815DE36E734418BB5F80B5F41C58E6	B6815DE36E734418BB5F80B5F41C58E6	thumb	placeholder	https://proxy.archieven.nl/thumb/235/B6815DE36E734418BB5F80B5F41C58E6
8FA4E2E2B4B147EEB00BD488BB833785	8FA4E2E2B4B147EEB00BD488BB833785	thumb	placeholder	https://proxy.archieven.nl/thumb/235/8FA4E2E2B4B147EEB00BD488BB833785
03B66B6A0992432494EDFC930AF927D4	03B66B6A0992432494EDFC930AF927D4	thumb	placeholder	https://proxy.archieven.nl/thumb/235/03B66B6A0992432494EDFC930AF927D4
81F42DDED9A448669CB43286A28030DF	81F42DDED9A448669CB43286A28030DF	thumb	placeholder	https://proxy.archieven.nl/thumb/235/81F42DDED9A448669CB43286A28030DF
FA63D5C35C9F4188ADCBBB9E20688AD8	FA63D5C35C9F4188ADCBBB9E20688AD8	thumb	placeholder	https://proxy.archieven.nl/thumb/235/FA63D5C35C9F4188ADCBBB9E20688AD8
95945D1802674A2EB53539A345245751	95945D1802674A2EB53539A345245751	thumb	placeholder	https://proxy.archieven.nl/thumb/235/95945D1802674A2EB53539A345245751
843C0AF4F1C14ADF86F2B3BE35DCEEB3	843C0AF4F1C14ADF86F2B3BE35DCEEB3	thumb	placeholder	https://proxy.archieven.nl/thumb/235/843C0AF4F1C14ADF86F2B3BE35DCEEB3
73ABB4A67D474F65A89EBB060A68E3BF	73ABB4A67D474F65A89EBB060A68E3BF	thumb	placeholder	https://proxy.archieven.nl/thumb/235/73ABB4A67D474F65A89EBB060A68E3BF
5DC73CA9ED814186914AE0F3AFE0EBC1	5DC73CA9ED814186914AE0F3AFE0EBC1	thumb	placeholder	https://proxy.archieven.nl/thumb/235/5DC73CA9ED814186914AE0F3AFE0EBC1
2FFF232A7E7B40248ACB8E64FA869A7E	2FFF232A7E7B40248ACB8E64FA869A7E	thumb	placeholder	https://proxy.archieven.nl/thumb/235/2FFF232A7E7B40248ACB8E64FA869A7E
26EAD64AC02C47B6825CC3AC205F0670	26EAD64AC02C47B6825CC3AC205F0670	thumb	placeholder	https://proxy.archieven.nl/thumb/235/26EAD64AC02C47B6825CC3AC205F0670
EB9FEBC9700A4D69AE1CE2EA4CB84511	EB9FEBC9700A4D69AE1CE2EA4CB84511	thumb	placeholder	https://proxy.archieven.nl/thumb/235/EB9FEBC9700A4D69AE1CE2EA4CB84511
DEC7052908B64C21A58D247C65D03276	DEC7052908B64C21A58D247C65D03276	thumb	placeholder	https://proxy.archieven.nl/thumb/235/DEC7052908B64C21A58D247C65D03276
21A27435E7B443628C42F09D10C40E71	21A27435E7B443628C42F09D10C40E71	thumb	placeholder	https://proxy.archieven.nl/thumb/235/21A27435E7B443628C42F09D10C40E71
E288AA1970914DBC9D1C11D8E399CEB1	E288AA1970914DBC9D1C11D8E399CEB1	thumb	placeholder	https://proxy.archieven.nl/thumb/235/E288AA1970914DBC9D1C11D8E399CEB1
CCC61E71D6CC4DE8B10BF03E9EB16941	CCC61E71D6CC4DE8B10BF03E9EB16941	thumb	placeholder	https://proxy.archieven.nl/thumb/235/CCC61E71D6CC4DE8B10BF03E9EB16941
9F61E2E4B68544B2ADAFF728E283D70E	9F61E2E4B68544B2ADAFF728E283D70E	thumb	placeholder	https://proxy.archieven.nl/thumb/235/9F61E2E4B68544B2ADAFF728E283D70E
E562D7F817254167B67AD320152F84FE	E562D7F817254167B67AD320152F84FE	thumb	placeholder	https://proxy.archieven.nl/thumb/235/E562D7F817254167B67AD320152F84FE
7FC2377ACEF54E1A81BB8621805E5668	7FC2377ACEF54E1A81BB8621805E5668	thumb	placeholder	https://proxy.archieven.nl/thumb/235/7FC2377ACEF54E1A81BB8621805E5668
2DC47CCA4D8448C6AAC53F688BB3B0C3	2DC47CCA4D8448C6AAC53F688BB3B0C3	thumb	placeholder	https://proxy.archieven.nl/thumb/235/2DC47CCA4D8448C6AAC53F688BB3B0C3
6F9EEF2D5F614D3AADF4FA87679BC92C	6F9EEF2D5F614D3AADF4FA87679BC92C	thumb	placeholder	https://proxy.archieven.nl/thumb/235/6F9EEF2D5F614D3AADF4FA87679BC92C
430DFB071D984264BB7EC760C81DFD40	430DFB071D984264BB7EC760C81DFD40	thumb	placeholder	https://proxy.archieven.nl/thumb/235/430DFB071D984264BB7EC760C81DFD40
96ECD455A79A4B6FBB4B43AF30FEA868	96ECD455A79A4B6FBB4B43AF30FEA868	thumb	placeholder	https://proxy.archieven.nl/thumb/235/96ECD455A79A4B6FBB4B43AF30FEA868
7839832182A1497BB9955A72867E31FF	7839832182A1497BB9955A72867E31FF	thumb	placeholder	https://proxy.archieven.nl/thumb/235/7839832182A1497BB9955A72867E31FF
D864AF0485D24C5B8CF01B736266EF44	D864AF0485D24C5B8CF01B736266EF44	thumb	placeholder	https://proxy.archieven.nl/thumb/235/D864AF0485D24C5B8CF01B736266EF44
24515E9EEA5F42F6AE20DA45219C3F5F	24515E9EEA5F42F6AE20DA45219C3F5F	thumb	placeholder	https://proxy.archieven.nl/thumb/235/24515E9EEA5F42F6AE20DA45219C3F5F
FC7817B38F73408AAEB5814DE8ACE931	FC7817B38F73408AAEB5814DE8ACE931	thumb	placeholder	https://proxy.archieven.nl/thumb/235/FC7817B38F73408AAEB5814DE8ACE931
A4E750E090FE41268053B60CDFC75A29	A4E750E090FE41268053B60CDFC75A29	thumb	placeholder	https://proxy.archieven.nl/thumb/235/A4E750E090FE41268053B60CDFC75A29
B679ACF897CF46749CDAF255631070DA	B679ACF897CF46749CDAF255631070DA	thumb	placeholder	https://proxy.archieven.nl/thumb/235/B679ACF897CF46749CDAF255631070DA
30A872EBF633472A971510506DA9D3FF	30A872EBF633472A971510506DA9D3FF	thumb	placeholder	https://proxy.archieven.nl/thumb/235/30A872EBF633472A971510506DA9D3FF
5B14A897513A4556A8F707CF70D35194	5B14A897513A4556A8F707CF70D35194	thumb	placeholder	https://proxy.archieven.nl/thumb/235/5B14A897513A4556A8F707CF70D35194
83583B8E8B6B40ACBE33E77FBB129591	83583B8E8B6B40ACBE33E77FBB129591	thumb	placeholder	https://proxy.archieven.nl/thumb/235/83583B8E8B6B40ACBE33E77FBB129591
18C50D1DCAF749528B2F9B6604FCBB93	18C50D1DCAF749528B2F9B6604FCBB93	thumb	placeholder	https://proxy.archieven.nl/thumb/235/18C50D1DCAF749528B2F9B6604FCBB93
E010B980019D4FA78B30DCB9BE2DBE1E	E010B980019D4FA78B30DCB9BE2DBE1E	thumb	placeholder	https://proxy.archieven.nl/thumb/235/E010B980019D4FA78B30DCB9BE2DBE1E
8E17EEC14D6C4D36B7EFE4756E9C2449	8E17EEC14D6C4D36B7EFE4756E9C2449	thumb	placeholder	https://proxy.archieven.nl/thumb/235/8E17EEC14D6C4D36B7EFE4756E9C2449
46A1A340708F4AA796BFD0F99F89D6DB	46A1A340708F4AA796BFD0F99F89D6DB	thumb	placeholder	https://proxy.archieven.nl/thumb/235/46A1A340708F4AA796BFD0F99F89D6DB
D7F420D7718A4148A2D6B749C7F8A1FC	D7F420D7718A4148A2D6B749C7F8A1FC	thumb	placeholder	https://proxy.archieven.nl/thumb/235/D7F420D7718A4148A2D6B749C7F8A1FC
2011E52C8C7F487DAD34F769CB062EDD	2011E52C8C7F487DAD34F769CB062EDD	thumb	placeholder	https://proxy.archieven.nl/thumb/235/2011E52C8C7F487DAD34F769CB062EDD
E1C7AB3256DF4263A9601855327A5205	E1C7AB3256DF4263A9601855327A5205	thumb	placeholder	https://proxy.archieven.nl/thumb/235/E1C7AB3256DF4263A9601855327A5205
E8D63CFDBF7E440D96B59A4275E1DEE6	E8D63CFDBF7E440D96B59A4275E1DEE6	thumb	placeholder	https://proxy.archieven.nl/thumb/235/E8D63CFDBF7E440D96B59A4275E1DEE6
8A85A3B11DE545BAB01027295E5EC174	8A85A3B11DE545BAB01027295E5EC174	thumb	placeholder	https://proxy.archieven.nl/thumb/235/8A85A3B11DE545BAB01027295E5EC174
A0CA11515BBC47A6B7CFA06063DF9CF7	A0CA11515BBC47A6B7CFA06063DF9CF7	thumb	placeholder	https://proxy.archieven.nl/thumb/235/A0CA11515BBC47A6B7CFA06063DF9CF7
1856DF53B4B2442CA53BFC0ACB549044	1856DF53B4B2442CA53BFC0ACB549044	thumb	placeholder	https://proxy.archieven.nl/thumb/235/1856DF53B4B2442CA53BFC0ACB549044
D2645E4769974C71B8360DCF2DEEA0AD	D2645E4769974C71B8360DCF2DEEA0AD	thumb	placeholder	https://proxy.archieven.nl/thumb/235/D2645E4769974C71B8360DCF2DEEA0AD
0BF1701E814A49B791D6BBCE816889A1	0BF1701E814A49B791D6BBCE816889A1	thumb	placeholder	https://proxy.archieven.nl/thumb/235/0BF1701E814A49B791D6BBCE816889A1
D31A9845ABE244F7899D2679880D00F0	D31A9845ABE244F7899D2679880D00F0	thumb	placeholder	https://proxy.archieven.nl/thumb/235/D31A9845ABE244F7899D2679880D00F0
C4F5064DC86440019DC9CB0891BA50E8	C4F5064DC86440019DC9CB0891BA50E8	thumb	placeholder	https://proxy.archieven.nl/thumb/235/C4F5064DC86440019DC9CB0891BA50E8
9D38FB4DCF054C5BB0FAD95105C67D8E	9D38FB4DCF054C5BB0FAD95105C67D8E	thumb	placeholder	https://proxy.archieven.nl/thumb/235/9D38FB4DCF054C5BB0FAD95105C67D8E
6C57C9BA98BC47FA9D1D9DD71DFA98A9	6C57C9BA98BC47FA9D1D9DD71DFA98A9	thumb	placeholder	https://proxy.archieven.nl/thumb/235/6C57C9BA98BC47FA9D1D9DD71DFA98A9
195AA23FB94843B3BC89E6E34F6174F2	195AA23FB94843B3BC89E6E34F6174F2	thumb	placeholder	https://proxy.archieven.nl/thumb/235/195AA23FB94843B3BC89E6E34F6174F2
1E1BEE483398470CAF5D61A85EF2FAD0	1E1BEE483398470CAF5D61A85EF2FAD0	thumb	placeholder	https://proxy.archieven.nl/thumb/235/1E1BEE483398470CAF5D61A85EF2FAD0
E9511C17D03645BDBFC3811A755A5817	E9511C17D03645BDBFC3811A755A5817	thumb	placeholder	https://proxy.archieven.nl/thumb/235/E9511C17D03645BDBFC3811A755A5817
71A1E075A000470EABF7522393B49EB7	71A1E075A000470EABF7522393B49EB7	thumb	placeholder	https://proxy.archieven.nl/thumb/235/71A1E075A000470EABF7522393B49EB7
1737C71D585C47C5B4D51D5E5C93A1E8	1737C71D585C47C5B4D51D5E5C93A1E8	thumb	placeholder	https://proxy.archieven.nl/thumb/235/1737C71D585C47C5B4D51D5E5C93A1E8
B8147AC4260F4827A93026203871D29B	B8147AC4260F4827A93026203871D29B	thumb	placeholder	https://proxy.archieven.nl/thumb/235/B8147AC4260F4827A93026203871D29B
990C67E0FA46402DB4FC20522684CB70	990C67E0FA46402DB4FC20522684CB70	thumb	placeholder	https://proxy.archieven.nl/thumb/235/990C67E0FA46402DB4FC20522684CB70
C036D63AD3BA4FA2B0AD5B69CC0E0971	C036D63AD3BA4FA2B0AD5B69CC0E0971	thumb	placeholder	https://proxy.archieven.nl/thumb/235/C036D63AD3BA4FA2B0AD5B69CC0E0971
7206C0AA98754233971299F5E48AF83F	7206C0AA98754233971299F5E48AF83F	thumb	placeholder	https://proxy.archieven.nl/thumb/235/7206C0AA98754233971299F5E48AF83F
9862641FF0C243A1A3B4FF8249E29439	9862641FF0C243A1A3B4FF8249E29439	thumb	placeholder	https://proxy.archieven.nl/thumb/235/9862641FF0C243A1A3B4FF8249E29439
EEAB2DD0958644849735693957F40804	EEAB2DD0958644849735693957F40804	thumb	placeholder	https://proxy.archieven.nl/thumb/235/EEAB2DD0958644849735693957F40804
A8915A2FFAF349C3A168C73117C3B0FC	A8915A2FFAF349C3A168C73117C3B0FC	thumb	placeholder	https://proxy.archieven.nl/thumb/235/A8915A2FFAF349C3A168C73117C3B0FC
F347C5DFD2684989A21C0AE6EB384D94	F347C5DFD2684989A21C0AE6EB384D94	thumb	placeholder	https://proxy.archieven.nl/thumb/235/F347C5DFD2684989A21C0AE6EB384D94
4F6758B5900B4A88BB7DA8606C4EECE0	4F6758B5900B4A88BB7DA8606C4EECE0	thumb	placeholder	https://proxy.archieven.nl/thumb/235/4F6758B5900B4A88BB7DA8606C4EECE0
409D5D2935E143CA8065940F50274570	409D5D2935E143CA8065940F50274570	thumb	placeholder	https://proxy.archieven.nl/thumb/235/409D5D2935E143CA8065940F50274570
254DB17BEE314BC4B92F621CB90B08CC	254DB17BEE314BC4B92F621CB90B08CC	thumb	placeholder	https://proxy.archieven.nl/thumb/235/254DB17BEE314BC4B92F621CB90B08CC
97FD1F0DE6F54E8390EFDC05596B8CB7	97FD1F0DE6F54E8390EFDC05596B8CB7	thumb	placeholder	https://proxy.archieven.nl/thumb/235/97FD1F0DE6F54E8390EFDC05596B8CB7
4A93C12CB87648BABF3253A26D4A5240	4A93C12CB87648BABF3253A26D4A5240	thumb	placeholder	https://proxy.archieven.nl/thumb/235/4A93C12CB87648BABF3253A26D4A5240
4C0A6DA3524B4B9EB1452E830B90F938	4C0A6DA3524B4B9EB1452E830B90F938	thumb	placeholder	https://proxy.archieven.nl/thumb/235/4C0A6DA3524B4B9EB1452E830B90F938
12D63BB712EF49549494E138376E669A	12D63BB712EF49549494E138376E669A	thumb	placeholder	https://proxy.archieven.nl/thumb/235/12D63BB712EF49549494E138376E669A
085FB3A82BF74C4884F637C7F89AC0B1	085FB3A82BF74C4884F637C7F89AC0B1	thumb	placeholder	https://proxy.archieven.nl/thumb/235/085FB3A82BF74C4884F637C7F89AC0B1
4515332BE04F4861B47C66E6FAD50549	4515332BE04F4861B47C66E6FAD50549	thumb	placeholder	https://proxy.archieven.nl/thumb/235/4515332BE04F4861B47C66E6FAD50549
5FF0B666B64744D893AA42C985CF13A0	5FF0B666B64744D893AA42C985CF13A0	thumb	placeholder	https://proxy.archieven.nl/thumb/235/5FF0B666B64744D893AA42C985CF13A0
F8B33B06CBBD47D7939A934F2EBC6299	F8B33B06CBBD47D7939A934F2EBC6299	thumb	placeholder	https://proxy.archieven.nl/thumb/235/F8B33B06CBBD47D7939A934F2EBC6299
64E2408F17C94222BDA25F2A5332C812	64E2408F17C94222BDA25F2A5332C812	thumb	placeholder	https://proxy.archieven.nl/thumb/235/64E2408F17C94222BDA25F2A5332C812
BBB71F5E38A94BF98D38AEB643AD3A4F	BBB71F5E38A94BF98D38AEB643AD3A4F	thumb	placeholder	https://proxy.archieven.nl/thumb/235/BBB71F5E38A94BF98D38AEB643AD3A4F
5A45B44ACF4D4E8FB2AAAA1039DCCCC6	5A45B44ACF4D4E8FB2AAAA1039DCCCC6	thumb	placeholder	https://proxy.archieven.nl/thumb/235/5A45B44ACF4D4E8FB2AAAA1039DCCCC6
C32075F9911D4BE39C27A2AFB25D17AC	C32075F9911D4BE39C27A2AFB25D17AC	thumb	placeholder	https://proxy.archieven.nl/thumb/235/C32075F9911D4BE39C27A2AFB25D17AC
AE8BF46D88CA4B28983603E94A3B495D	AE8BF46D88CA4B28983603E94A3B495D	thumb	placeholder	https://proxy.archieven.nl/thumb/235/AE8BF46D88CA4B28983603E94A3B495D
F33AE6A3A7C7401B96CA4FBEEB6A55AE	F33AE6A3A7C7401B96CA4FBEEB6A55AE	thumb	placeholder	https://proxy.archieven.nl/thumb/235/F33AE6A3A7C7401B96CA4FBEEB6A55AE
1D515C49DBA945639F1057BEBE31C82A	1D515C49DBA945639F1057BEBE31C82A	thumb	placeholder	https://proxy.archieven.nl/thumb/235/1D515C49DBA945639F1057BEBE31C82A
AFA2FFCF1669478688B481D17AAF8275	AFA2FFCF1669478688B481D17AAF8275	thumb	placeholder	https://proxy.archieven.nl/thumb/235/AFA2FFCF1669478688B481D17AAF8275
1513B151E6D94E4AAC209D8253C072C2	1513B151E6D94E4AAC209D8253C072C2	thumb	placeholder	https://proxy.archieven.nl/thumb/235/1513B151E6D94E4AAC209D8253C072C2
FB89298AAE2F45818F9252BC1E08F6EC	FB89298AAE2F45818F9252BC1E08F6EC	thumb	placeholder	https://proxy.archieven.nl/thumb/235/FB89298AAE2F45818F9252BC1E08F6EC
7A982B016F9E41979AC3B684939DEC59	7A982B016F9E41979AC3B684939DEC59	thumb	placeholder	https://proxy.archieven.nl/thumb/235/7A982B016F9E41979AC3B684939DEC59
9A3DAE2CDE3A490B8907DF2A0A366093	9A3DAE2CDE3A490B8907DF2A0A366093	thumb	placeholder	https://proxy.archieven.nl/thumb/235/9A3DAE2CDE3A490B8907DF2A0A366093
9DEE09FAF78948268BCD50561A408D4E	9DEE09FAF78948268BCD50561A408D4E	thumb	placeholder	https://proxy.archieven.nl/thumb/235/9DEE09FAF78948268BCD50561A408D4E
8AE1DC8B330849EF917366AD27A91A1D	8AE1DC8B330849EF917366AD27A91A1D	thumb	placeholder	https://proxy.archieven.nl/thumb/235/8AE1DC8B330849EF917366AD27A91A1D
9AD98AB2F24D423280EEC55BDD43F87A	9AD98AB2F24D423280EEC55BDD43F87A	thumb	placeholder	https://proxy.archieven.nl/thumb/235/9AD98AB2F24D423280EEC55BDD43F87A
4FF0D16E341E4DD0A54FEDF47248D48E	4FF0D16E341E4DD0A54FEDF47248D48E	thumb	placeholder	https://proxy.archieven.nl/thumb/235/4FF0D16E341E4DD0A54FEDF47248D48E
811E124CC79F4F81B53CC6627C3F2C62	811E124CC79F4F81B53CC6627C3F2C62	thumb	placeholder	https://proxy.archieven.nl/thumb/235/811E124CC79F4F81B53CC6627C3F2C62
9A9058FBF5E84C33B1A20E90AC5083B5	9A9058FBF5E84C33B1A20E90AC5083B5	thumb	placeholder	https://proxy.archieven.nl/thumb/235/9A9058FBF5E84C33B1A20E90AC5083B5
9E22BFAFFDDF4FBFB5B3B5B8866EF07E	9E22BFAFFDDF4FBFB5B3B5B8866EF07E	thumb	placeholder	https://proxy.archieven.nl/thumb/235/9E22BFAFFDDF4FBFB5B3B5B8866EF07E
414F14775A5A4A4AA136C331122FDF1C	414F14775A5A4A4AA136C331122FDF1C	thumb	placeholder	https://proxy.archieven.nl/thumb/235/414F14775A5A4A4AA136C331122FDF1C
D6A4BE56FB3A4DAF9B9CD3DE16238E74	D6A4BE56FB3A4DAF9B9CD3DE16238E74	thumb	placeholder	https://proxy.archieven.nl/thumb/235/D6A4BE56FB3A4DAF9B9CD3DE16238E74
D3325A3ECF474703B4D98F697119C249	D3325A3ECF474703B4D98F697119C249	thumb	placeholder	https://proxy.archieven.nl/thumb/235/D3325A3ECF474703B4D98F697119C249
6BA07E9972C94143AD84CDAF27E0C3DB	6BA07E9972C94143AD84CDAF27E0C3DB	thumb	placeholder	https://proxy.archieven.nl/thumb/235/6BA07E9972C94143AD84CDAF27E0C3DB
46FD313566A248AA90A7A1063F36D7BA	46FD313566A248AA90A7A1063F36D7BA	thumb	placeholder	https://proxy.archieven.nl/thumb/235/46FD313566A248AA90A7A1063F36D7BA
BF6DF6ADB7FD43AEA4A662F10B55819B	BF6DF6ADB7FD43AEA4A662F10B55819B	thumb	placeholder	https://proxy.archieven.nl/thumb/235/BF6DF6ADB7FD43AEA4A662F10B55819B
46CC207B85EF4088BD22C22FE285B0C7	46CC207B85EF4088BD22C22FE285B0C7	thumb	placeholder	https://proxy.archieven.nl/thumb/235/46CC207B85EF4088BD22C22FE285B0C7
299686691402411FADA8E836EDE7AB97	299686691402411FADA8E836EDE7AB97	thumb	placeholder	https://proxy.archieven.nl/thumb/235/299686691402411FADA8E836EDE7AB97
FBD8016833F342B6A7772DDA692B50B7	FBD8016833F342B6A7772DDA692B50B7	thumb	placeholder	https://proxy.archieven.nl/thumb/235/FBD8016833F342B6A7772DDA692B50B7
70EBBBB665CB4DFC929706D6DEC0EE99	70EBBBB665CB4DFC929706D6DEC0EE99	thumb	placeholder	https://proxy.archieven.nl/thumb/235/70EBBBB665CB4DFC929706D6DEC0EE99
4644214B1A8C4BA1860D1662DC677CEC	4644214B1A8C4BA1860D1662DC677CEC	thumb	placeholder	https://proxy.archieven.nl/thumb/235/4644214B1A8C4BA1860D1662DC677CEC
7C560BA238824BB19174FC1F28203A57	7C560BA238824BB19174FC1F28203A57	thumb	placeholder	https://proxy.archieven.nl/thumb/235/7C560BA238824BB19174FC1F28203A57
8A30B0EFADFF4DE1B0E6460FF51ED15C	8A30B0EFADFF4DE1B0E6460FF51ED15C	thumb	placeholder	https://proxy.archieven.nl/thumb/235/8A30B0EFADFF4DE1B0E6460FF51ED15C
C8656EDACD714CA8921DE4F7382A288C	C8656EDACD714CA8921DE4F7382A288C	thumb	placeholder	https://proxy.archieven.nl/thumb/235/C8656EDACD714CA8921DE4F7382A288C
D130F5AB848E4E34AAFCF79CA00977AA	D130F5AB848E4E34AAFCF79CA00977AA	thumb	placeholder	https://proxy.archieven.nl/thumb/235/D130F5AB848E4E34AAFCF79CA00977AA
4CCBFEEAC9BE442BBA26AC3226D35EA6	4CCBFEEAC9BE442BBA26AC3226D35EA6	thumb	placeholder	https://proxy.archieven.nl/thumb/235/4CCBFEEAC9BE442BBA26AC3226D35EA6
798BC28484B241668538BDCBDDE4C20F	798BC28484B241668538BDCBDDE4C20F	thumb	placeholder	https://proxy.archieven.nl/thumb/235/798BC28484B241668538BDCBDDE4C20F
68972A4C97544D8C9F4C3F807B6D8EC1	68972A4C97544D8C9F4C3F807B6D8EC1	thumb	placeholder	https://proxy.archieven.nl/thumb/235/68972A4C97544D8C9F4C3F807B6D8EC1
E0C987C215B0426F9A882055272615DB	E0C987C215B0426F9A882055272615DB	thumb	placeholder	https://proxy.archieven.nl/thumb/235/E0C987C215B0426F9A882055272615DB
9CDC3AA39E3C4DE8BE2DD36011C4A038	9CDC3AA39E3C4DE8BE2DD36011C4A038	thumb	placeholder	https://proxy.archieven.nl/thumb/235/9CDC3AA39E3C4DE8BE2DD36011C4A038
1CA7F5AE16FC4152A56E2526D875BD7D	1CA7F5AE16FC4152A56E2526D875BD7D	thumb	placeholder	https://proxy.archieven.nl/thumb/235/1CA7F5AE16FC4152A56E2526D875BD7D
69E198703E9D4BBB950476CE248A5EED	69E198703E9D4BBB950476CE248A5EED	thumb	placeholder	https://proxy.archieven.nl/thumb/235/69E198703E9D4BBB950476CE248A5EED
AC6058702F394520AA45CCF1317AD5E7	AC6058702F394520AA45CCF1317AD5E7	thumb	placeholder	https://proxy.archieven.nl/thumb/235/AC6058702F394520AA45CCF1317AD5E7
F872E727477D46B8A96654E252EF355D	F872E727477D46B8A96654E252EF355D	thumb	placeholder	https://proxy.archieven.nl/thumb/235/F872E727477D46B8A96654E252EF355D
EC6DD4BF2F784E4E9191C3D8CC728AEC	EC6DD4BF2F784E4E9191C3D8CC728AEC	thumb	placeholder	https://proxy.archieven.nl/thumb/235/EC6DD4BF2F784E4E9191C3D8CC728AEC
75CD7EA8E1FC46D2852AA6883E45714F	75CD7EA8E1FC46D2852AA6883E45714F	thumb	placeholder	https://proxy.archieven.nl/thumb/235/75CD7EA8E1FC46D2852AA6883E45714F
08AD9E2CA7D7410199C5D7E65D6260BB	08AD9E2CA7D7410199C5D7E65D6260BB	thumb	placeholder	https://proxy.archieven.nl/thumb/235/08AD9E2CA7D7410199C5D7E65D6260BB
818B5BDFBFCD421A8DB6386FBC844DB5	818B5BDFBFCD421A8DB6386FBC844DB5	thumb	placeholder	https://proxy.archieven.nl/thumb/235/818B5BDFBFCD421A8DB6386FBC844DB5
06A2779CAD2744FA977D86A77C6D150C	06A2779CAD2744FA977D86A77C6D150C	thumb	placeholder	https://proxy.archieven.nl/thumb/235/06A2779CAD2744FA977D86A77C6D150C
5EED315194A4495FAD48688A625091A9	5EED315194A4495FAD48688A625091A9	thumb	placeholder	https://proxy.archieven.nl/thumb/235/5EED315194A4495FAD48688A625091A9
A45843A06E784518B82C48E90464CBB9	A45843A06E784518B82C48E90464CBB9	thumb	placeholder	https://proxy.archieven.nl/thumb/235/A45843A06E784518B82C48E90464CBB9
44375310EBA04D55A95585B5CDC4BAE3	44375310EBA04D55A95585B5CDC4BAE3	thumb	placeholder	https://proxy.archieven.nl/thumb/235/44375310EBA04D55A95585B5CDC4BAE3
1100AAFC5BCF4444B2553D3796DD57F6	1100AAFC5BCF4444B2553D3796DD57F6	thumb	placeholder	https://proxy.archieven.nl/thumb/235/1100AAFC5BCF4444B2553D3796DD57F6
3A2E078845A647579F885F97E115482C	3A2E078845A647579F885F97E115482C	thumb	placeholder	https://proxy.archieven.nl/thumb/235/3A2E078845A647579F885F97E115482C
DE6CD799C2A54575833F9E47FA7CA3DC	DE6CD799C2A54575833F9E47FA7CA3DC	thumb	placeholder	https://proxy.archieven.nl/thumb/235/DE6CD799C2A54575833F9E47FA7CA3DC
AD61C4F2E6B0456D8CEB8C91B40C3EC9	AD61C4F2E6B0456D8CEB8C91B40C3EC9	thumb	placeholder	https://proxy.archieven.nl/thumb/235/AD61C4F2E6B0456D8CEB8C91B40C3EC9
EAB4E8E540144254AAE90B37ACFBC651	EAB4E8E540144254AAE90B37ACFBC651	thumb	placeholder	https://proxy.archieven.nl/thumb/235/EAB4E8E540144254AAE90B37ACFBC651
372BD5C917C04D76BA3AD157F3C3DE3B	372BD5C917C04D76BA3AD157F3C3DE3B	thumb	placeholder	https://proxy.archieven.nl/thumb/235/372BD5C917C04D76BA3AD157F3C3DE3B
96792CE992694CECAF8CAC4EE613D3A6	96792CE992694CECAF8CAC4EE613D3A6	thumb	placeholder	https://proxy.archieven.nl/thumb/235/96792CE992694CECAF8CAC4EE613D3A6
7C2D838888AA4C94AF10245B61799069	7C2D838888AA4C94AF10245B61799069	thumb	placeholder	https://proxy.archieven.nl/thumb/235/7C2D838888AA4C94AF10245B61799069
B5158AED83DC43EBAE4F7879D1734516	B5158AED83DC43EBAE4F7879D1734516	thumb	placeholder	https://proxy.archieven.nl/thumb/235/B5158AED83DC43EBAE4F7879D1734516
9D4B1E8EC11C4169835755ED688355E4	9D4B1E8EC11C4169835755ED688355E4	thumb	placeholder	https://proxy.archieven.nl/thumb/235/9D4B1E8EC11C4169835755ED688355E4
4BB6302CABC944A3B74CFD8C2EA278E4	4BB6302CABC944A3B74CFD8C2EA278E4	thumb	placeholder	https://proxy.archieven.nl/thumb/235/4BB6302CABC944A3B74CFD8C2EA278E4
DFA8B3AE398447E2B85CA004578CA5FE	DFA8B3AE398447E2B85CA004578CA5FE	thumb	placeholder	https://proxy.archieven.nl/thumb/235/DFA8B3AE398447E2B85CA004578CA5FE
19D819C9F3D54F198105A41D43DE52E0	19D819C9F3D54F198105A41D43DE52E0	thumb	placeholder	https://proxy.archieven.nl/thumb/235/19D819C9F3D54F198105A41D43DE52E0
545C3C6FE32F43A29E63E603B671F3C5	545C3C6FE32F43A29E63E603B671F3C5	thumb	placeholder	https://proxy.archieven.nl/thumb/235/545C3C6FE32F43A29E63E603B671F3C5
1E47006A18334F0BBF072C050CC5D861	1E47006A18334F0BBF072C050CC5D861	thumb	placeholder	https://proxy.archieven.nl/thumb/235/1E47006A18334F0BBF072C050CC5D861
0649BB9D4E234F0091722E355530CD14	0649BB9D4E234F0091722E355530CD14	thumb	placeholder	https://proxy.archieven.nl/thumb/235/0649BB9D4E234F0091722E355530CD14
8DEC45577CB546D186C6C2D47947D104	8DEC45577CB546D186C6C2D47947D104	thumb	placeholder	https://proxy.archieven.nl/thumb/235/8DEC45577CB546D186C6C2D47947D104
3E274856EE90480D8AAA7D315658A0BF	3E274856EE90480D8AAA7D315658A0BF	thumb	placeholder	https://proxy.archieven.nl/thumb/235/3E274856EE90480D8AAA7D315658A0BF
BB2D95C76620476E9CD4C45AE12ECB19	BB2D95C76620476E9CD4C45AE12ECB19	thumb	placeholder	https://proxy.archieven.nl/thumb/235/BB2D95C76620476E9CD4C45AE12ECB19
F572217BC38840A6AD04AF3110FA0470	F572217BC38840A6AD04AF3110FA0470	thumb	placeholder	https://proxy.archieven.nl/thumb/235/F572217BC38840A6AD04AF3110FA0470
718EFAE6A91C4A6EB3C571D404C96A7C	718EFAE6A91C4A6EB3C571D404C96A7C	thumb	placeholder	https://proxy.archieven.nl/thumb/235/718EFAE6A91C4A6EB3C571D404C96A7C
5A2A4258A4A2453384FBAD542C0A8D28	5A2A4258A4A2453384FBAD542C0A8D28	thumb	placeholder	https://proxy.archieven.nl/thumb/235/5A2A4258A4A2453384FBAD542C0A8D28
90DDE6DFB6824D40A37513BC5A8F4C77	90DDE6DFB6824D40A37513BC5A8F4C77	thumb	placeholder	https://proxy.archieven.nl/thumb/235/90DDE6DFB6824D40A37513BC5A8F4C77
0B739B16D820404D9E47E7F52B28691F	0B739B16D820404D9E47E7F52B28691F	thumb	placeholder	https://proxy.archieven.nl/thumb/235/0B739B16D820404D9E47E7F52B28691F
54FE6CA949D244B6B35613196C89767B	54FE6CA949D244B6B35613196C89767B	thumb	placeholder	https://proxy.archieven.nl/thumb/235/54FE6CA949D244B6B35613196C89767B
266056244329455D940A052FEE063054	266056244329455D940A052FEE063054	thumb	placeholder	https://proxy.archieven.nl/thumb/235/266056244329455D940A052FEE063054
2B0D6664EC044BA39608E59BBCFE0372	2B0D6664EC044BA39608E59BBCFE0372	thumb	placeholder	https://proxy.archieven.nl/thumb/235/2B0D6664EC044BA39608E59BBCFE0372
46A2950081A14F8A8FFB1DBE9D03D944	46A2950081A14F8A8FFB1DBE9D03D944	thumb	placeholder	https://proxy.archieven.nl/thumb/235/46A2950081A14F8A8FFB1DBE9D03D944
28989F48F56349CF895D0CF916554E47	28989F48F56349CF895D0CF916554E47	thumb	placeholder	https://proxy.archieven.nl/thumb/235/28989F48F56349CF895D0CF916554E47
BDDF053FFE874531855BA139F41D4118	BDDF053FFE874531855BA139F41D4118	thumb	placeholder	https://proxy.archieven.nl/thumb/235/BDDF053FFE874531855BA139F41D4118
999304DA5A6145BF9E345E2266EBCEB1	999304DA5A6145BF9E345E2266EBCEB1	thumb	placeholder	https://proxy.archieven.nl/thumb/235/999304DA5A6145BF9E345E2266EBCEB1
FCCCB4D7A4624ADDBFA451AF31DA4002	FCCCB4D7A4624ADDBFA451AF31DA4002	thumb	placeholder	https://proxy.archieven.nl/thumb/235/FCCCB4D7A4624ADDBFA451AF31DA4002
5B50A82DD8F34C9394173B3ED807ACE9	5B50A82DD8F34C9394173B3ED807ACE9	thumb	placeholder	https://proxy.archieven.nl/thumb/235/5B50A82DD8F34C9394173B3ED807ACE9
430ACB66BBB54735A5C3BF4B256D48AC	430ACB66BBB54735A5C3BF4B256D48AC	thumb	placeholder	https://proxy.archieven.nl/thumb/235/430ACB66BBB54735A5C3BF4B256D48AC
55B20C6ED8094259984CD6DBE1D2C3ED	55B20C6ED8094259984CD6DBE1D2C3ED	thumb	placeholder	https://proxy.archieven.nl/thumb/235/55B20C6ED8094259984CD6DBE1D2C3ED
B44B3023C40F46B6946369F4B6F68003	B44B3023C40F46B6946369F4B6F68003	thumb	placeholder	https://proxy.archieven.nl/thumb/235/B44B3023C40F46B6946369F4B6F68003
245A84E84DCC48FAAF9E692AAD317364	245A84E84DCC48FAAF9E692AAD317364	thumb	placeholder	https://proxy.archieven.nl/thumb/235/245A84E84DCC48FAAF9E692AAD317364
281DFED7E9DB4C4187D87541DE9584F8	281DFED7E9DB4C4187D87541DE9584F8	thumb	placeholder	https://proxy.archieven.nl/thumb/235/281DFED7E9DB4C4187D87541DE9584F8
B1450E482F0A42F5B8F9380B00B19A98	B1450E482F0A42F5B8F9380B00B19A98	thumb	placeholder	https://proxy.archieven.nl/thumb/235/B1450E482F0A42F5B8F9380B00B19A98
A9D1376DA0CA49ABB2ACE501EF7755D4	A9D1376DA0CA49ABB2ACE501EF7755D4	thumb	placeholder	https://proxy.archieven.nl/thumb/235/A9D1376DA0CA49ABB2ACE501EF7755D4
016FF17E65524B0B87D1F74C6456D862	016FF17E65524B0B87D1F74C6456D862	thumb	placeholder	https://proxy.archieven.nl/thumb/235/016FF17E65524B0B87D1F74C6456D862
95EBC8F7E18246669840B3F959FFDD5F	95EBC8F7E18246669840B3F959FFDD5F	thumb	placeholder	https://proxy.archieven.nl/thumb/235/95EBC8F7E18246669840B3F959FFDD5F
DCCF39D9DA18494DA09D3CCE1AEB5B7B	DCCF39D9DA18494DA09D3CCE1AEB5B7B	thumb	placeholder	https://proxy.archieven.nl/thumb/235/DCCF39D9DA18494DA09D3CCE1AEB5B7B
E86C61C72F2C42DD99C88E1EF6140458	E86C61C72F2C42DD99C88E1EF6140458	thumb	placeholder	https://proxy.archieven.nl/thumb/235/E86C61C72F2C42DD99C88E1EF6140458
10F82076A4464D71ACE8E5B31FBDF7F2	10F82076A4464D71ACE8E5B31FBDF7F2	thumb	placeholder	https://proxy.archieven.nl/thumb/235/10F82076A4464D71ACE8E5B31FBDF7F2
7A9065EF57DB4DF9BAC17EFEC8E883D5	7A9065EF57DB4DF9BAC17EFEC8E883D5	thumb	placeholder	https://proxy.archieven.nl/thumb/235/7A9065EF57DB4DF9BAC17EFEC8E883D5
D4D936C5F02D4F34B8B789B1E575B7E9	D4D936C5F02D4F34B8B789B1E575B7E9	thumb	placeholder	https://proxy.archieven.nl/thumb/235/D4D936C5F02D4F34B8B789B1E575B7E9
955E9BEDA666474F8C0DA0121AB0C99E	955E9BEDA666474F8C0DA0121AB0C99E	thumb	placeholder	https://proxy.archieven.nl/thumb/235/955E9BEDA666474F8C0DA0121AB0C99E
DF4503C6CE4C417798FFCF1440F19C62	DF4503C6CE4C417798FFCF1440F19C62	thumb	placeholder	https://proxy.archieven.nl/thumb/235/DF4503C6CE4C417798FFCF1440F19C62
AA5F7CF2F5A94DA3B2B98910506B3D46	AA5F7CF2F5A94DA3B2B98910506B3D46	thumb	placeholder	https://proxy.archieven.nl/thumb/235/AA5F7CF2F5A94DA3B2B98910506B3D46
470DDF69CC174F97882E3289B3203FC3	470DDF69CC174F97882E3289B3203FC3	thumb	placeholder	https://proxy.archieven.nl/thumb/235/470DDF69CC174F97882E3289B3203FC3
7A3A9700C1B84ED38F291D3C5258EC89	7A3A9700C1B84ED38F291D3C5258EC89	thumb	placeholder	https://proxy.archieven.nl/thumb/235/7A3A9700C1B84ED38F291D3C5258EC89
F9FFEDDD995D4650A6D0F7C562F93A21	F9FFEDDD995D4650A6D0F7C562F93A21	thumb	placeholder	https://proxy.archieven.nl/thumb/235/F9FFEDDD995D4650A6D0F7C562F93A21
C8B875BAB59741589B73C6EAF66E7175	C8B875BAB59741589B73C6EAF66E7175	thumb	placeholder	https://proxy.archieven.nl/thumb/235/C8B875BAB59741589B73C6EAF66E7175
9066C74C01464A7E862710D3C126A6AD	9066C74C01464A7E862710D3C126A6AD	thumb	placeholder	https://proxy.archieven.nl/thumb/235/9066C74C01464A7E862710D3C126A6AD
EAEDB75C7B5B4734BA33972C59F39671	EAEDB75C7B5B4734BA33972C59F39671	thumb	placeholder	https://proxy.archieven.nl/thumb/235/EAEDB75C7B5B4734BA33972C59F39671
CAE9F7D8181646E2871C8D02B0C9B346	CAE9F7D8181646E2871C8D02B0C9B346	thumb	placeholder	https://proxy.archieven.nl/thumb/235/CAE9F7D8181646E2871C8D02B0C9B346
A4C7E55EBE1344E98BFE658ACCBB41C1	A4C7E55EBE1344E98BFE658ACCBB41C1	thumb	placeholder	https://proxy.archieven.nl/thumb/235/A4C7E55EBE1344E98BFE658ACCBB41C1
2A0CFD58072A4A8789B10A76A2116731	2A0CFD58072A4A8789B10A76A2116731	thumb	placeholder	https://proxy.archieven.nl/thumb/235/2A0CFD58072A4A8789B10A76A2116731
9D3E7CAD52A74D9D94ECC145CB770422	9D3E7CAD52A74D9D94ECC145CB770422	thumb	placeholder	https://proxy.archieven.nl/thumb/235/9D3E7CAD52A74D9D94ECC145CB770422
2523EF64F4EA4BE99878BA0C6E5953D5	2523EF64F4EA4BE99878BA0C6E5953D5	thumb	placeholder	https://proxy.archieven.nl/thumb/235/2523EF64F4EA4BE99878BA0C6E5953D5
D815ADC6DBA347AEA8C7AD797E2B9E86	D815ADC6DBA347AEA8C7AD797E2B9E86	thumb	placeholder	https://proxy.archieven.nl/thumb/235/D815ADC6DBA347AEA8C7AD797E2B9E86
A252253C5F414371BE96A72E378AF24E	A252253C5F414371BE96A72E378AF24E	thumb	placeholder	https://proxy.archieven.nl/thumb/235/A252253C5F414371BE96A72E378AF24E
739CD982D9C54F098DDEAAC6809E9B24	739CD982D9C54F098DDEAAC6809E9B24	thumb	placeholder	https://proxy.archieven.nl/thumb/235/739CD982D9C54F098DDEAAC6809E9B24
42B31B4904024510B5EE59CBC772237C	42B31B4904024510B5EE59CBC772237C	thumb	placeholder	https://proxy.archieven.nl/thumb/235/42B31B4904024510B5EE59CBC772237C
2A64936648B84109AE0326E042DA7A3F	2A64936648B84109AE0326E042DA7A3F	thumb	placeholder	https://proxy.archieven.nl/thumb/235/2A64936648B84109AE0326E042DA7A3F
1CBCE2DF62E7455A92DE95BB2C95520E	1CBCE2DF62E7455A92DE95BB2C95520E	thumb	placeholder	https://proxy.archieven.nl/thumb/235/1CBCE2DF62E7455A92DE95BB2C95520E
C8B359B293404C34886C7595A2C921BD	C8B359B293404C34886C7595A2C921BD	thumb	placeholder	https://proxy.archieven.nl/thumb/235/C8B359B293404C34886C7595A2C921BD
5D2D73C50C624245A8590538C885E84C	5D2D73C50C624245A8590538C885E84C	thumb	placeholder	https://proxy.archieven.nl/thumb/235/5D2D73C50C624245A8590538C885E84C
1C2BFF010A164EC1B7E4DB3EF69130D9	1C2BFF010A164EC1B7E4DB3EF69130D9	thumb	placeholder	https://proxy.archieven.nl/thumb/235/1C2BFF010A164EC1B7E4DB3EF69130D9
35D310876535440687D129A118185B60	35D310876535440687D129A118185B60	thumb	placeholder	https://proxy.archieven.nl/thumb/235/35D310876535440687D129A118185B60
062B969801A74E2A94C74D17DE6F6787	062B969801A74E2A94C74D17DE6F6787	thumb	placeholder	https://proxy.archieven.nl/thumb/235/062B969801A74E2A94C74D17DE6F6787
810C522A69014CE695062E1B0F69BCEF	810C522A69014CE695062E1B0F69BCEF	thumb	placeholder	https://proxy.archieven.nl/thumb/235/810C522A69014CE695062E1B0F69BCEF
78BFB58C30064302A5565FAFDAC9FF4C	78BFB58C30064302A5565FAFDAC9FF4C	thumb	placeholder	https://proxy.archieven.nl/thumb/235/78BFB58C30064302A5565FAFDAC9FF4C
83048A1B29974727B411642BCD7DEB5F	83048A1B29974727B411642BCD7DEB5F	thumb	placeholder	https://proxy.archieven.nl/thumb/235/83048A1B29974727B411642BCD7DEB5F
970F0CC0E08448F1A086EDCDB4B636E3	970F0CC0E08448F1A086EDCDB4B636E3	thumb	placeholder	https://proxy.archieven.nl/thumb/235/970F0CC0E08448F1A086EDCDB4B636E3
0E1C7D4A770A4A468B6B7C36EAD7BF06	0E1C7D4A770A4A468B6B7C36EAD7BF06	thumb	placeholder	https://proxy.archieven.nl/thumb/235/0E1C7D4A770A4A468B6B7C36EAD7BF06
3851021144014452A248C10528AFA88A	3851021144014452A248C10528AFA88A	thumb	placeholder	https://proxy.archieven.nl/thumb/235/3851021144014452A248C10528AFA88A
8E73EE9B32B84ECA99E5FD3E05370AB3	8E73EE9B32B84ECA99E5FD3E05370AB3	thumb	placeholder	https://proxy.archieven.nl/thumb/235/8E73EE9B32B84ECA99E5FD3E05370AB3
6FA019F980F34F2FAE54BB56C247EEFE	6FA019F980F34F2FAE54BB56C247EEFE	thumb	placeholder	https://proxy.archieven.nl/thumb/235/6FA019F980F34F2FAE54BB56C247EEFE
49237E8F8BE14A6DB2F38848A3ECDAAB	49237E8F8BE14A6DB2F38848A3ECDAAB	thumb	placeholder	https://proxy.archieven.nl/thumb/235/49237E8F8BE14A6DB2F38848A3ECDAAB
DC84803773F348018943E9D6D7364824	DC84803773F348018943E9D6D7364824	thumb	placeholder	https://proxy.archieven.nl/thumb/235/DC84803773F348018943E9D6D7364824
4B7E9A8FC873475391BECFCAB01F936B	4B7E9A8FC873475391BECFCAB01F936B	thumb	placeholder	https://proxy.archieven.nl/thumb/235/4B7E9A8FC873475391BECFCAB01F936B
A20893BC5135427ABE89607E979C3403	A20893BC5135427ABE89607E979C3403	thumb	placeholder	https://proxy.archieven.nl/thumb/235/A20893BC5135427ABE89607E979C3403
B881E2EF44B14441B5D837C9A2C9153C	B881E2EF44B14441B5D837C9A2C9153C	thumb	placeholder	https://proxy.archieven.nl/thumb/235/B881E2EF44B14441B5D837C9A2C9153C
3426DA92AA1646D09156994650E9998F	3426DA92AA1646D09156994650E9998F	thumb	placeholder	https://proxy.archieven.nl/thumb/235/3426DA92AA1646D09156994650E9998F
0E4128F3FC00431B94181A23305A7008	0E4128F3FC00431B94181A23305A7008	thumb	placeholder	https://proxy.archieven.nl/thumb/235/0E4128F3FC00431B94181A23305A7008
2C6FBCAF4FC7465FA7416765CD46792F	2C6FBCAF4FC7465FA7416765CD46792F	thumb	placeholder	https://proxy.archieven.nl/thumb/235/2C6FBCAF4FC7465FA7416765CD46792F
61C9E219D043473386EF119628560D7C	61C9E219D043473386EF119628560D7C	thumb	placeholder	https://proxy.archieven.nl/thumb/235/61C9E219D043473386EF119628560D7C
0417B0341049485489F7299A2A436153	0417B0341049485489F7299A2A436153	thumb	placeholder	https://proxy.archieven.nl/thumb/235/0417B0341049485489F7299A2A436153
984846A2C6434E5CB6CC4D95F35558B5	984846A2C6434E5CB6CC4D95F35558B5	thumb	placeholder	https://proxy.archieven.nl/thumb/235/984846A2C6434E5CB6CC4D95F35558B5
8EA0EDAB2F964F42B25FC23B4E83D1BF	8EA0EDAB2F964F42B25FC23B4E83D1BF	thumb	placeholder	https://proxy.archieven.nl/thumb/235/8EA0EDAB2F964F42B25FC23B4E83D1BF
8863E1CDD21045DCB634421017766125	8863E1CDD21045DCB634421017766125	thumb	placeholder	https://proxy.archieven.nl/thumb/235/8863E1CDD21045DCB634421017766125
63EB077ACD6C43C39F25FA95D097738F	63EB077ACD6C43C39F25FA95D097738F	thumb	placeholder	https://proxy.archieven.nl/thumb/235/63EB077ACD6C43C39F25FA95D097738F
D309FD3486F446B3805B39BB21EF1C74	D309FD3486F446B3805B39BB21EF1C74	thumb	placeholder	https://proxy.archieven.nl/thumb/235/D309FD3486F446B3805B39BB21EF1C74
F44BC26B1E1F4D3F954D016DAA024A0F	F44BC26B1E1F4D3F954D016DAA024A0F	thumb	placeholder	https://proxy.archieven.nl/thumb/235/F44BC26B1E1F4D3F954D016DAA024A0F
EB0FFD3642474B28A2006BF3266D7AD9	EB0FFD3642474B28A2006BF3266D7AD9	thumb	placeholder	https://proxy.archieven.nl/thumb/235/EB0FFD3642474B28A2006BF3266D7AD9
C8B1B0C1398F4B4EA9A74C26082FDC54	C8B1B0C1398F4B4EA9A74C26082FDC54	thumb	placeholder	https://proxy.archieven.nl/thumb/235/C8B1B0C1398F4B4EA9A74C26082FDC54
84E887EC1C6F4A6B90498CE3E431E8AD	84E887EC1C6F4A6B90498CE3E431E8AD	thumb	placeholder	https://proxy.archieven.nl/thumb/235/84E887EC1C6F4A6B90498CE3E431E8AD
4B538E2CBE0A4047AC70A9A3B9585D54	4B538E2CBE0A4047AC70A9A3B9585D54	thumb	placeholder	https://proxy.archieven.nl/thumb/235/4B538E2CBE0A4047AC70A9A3B9585D54
7F20EBF3F041451090D75BFC8DBFCB9D	7F20EBF3F041451090D75BFC8DBFCB9D	thumb	placeholder	https://proxy.archieven.nl/thumb/235/7F20EBF3F041451090D75BFC8DBFCB9D
03B8799D988248A3AA5D290B60094E63	03B8799D988248A3AA5D290B60094E63	thumb	placeholder	https://proxy.archieven.nl/thumb/235/03B8799D988248A3AA5D290B60094E63
11829AF8FCB84A86AFA9FC3983273AEE	11829AF8FCB84A86AFA9FC3983273AEE	thumb	placeholder	https://proxy.archieven.nl/thumb/235/11829AF8FCB84A86AFA9FC3983273AEE
F289D791CE0442EC8E2B656AD33EAE6B	F289D791CE0442EC8E2B656AD33EAE6B	thumb	placeholder	https://proxy.archieven.nl/thumb/235/F289D791CE0442EC8E2B656AD33EAE6B
7C351E1C619C48EB96F319DE7B562FE3	7C351E1C619C48EB96F319DE7B562FE3	thumb	placeholder	https://proxy.archieven.nl/thumb/235/7C351E1C619C48EB96F319DE7B562FE3
A50971E0F8D14FD2BC8580DA17CD2BD2	A50971E0F8D14FD2BC8580DA17CD2BD2	thumb	placeholder	https://proxy.archieven.nl/thumb/235/A50971E0F8D14FD2BC8580DA17CD2BD2
5DADE895D23646FC85E2F2CD41D961F9	5DADE895D23646FC85E2F2CD41D961F9	thumb	placeholder	https://proxy.archieven.nl/thumb/235/5DADE895D23646FC85E2F2CD41D961F9
E7EDDB8C9E9841D4AB13FA620B9EF76C	E7EDDB8C9E9841D4AB13FA620B9EF76C	thumb	placeholder	https://proxy.archieven.nl/thumb/235/E7EDDB8C9E9841D4AB13FA620B9EF76C
47E73C7A4D064D99BD2EE8368BF67D6C	47E73C7A4D064D99BD2EE8368BF67D6C	thumb	placeholder	https://proxy.archieven.nl/thumb/235/47E73C7A4D064D99BD2EE8368BF67D6C
E0D823F7E1EC436C9F2AC88C584D2C66	E0D823F7E1EC436C9F2AC88C584D2C66	thumb	placeholder	https://proxy.archieven.nl/thumb/235/E0D823F7E1EC436C9F2AC88C584D2C66
CFF22CE966CB4228A72F905D378CD12A	CFF22CE966CB4228A72F905D378CD12A	thumb	placeholder	https://proxy.archieven.nl/thumb/235/CFF22CE966CB4228A72F905D378CD12A
D988911B44424DD2B10D811C6A1B247D	D988911B44424DD2B10D811C6A1B247D	thumb	placeholder	https://proxy.archieven.nl/thumb/235/D988911B44424DD2B10D811C6A1B247D
6E61C990C4E44F9499C89A8E78FF7AC6	6E61C990C4E44F9499C89A8E78FF7AC6	thumb	placeholder	https://proxy.archieven.nl/thumb/235/6E61C990C4E44F9499C89A8E78FF7AC6
CDD19A62AEFF4A478158B3E691A010F8	CDD19A62AEFF4A478158B3E691A010F8	thumb	placeholder	https://proxy.archieven.nl/thumb/235/CDD19A62AEFF4A478158B3E691A010F8
4D66A44BAD3245F085E1AC9D9E29EC5C	4D66A44BAD3245F085E1AC9D9E29EC5C	thumb	placeholder	https://proxy.archieven.nl/thumb/235/4D66A44BAD3245F085E1AC9D9E29EC5C
42E508354B3A43E6865D4D02512E6249	42E508354B3A43E6865D4D02512E6249	thumb	placeholder	https://proxy.archieven.nl/thumb/235/42E508354B3A43E6865D4D02512E6249
7E4BFDA53FD14B71931471F4F86D6DFB	7E4BFDA53FD14B71931471F4F86D6DFB	thumb	placeholder	https://proxy.archieven.nl/thumb/235/7E4BFDA53FD14B71931471F4F86D6DFB
6979C5C5324246EF8F1731D303864DBF	6979C5C5324246EF8F1731D303864DBF	thumb	placeholder	https://proxy.archieven.nl/thumb/235/6979C5C5324246EF8F1731D303864DBF
2620630AF0EC46E3816936CF5031A1D6	2620630AF0EC46E3816936CF5031A1D6	thumb	placeholder	https://proxy.archieven.nl/thumb/235/2620630AF0EC46E3816936CF5031A1D6
7A055012D6CC4CB592613C478AC3470C	7A055012D6CC4CB592613C478AC3470C	thumb	placeholder	https://proxy.archieven.nl/thumb/235/7A055012D6CC4CB592613C478AC3470C
AB939C676BF44EC48446B42167A9002C	AB939C676BF44EC48446B42167A9002C	thumb	placeholder	https://proxy.archieven.nl/thumb/235/AB939C676BF44EC48446B42167A9002C
8A997026016441D8BE9016C6B85FC071	8A997026016441D8BE9016C6B85FC071	thumb	placeholder	https://proxy.archieven.nl/thumb/235/8A997026016441D8BE9016C6B85FC071
64D027423DD64038944E9D5439714103	64D027423DD64038944E9D5439714103	thumb	placeholder	https://proxy.archieven.nl/thumb/235/64D027423DD64038944E9D5439714103
2FF4F35494F04BBFB7601CFC6D38D03C	2FF4F35494F04BBFB7601CFC6D38D03C	thumb	placeholder	https://proxy.archieven.nl/thumb/235/2FF4F35494F04BBFB7601CFC6D38D03C
3B51E3C5FBE04C2CB46440C34C69894C	3B51E3C5FBE04C2CB46440C34C69894C	thumb	placeholder	https://proxy.archieven.nl/thumb/235/3B51E3C5FBE04C2CB46440C34C69894C
9C4FDE655F0F411382069FDBB68BBCAB	9C4FDE655F0F411382069FDBB68BBCAB	thumb	placeholder	https://proxy.archieven.nl/thumb/235/9C4FDE655F0F411382069FDBB68BBCAB
18D37108E8E34EA08A9AB7D93EE30E4E	18D37108E8E34EA08A9AB7D93EE30E4E	thumb	placeholder	https://proxy.archieven.nl/thumb/235/18D37108E8E34EA08A9AB7D93EE30E4E
CBF4188A2290408AA197435BB8B7889A	CBF4188A2290408AA197435BB8B7889A	thumb	placeholder	https://proxy.archieven.nl/thumb/235/CBF4188A2290408AA197435BB8B7889A
EE6FE0E8076B4260A52ADDB0D5D046EA	EE6FE0E8076B4260A52ADDB0D5D046EA	thumb	placeholder	https://proxy.archieven.nl/thumb/235/EE6FE0E8076B4260A52ADDB0D5D046EA
645438A64F654C89BBF44C01BA74C685	645438A64F654C89BBF44C01BA74C685	thumb	placeholder	https://proxy.archieven.nl/thumb/235/645438A64F654C89BBF44C01BA74C685
5EE1F2EC672B4D339489EBCD937CD251	5EE1F2EC672B4D339489EBCD937CD251	thumb	placeholder	https://proxy.archieven.nl/thumb/235/5EE1F2EC672B4D339489EBCD937CD251
2A317FDFD02B433096A199BBBC866AE4	2A317FDFD02B433096A199BBBC866AE4	thumb	placeholder	https://proxy.archieven.nl/thumb/235/2A317FDFD02B433096A199BBBC866AE4
9A75C137004E41FD9B62BA247832B3E8	9A75C137004E41FD9B62BA247832B3E8	thumb	placeholder	https://proxy.archieven.nl/thumb/235/9A75C137004E41FD9B62BA247832B3E8
764AB90B0C494393B319F696DC05A777	764AB90B0C494393B319F696DC05A777	thumb	placeholder	https://proxy.archieven.nl/thumb/235/764AB90B0C494393B319F696DC05A777
6B7EE49DD3154C7F89659459A919E54C	6B7EE49DD3154C7F89659459A919E54C	thumb	placeholder	https://proxy.archieven.nl/thumb/235/6B7EE49DD3154C7F89659459A919E54C
2CCE5488574343FA8F5C8E46D08B2817	2CCE5488574343FA8F5C8E46D08B2817	thumb	placeholder	https://proxy.archieven.nl/thumb/235/2CCE5488574343FA8F5C8E46D08B2817
6538A7E49C8A4612A6A3CE55AD789A48	6538A7E49C8A4612A6A3CE55AD789A48	thumb	placeholder	https://proxy.archieven.nl/thumb/235/6538A7E49C8A4612A6A3CE55AD789A48
484233CE2B4947128E92BB38DDCCD390	484233CE2B4947128E92BB38DDCCD390	thumb	placeholder	https://proxy.archieven.nl/thumb/235/484233CE2B4947128E92BB38DDCCD390
D010CD1D49C54E239FDCE335DEB627B0	D010CD1D49C54E239FDCE335DEB627B0	thumb	placeholder	https://proxy.archieven.nl/thumb/235/D010CD1D49C54E239FDCE335DEB627B0
394D72D3C08C469085858C8BE860B134	394D72D3C08C469085858C8BE860B134	thumb	placeholder	https://proxy.archieven.nl/thumb/235/394D72D3C08C469085858C8BE860B134
D671B33459184CAD86590F48BE9B7E22	D671B33459184CAD86590F48BE9B7E22	thumb	placeholder	https://proxy.archieven.nl/thumb/235/D671B33459184CAD86590F48BE9B7E22
17970FE1E87141E981B10F6FBC537078	17970FE1E87141E981B10F6FBC537078	thumb	placeholder	https://proxy.archieven.nl/thumb/235/17970FE1E87141E981B10F6FBC537078
561EF632045B4E15B87F0C061D8B5494	561EF632045B4E15B87F0C061D8B5494	thumb	placeholder	https://proxy.archieven.nl/thumb/235/561EF632045B4E15B87F0C061D8B5494
8B2EFC4BE6F145699A6839E3FDADC1EA	8B2EFC4BE6F145699A6839E3FDADC1EA	thumb	placeholder	https://proxy.archieven.nl/thumb/235/8B2EFC4BE6F145699A6839E3FDADC1EA
34D0BED0A5984765B35332C6251FE171	34D0BED0A5984765B35332C6251FE171	thumb	placeholder	https://proxy.archieven.nl/thumb/235/34D0BED0A5984765B35332C6251FE171
9651C58017F04D99BB49F00CD1A502E2	9651C58017F04D99BB49F00CD1A502E2	thumb	placeholder	https://proxy.archieven.nl/thumb/235/9651C58017F04D99BB49F00CD1A502E2
FA18B7F0EAF54B9293A2988FA8FA2760	FA18B7F0EAF54B9293A2988FA8FA2760	thumb	placeholder	https://proxy.archieven.nl/thumb/235/FA18B7F0EAF54B9293A2988FA8FA2760
677F419B2F954685ADD5731426E5025F	677F419B2F954685ADD5731426E5025F	thumb	placeholder	https://proxy.archieven.nl/thumb/235/677F419B2F954685ADD5731426E5025F
E48B72FEFDA44F37AA3850D31772905C	E48B72FEFDA44F37AA3850D31772905C	thumb	placeholder	https://proxy.archieven.nl/thumb/235/E48B72FEFDA44F37AA3850D31772905C
9E521DBF72A24CFFA2058E45750AB078	9E521DBF72A24CFFA2058E45750AB078	thumb	placeholder	https://proxy.archieven.nl/thumb/235/9E521DBF72A24CFFA2058E45750AB078
E7FBE39DEB5A4259B7044A9800203A03	E7FBE39DEB5A4259B7044A9800203A03	thumb	placeholder	https://proxy.archieven.nl/thumb/235/E7FBE39DEB5A4259B7044A9800203A03
F33CB549A7A6473497B6C962D0D3C1A7	F33CB549A7A6473497B6C962D0D3C1A7	thumb	placeholder	https://proxy.archieven.nl/thumb/235/F33CB549A7A6473497B6C962D0D3C1A7
60E65E99C15F4588BD6CAC4176B6B19A	60E65E99C15F4588BD6CAC4176B6B19A	thumb	placeholder	https://proxy.archieven.nl/thumb/235/60E65E99C15F4588BD6CAC4176B6B19A
2AAF09508F034C30A7ECA5650026F043	2AAF09508F034C30A7ECA5650026F043	thumb	placeholder	https://proxy.archieven.nl/thumb/235/2AAF09508F034C30A7ECA5650026F043
5A6F188D884D4A0098D99EC3ADD42BA5	5A6F188D884D4A0098D99EC3ADD42BA5	thumb	placeholder	https://proxy.archieven.nl/thumb/235/5A6F188D884D4A0098D99EC3ADD42BA5
0C14CB3F9CF642749E474503C75B8462	0C14CB3F9CF642749E474503C75B8462	thumb	placeholder	https://proxy.archieven.nl/thumb/235/0C14CB3F9CF642749E474503C75B8462
8DC35D4FC6AB406E9BCB9DEA41FCA409	8DC35D4FC6AB406E9BCB9DEA41FCA409	thumb	placeholder	https://proxy.archieven.nl/thumb/235/8DC35D4FC6AB406E9BCB9DEA41FCA409
E1B9800FDCC542D9BEE997134E7967A0	E1B9800FDCC542D9BEE997134E7967A0	thumb	placeholder	https://proxy.archieven.nl/thumb/235/E1B9800FDCC542D9BEE997134E7967A0
959185B4BD584DFEA4036DAB2B720DF5	959185B4BD584DFEA4036DAB2B720DF5	thumb	placeholder	https://proxy.archieven.nl/thumb/235/959185B4BD584DFEA4036DAB2B720DF5
0137E360A4804A608721D06EA568E213	0137E360A4804A608721D06EA568E213	thumb	placeholder	https://proxy.archieven.nl/thumb/235/0137E360A4804A608721D06EA568E213
29FEA9F302584A8485B80AC198D68328	29FEA9F302584A8485B80AC198D68328	thumb	placeholder	https://proxy.archieven.nl/thumb/235/29FEA9F302584A8485B80AC198D68328
A4F1142D50424C30B55311C041ADB42F	A4F1142D50424C30B55311C041ADB42F	thumb	placeholder	https://proxy.archieven.nl/thumb/235/A4F1142D50424C30B55311C041ADB42F
CB3CBFB390ED48AAB95D53433E67E4F0	CB3CBFB390ED48AAB95D53433E67E4F0	thumb	placeholder	https://proxy.archieven.nl/thumb/235/CB3CBFB390ED48AAB95D53433E67E4F0
259EF7044E8E4E3F8C885472C596AF3E	259EF7044E8E4E3F8C885472C596AF3E	thumb	placeholder	https://proxy.archieven.nl/thumb/235/259EF7044E8E4E3F8C885472C596AF3E
BB37E9F42BE74A0887E52F11C56D6BDB	BB37E9F42BE74A0887E52F11C56D6BDB	thumb	placeholder	https://proxy.archieven.nl/thumb/235/BB37E9F42BE74A0887E52F11C56D6BDB
819A5A9534284899B628387102BF5C6B	819A5A9534284899B628387102BF5C6B	thumb	placeholder	https://proxy.archieven.nl/thumb/235/819A5A9534284899B628387102BF5C6B
594F6D4F536E4D68AE1C10940404A154	594F6D4F536E4D68AE1C10940404A154	thumb	placeholder	https://proxy.archieven.nl/thumb/235/594F6D4F536E4D68AE1C10940404A154
C93DBFD6D56E460280B622E7DEE3D619	C93DBFD6D56E460280B622E7DEE3D619	thumb	placeholder	https://proxy.archieven.nl/thumb/235/C93DBFD6D56E460280B622E7DEE3D619
3C390A16705942B4A12E7DBC1D213A0F	3C390A16705942B4A12E7DBC1D213A0F	thumb	placeholder	https://proxy.archieven.nl/thumb/235/3C390A16705942B4A12E7DBC1D213A0F
13716571757F405DA28DB3EB7ECEA8DD	13716571757F405DA28DB3EB7ECEA8DD	thumb	placeholder	https://proxy.archieven.nl/thumb/235/13716571757F405DA28DB3EB7ECEA8DD
E2A6FC68400F4B5297D2CBED601DB69A	E2A6FC68400F4B5297D2CBED601DB69A	thumb	placeholder	https://proxy.archieven.nl/thumb/235/E2A6FC68400F4B5297D2CBED601DB69A
07424932949944EB820B699A8738986A	07424932949944EB820B699A8738986A	thumb	placeholder	https://proxy.archieven.nl/thumb/235/07424932949944EB820B699A8738986A
B641A14ACA7743209700D158D1F2C623	B641A14ACA7743209700D158D1F2C623	thumb	placeholder	https://proxy.archieven.nl/thumb/235/B641A14ACA7743209700D158D1F2C623
269C205D4B8D4C6DA63EB50E6519A8FE	269C205D4B8D4C6DA63EB50E6519A8FE	thumb	placeholder	https://proxy.archieven.nl/thumb/235/269C205D4B8D4C6DA63EB50E6519A8FE
D612EFFCF706400FA70909B7AF02B097	D612EFFCF706400FA70909B7AF02B097	thumb	placeholder	https://proxy.archieven.nl/thumb/235/D612EFFCF706400FA70909B7AF02B097
A81536D95C9342A3A38B6A453503F6BE	A81536D95C9342A3A38B6A453503F6BE	thumb	placeholder	https://proxy.archieven.nl/thumb/235/A81536D95C9342A3A38B6A453503F6BE
23F284E6D47B4E0CBA2C1252603E1297	23F284E6D47B4E0CBA2C1252603E1297	thumb	placeholder	https://proxy.archieven.nl/thumb/235/23F284E6D47B4E0CBA2C1252603E1297
0758A74D8275441B9F3E33CD2D31E67C	0758A74D8275441B9F3E33CD2D31E67C	thumb	placeholder	https://proxy.archieven.nl/thumb/235/0758A74D8275441B9F3E33CD2D31E67C
833B79BC1A0948D086BF1613FE1EA8B2	833B79BC1A0948D086BF1613FE1EA8B2	thumb	placeholder	https://proxy.archieven.nl/thumb/235/833B79BC1A0948D086BF1613FE1EA8B2
063ACAA6D3BE4EC8872F7F24BA44260E	063ACAA6D3BE4EC8872F7F24BA44260E	thumb	placeholder	https://proxy.archieven.nl/thumb/235/063ACAA6D3BE4EC8872F7F24BA44260E
6FFACEAAC6A64ADDB0C20D251805668F	6FFACEAAC6A64ADDB0C20D251805668F	thumb	placeholder	https://proxy.archieven.nl/thumb/235/6FFACEAAC6A64ADDB0C20D251805668F
1351B19B6277403485F5EB612D61D1C6	1351B19B6277403485F5EB612D61D1C6	thumb	placeholder	https://proxy.archieven.nl/thumb/235/1351B19B6277403485F5EB612D61D1C6
9A0B632BA65946D187F457CA96914D27	9A0B632BA65946D187F457CA96914D27	thumb	placeholder	https://proxy.archieven.nl/thumb/235/9A0B632BA65946D187F457CA96914D27
E4088D978D5046E6A07E9B3181CD109E	E4088D978D5046E6A07E9B3181CD109E	thumb	placeholder	https://proxy.archieven.nl/thumb/235/E4088D978D5046E6A07E9B3181CD109E
6705267FE2EC48F2B7C07AF1F5EC1A3B	6705267FE2EC48F2B7C07AF1F5EC1A3B	thumb	placeholder	https://proxy.archieven.nl/thumb/235/6705267FE2EC48F2B7C07AF1F5EC1A3B
A7BF13BD72CB4EB5A28A8F33A9804381	A7BF13BD72CB4EB5A28A8F33A9804381	thumb	placeholder	https://proxy.archieven.nl/thumb/235/A7BF13BD72CB4EB5A28A8F33A9804381
326344E86A664FD3AC44032CEE29F7E3	326344E86A664FD3AC44032CEE29F7E3	thumb	placeholder	https://proxy.archieven.nl/thumb/235/326344E86A664FD3AC44032CEE29F7E3
8E8CDF842DE242D7942239AB193A0322	8E8CDF842DE242D7942239AB193A0322	thumb	placeholder	https://proxy.archieven.nl/thumb/235/8E8CDF842DE242D7942239AB193A0322
F4174332309944DA9A5116EA05C70C85	F4174332309944DA9A5116EA05C70C85	thumb	placeholder	https://proxy.archieven.nl/thumb/235/F4174332309944DA9A5116EA05C70C85
33A67E55810C40C1A28FD824A5895BA2	33A67E55810C40C1A28FD824A5895BA2	thumb	placeholder	https://proxy.archieven.nl/thumb/235/33A67E55810C40C1A28FD824A5895BA2
C411CE05EB164F48BB8B0AC983BDE1DC	C411CE05EB164F48BB8B0AC983BDE1DC	thumb	placeholder	https://proxy.archieven.nl/thumb/235/C411CE05EB164F48BB8B0AC983BDE1DC
B0BABEA38590482494A364FC165F2160	B0BABEA38590482494A364FC165F2160	thumb	placeholder	https://proxy.archieven.nl/thumb/235/B0BABEA38590482494A364FC165F2160
13FF48F4D7E04521BBCDB04DCD1B0432	13FF48F4D7E04521BBCDB04DCD1B0432	thumb	placeholder	https://proxy.archieven.nl/thumb/235/13FF48F4D7E04521BBCDB04DCD1B0432
199AB93E7FA2450E91AD7C4F87C628B4	199AB93E7FA2450E91AD7C4F87C628B4	thumb	placeholder	https://proxy.archieven.nl/thumb/235/199AB93E7FA2450E91AD7C4F87C628B4
C800DEA0B1EA45F784731FAD0A24574D	C800DEA0B1EA45F784731FAD0A24574D	thumb	placeholder	https://proxy.archieven.nl/thumb/235/C800DEA0B1EA45F784731FAD0A24574D
3065F8E9C8914F4CBD9CA4B5FD4AC6FD	3065F8E9C8914F4CBD9CA4B5FD4AC6FD	thumb	placeholder	https://proxy.archieven.nl/thumb/235/3065F8E9C8914F4CBD9CA4B5FD4AC6FD
99B6F59EB21F4AD8A69C683E6D8D48DA	99B6F59EB21F4AD8A69C683E6D8D48DA	thumb	placeholder	https://proxy.archieven.nl/thumb/235/99B6F59EB21F4AD8A69C683E6D8D48DA
E6F1622B859544138F3B8309C50680FC	E6F1622B859544138F3B8309C50680FC	thumb	placeholder	https://proxy.archieven.nl/thumb/235/E6F1622B859544138F3B8309C50680FC
3F48FE971E604EBE97771940A108C58B	3F48FE971E604EBE97771940A108C58B	thumb	placeholder	https://proxy.archieven.nl/thumb/235/3F48FE971E604EBE97771940A108C58B
92A8AF4DC40741E0A43A364B39CC53E0	92A8AF4DC40741E0A43A364B39CC53E0	thumb	placeholder	https://proxy.archieven.nl/thumb/235/92A8AF4DC40741E0A43A364B39CC53E0
B7829B62695D48808FA4655B60E4CA39	B7829B62695D48808FA4655B60E4CA39	thumb	placeholder	https://proxy.archieven.nl/thumb/235/B7829B62695D48808FA4655B60E4CA39
6ADA9495E9264A119EF45C9BF2A69AD5	6ADA9495E9264A119EF45C9BF2A69AD5	thumb	placeholder	https://proxy.archieven.nl/thumb/235/6ADA9495E9264A119EF45C9BF2A69AD5
3811915DB601450BA857526884F95BC7	3811915DB601450BA857526884F95BC7	thumb	placeholder	https://proxy.archieven.nl/thumb/235/3811915DB601450BA857526884F95BC7
7406A7083BB6429785D723525C8E47EE	7406A7083BB6429785D723525C8E47EE	thumb	placeholder	https://proxy.archieven.nl/thumb/235/7406A7083BB6429785D723525C8E47EE
DDA1D655359A4154A35565AF6527A27A	DDA1D655359A4154A35565AF6527A27A	thumb	placeholder	https://proxy.archieven.nl/thumb/235/DDA1D655359A4154A35565AF6527A27A
DA117D1B0B81490F8DC7E3E93736D917	DA117D1B0B81490F8DC7E3E93736D917	thumb	placeholder	https://proxy.archieven.nl/thumb/235/DA117D1B0B81490F8DC7E3E93736D917
226934407C6B4B2F8B8557110248A01D	226934407C6B4B2F8B8557110248A01D	thumb	placeholder	https://proxy.archieven.nl/thumb/235/226934407C6B4B2F8B8557110248A01D
1AFA7EADF63249FEB41B78F7A1BEB3CF	1AFA7EADF63249FEB41B78F7A1BEB3CF	thumb	placeholder	https://proxy.archieven.nl/thumb/235/1AFA7EADF63249FEB41B78F7A1BEB3CF
5B86A3CFC33D4BD688F851A14C1A7F78	5B86A3CFC33D4BD688F851A14C1A7F78	thumb	placeholder	https://proxy.archieven.nl/thumb/235/5B86A3CFC33D4BD688F851A14C1A7F78
C296C92C367D41779CD23FAB7252DAA1	C296C92C367D41779CD23FAB7252DAA1	thumb	placeholder	https://proxy.archieven.nl/thumb/235/C296C92C367D41779CD23FAB7252DAA1
776B05485ABA4AE7BC1A1CE86160CFFD	776B05485ABA4AE7BC1A1CE86160CFFD	thumb	placeholder	https://proxy.archieven.nl/thumb/235/776B05485ABA4AE7BC1A1CE86160CFFD
559FA341068C47EBB0918BB4B7633655	559FA341068C47EBB0918BB4B7633655	thumb	placeholder	https://proxy.archieven.nl/thumb/235/559FA341068C47EBB0918BB4B7633655
6EC0295740024442AB2690C992795387	6EC0295740024442AB2690C992795387	thumb	placeholder	https://proxy.archieven.nl/thumb/235/6EC0295740024442AB2690C992795387
1447CE9FF83D4ADD97EC893BE428D3B9	1447CE9FF83D4ADD97EC893BE428D3B9	thumb	placeholder	https://proxy.archieven.nl/thumb/235/1447CE9FF83D4ADD97EC893BE428D3B9
49D067AC5E3D4B349D553A703217C856	49D067AC5E3D4B349D553A703217C856	thumb	placeholder	https://proxy.archieven.nl/thumb/235/49D067AC5E3D4B349D553A703217C856
2D03205A1BE0494D89A91EB5638B9C35	2D03205A1BE0494D89A91EB5638B9C35	thumb	placeholder	https://proxy.archieven.nl/thumb/235/2D03205A1BE0494D89A91EB5638B9C35
C84D8AF09B134F0B92BB070718E84171	C84D8AF09B134F0B92BB070718E84171	thumb	placeholder	https://proxy.archieven.nl/thumb/235/C84D8AF09B134F0B92BB070718E84171
0CF25B2ECDF7444DAD56EC03911BE22C	0CF25B2ECDF7444DAD56EC03911BE22C	thumb	placeholder	https://proxy.archieven.nl/thumb/235/0CF25B2ECDF7444DAD56EC03911BE22C
26B88817C7594BBD8B831E749F4DE359	26B88817C7594BBD8B831E749F4DE359	thumb	placeholder	https://proxy.archieven.nl/thumb/235/26B88817C7594BBD8B831E749F4DE359
7F622D4A7B9C497990FEA2B6362F5650	7F622D4A7B9C497990FEA2B6362F5650	thumb	placeholder	https://proxy.archieven.nl/thumb/235/7F622D4A7B9C497990FEA2B6362F5650
22BFFBAD200C4E408945502FCEFB61C4	22BFFBAD200C4E408945502FCEFB61C4	thumb	placeholder	https://proxy.archieven.nl/thumb/235/22BFFBAD200C4E408945502FCEFB61C4
BD526D8675CD4D4995679B5683DA1B97	BD526D8675CD4D4995679B5683DA1B97	thumb	placeholder	https://proxy.archieven.nl/thumb/235/BD526D8675CD4D4995679B5683DA1B97
654115243AFB4A3BB3B33763C49E9595	654115243AFB4A3BB3B33763C49E9595	thumb	placeholder	https://proxy.archieven.nl/thumb/235/654115243AFB4A3BB3B33763C49E9595
A40D6C95BDFE4D359323D835BC74058B	A40D6C95BDFE4D359323D835BC74058B	thumb	placeholder	https://proxy.archieven.nl/thumb/235/A40D6C95BDFE4D359323D835BC74058B
93ABB11730884861BAE980F5382F6A5F	93ABB11730884861BAE980F5382F6A5F	thumb	placeholder	https://proxy.archieven.nl/thumb/235/93ABB11730884861BAE980F5382F6A5F
9C25C707B12A4A7BAA001ED658FC0DA2	9C25C707B12A4A7BAA001ED658FC0DA2	thumb	placeholder	https://proxy.archieven.nl/thumb/235/9C25C707B12A4A7BAA001ED658FC0DA2
57C8CF661AA941B697F6989C4A1BA389	57C8CF661AA941B697F6989C4A1BA389	thumb	placeholder	https://proxy.archieven.nl/thumb/235/57C8CF661AA941B697F6989C4A1BA389
0674F406CB2D4B4188E4CB4991CAFE8A	0674F406CB2D4B4188E4CB4991CAFE8A	thumb	placeholder	https://proxy.archieven.nl/thumb/235/0674F406CB2D4B4188E4CB4991CAFE8A
09062267E1114022A952B44885AE176A	09062267E1114022A952B44885AE176A	thumb	placeholder	https://proxy.archieven.nl/thumb/235/09062267E1114022A952B44885AE176A
AD7AAA918DB9427180D694D2878A0C95	AD7AAA918DB9427180D694D2878A0C95	thumb	placeholder	https://proxy.archieven.nl/thumb/235/AD7AAA918DB9427180D694D2878A0C95
DC9AF618071F41B3ABC4427289E849D1	DC9AF618071F41B3ABC4427289E849D1	thumb	placeholder	https://proxy.archieven.nl/thumb/235/DC9AF618071F41B3ABC4427289E849D1
2A891B1C463940159A385E1A405FE431	2A891B1C463940159A385E1A405FE431	thumb	placeholder	https://proxy.archieven.nl/thumb/235/2A891B1C463940159A385E1A405FE431
72B19D62967D4A07B2C42EFC349C286E	72B19D62967D4A07B2C42EFC349C286E	thumb	placeholder	https://proxy.archieven.nl/thumb/235/72B19D62967D4A07B2C42EFC349C286E
504FD26C839E45159B3E39A44D1EB164	504FD26C839E45159B3E39A44D1EB164	thumb	placeholder	https://proxy.archieven.nl/thumb/235/504FD26C839E45159B3E39A44D1EB164
86BF5F96A6D4483AB13CCD7B25B52331	86BF5F96A6D4483AB13CCD7B25B52331	thumb	placeholder	https://proxy.archieven.nl/thumb/235/86BF5F96A6D4483AB13CCD7B25B52331
E57AC9993059491391326702EC6D2C2E	E57AC9993059491391326702EC6D2C2E	thumb	placeholder	https://proxy.archieven.nl/thumb/235/E57AC9993059491391326702EC6D2C2E
A36C838F6C624DCD843D3B806B6E415C	A36C838F6C624DCD843D3B806B6E415C	thumb	placeholder	https://proxy.archieven.nl/thumb/235/A36C838F6C624DCD843D3B806B6E415C
D56C5DF3BD7E4B21BAE9E687836AFBD0	D56C5DF3BD7E4B21BAE9E687836AFBD0	thumb	placeholder	https://proxy.archieven.nl/thumb/235/D56C5DF3BD7E4B21BAE9E687836AFBD0
A412859EF48147418C7B0EF324EC1C23	A412859EF48147418C7B0EF324EC1C23	thumb	placeholder	https://proxy.archieven.nl/thumb/235/A412859EF48147418C7B0EF324EC1C23
5180F54962F74036B82AE2DDB49409B3	5180F54962F74036B82AE2DDB49409B3	thumb	placeholder	https://proxy.archieven.nl/thumb/235/5180F54962F74036B82AE2DDB49409B3
8FE930DE5D66466C8181722D2ED5DB41	8FE930DE5D66466C8181722D2ED5DB41	thumb	placeholder	https://proxy.archieven.nl/thumb/235/8FE930DE5D66466C8181722D2ED5DB41
189DCEC2460F45A2A7E39CA356582CF5	189DCEC2460F45A2A7E39CA356582CF5	thumb	placeholder	https://proxy.archieven.nl/thumb/235/189DCEC2460F45A2A7E39CA356582CF5
82FD3241EC3A487790A901ECD62D9E49	82FD3241EC3A487790A901ECD62D9E49	thumb	placeholder	https://proxy.archieven.nl/thumb/235/82FD3241EC3A487790A901ECD62D9E49
4DF83B9716AB49EC9D56373B8BD9F01F	4DF83B9716AB49EC9D56373B8BD9F01F	thumb	placeholder	https://proxy.archieven.nl/thumb/235/4DF83B9716AB49EC9D56373B8BD9F01F
965FDE9922DF443FBF790DDD7EB68DA5	965FDE9922DF443FBF790DDD7EB68DA5	thumb	placeholder	https://proxy.archieven.nl/thumb/235/965FDE9922DF443FBF790DDD7EB68DA5
10B6E417021A4C8B884FF793E53961F9	10B6E417021A4C8B884FF793E53961F9	thumb	placeholder	https://proxy.archieven.nl/thumb/235/10B6E417021A4C8B884FF793E53961F9
B6ED71EC1F4B4C7C9C5AA5149891E4B7	B6ED71EC1F4B4C7C9C5AA5149891E4B7	thumb	placeholder	https://proxy.archieven.nl/thumb/235/B6ED71EC1F4B4C7C9C5AA5149891E4B7
7371830C5DB545D980691FC6D1A3889C	7371830C5DB545D980691FC6D1A3889C	thumb	placeholder	https://proxy.archieven.nl/thumb/235/7371830C5DB545D980691FC6D1A3889C
86CDFF047ED046298EA7E1DEFFAB5D38	86CDFF047ED046298EA7E1DEFFAB5D38	thumb	placeholder	https://proxy.archieven.nl/thumb/235/86CDFF047ED046298EA7E1DEFFAB5D38
11D59B1F15514B05B0FB7DE1E4DD8CD6	11D59B1F15514B05B0FB7DE1E4DD8CD6	thumb	placeholder	https://proxy.archieven.nl/thumb/235/11D59B1F15514B05B0FB7DE1E4DD8CD6
0E33099FB68D40DB9BEA1DA915A2E229	0E33099FB68D40DB9BEA1DA915A2E229	thumb	placeholder	https://proxy.archieven.nl/thumb/235/0E33099FB68D40DB9BEA1DA915A2E229
BF4D473332024C3A80B28C6911EF445E	BF4D473332024C3A80B28C6911EF445E	thumb	placeholder	https://proxy.archieven.nl/thumb/235/BF4D473332024C3A80B28C6911EF445E
D63D43D33B464E838270A1008C3DFB4A	D63D43D33B464E838270A1008C3DFB4A	thumb	placeholder	https://proxy.archieven.nl/thumb/235/D63D43D33B464E838270A1008C3DFB4A
9F0E96A714A841EC88BD43EA505B54AD	9F0E96A714A841EC88BD43EA505B54AD	thumb	placeholder	https://proxy.archieven.nl/thumb/235/9F0E96A714A841EC88BD43EA505B54AD
E6E053D1B68D407EB729DAEC706C8870	E6E053D1B68D407EB729DAEC706C8870	thumb	placeholder	https://proxy.archieven.nl/thumb/235/E6E053D1B68D407EB729DAEC706C8870
A393B7B0C4B4400B9AC819521DA83A7A	A393B7B0C4B4400B9AC819521DA83A7A	thumb	placeholder	https://proxy.archieven.nl/thumb/235/A393B7B0C4B4400B9AC819521DA83A7A
21086665B98142FD93737562FAF6D090	21086665B98142FD93737562FAF6D090	thumb	placeholder	https://proxy.archieven.nl/thumb/235/21086665B98142FD93737562FAF6D090
1090499BAF664F1AB9A3D8E6F22E0B63	1090499BAF664F1AB9A3D8E6F22E0B63	thumb	placeholder	https://proxy.archieven.nl/thumb/235/1090499BAF664F1AB9A3D8E6F22E0B63
2D2DAFADFD9449A0869316DCF310A2C3	2D2DAFADFD9449A0869316DCF310A2C3	thumb	placeholder	https://proxy.archieven.nl/thumb/235/2D2DAFADFD9449A0869316DCF310A2C3
3287D34D2F034D01B74D6BC7343BE595	3287D34D2F034D01B74D6BC7343BE595	thumb	placeholder	https://proxy.archieven.nl/thumb/235/3287D34D2F034D01B74D6BC7343BE595
10ACEFBFCB6A4770BF08CCF56AA0AD3B	10ACEFBFCB6A4770BF08CCF56AA0AD3B	thumb	placeholder	https://proxy.archieven.nl/thumb/235/10ACEFBFCB6A4770BF08CCF56AA0AD3B
40E067B5584B4CCA8142BF881AF3E059	40E067B5584B4CCA8142BF881AF3E059	thumb	placeholder	https://proxy.archieven.nl/thumb/235/40E067B5584B4CCA8142BF881AF3E059
8910EF439782475995FCE38BFDF868F3	8910EF439782475995FCE38BFDF868F3	thumb	placeholder	https://proxy.archieven.nl/thumb/235/8910EF439782475995FCE38BFDF868F3
373C98414F4B4EC986BFA45D6999B65F	373C98414F4B4EC986BFA45D6999B65F	thumb	placeholder	https://proxy.archieven.nl/thumb/235/373C98414F4B4EC986BFA45D6999B65F
35F978E3CF4846AFA3D189A5DA8AE3D3	35F978E3CF4846AFA3D189A5DA8AE3D3	thumb	placeholder	https://proxy.archieven.nl/thumb/235/35F978E3CF4846AFA3D189A5DA8AE3D3
1EC051F260D043E4AFC692227E55F704	1EC051F260D043E4AFC692227E55F704	thumb	placeholder	https://proxy.archieven.nl/thumb/235/1EC051F260D043E4AFC692227E55F704
684C8A88BB6944D3B2A41B059FB168DC	684C8A88BB6944D3B2A41B059FB168DC	thumb	placeholder	https://proxy.archieven.nl/thumb/235/684C8A88BB6944D3B2A41B059FB168DC
A3D448FD75694162BBECDBCA652D4D8B	A3D448FD75694162BBECDBCA652D4D8B	thumb	placeholder	https://proxy.archieven.nl/thumb/235/A3D448FD75694162BBECDBCA652D4D8B
C3F6C29CA7AE4007AFAC2B5A2F9CBD86	C3F6C29CA7AE4007AFAC2B5A2F9CBD86	thumb	placeholder	https://proxy.archieven.nl/thumb/235/C3F6C29CA7AE4007AFAC2B5A2F9CBD86
5A737DC1E5EB4917BFA47C4E2ED99E15	5A737DC1E5EB4917BFA47C4E2ED99E15	thumb	placeholder	https://proxy.archieven.nl/thumb/235/5A737DC1E5EB4917BFA47C4E2ED99E15
D7D05DE3EA69433DA40E2D083BC947E0	D7D05DE3EA69433DA40E2D083BC947E0	thumb	placeholder	https://proxy.archieven.nl/thumb/235/D7D05DE3EA69433DA40E2D083BC947E0
94CA822C539442E6B8ABE7FBC1E609F7	94CA822C539442E6B8ABE7FBC1E609F7	thumb	placeholder	https://proxy.archieven.nl/thumb/235/94CA822C539442E6B8ABE7FBC1E609F7
748423E6576A437CBFD9C9B39E25370B	748423E6576A437CBFD9C9B39E25370B	thumb	placeholder	https://proxy.archieven.nl/thumb/235/748423E6576A437CBFD9C9B39E25370B
DC5211766E284BADA83CDC6BD25539D4	DC5211766E284BADA83CDC6BD25539D4	thumb	placeholder	https://proxy.archieven.nl/thumb/235/DC5211766E284BADA83CDC6BD25539D4
23347312E4974EFABE262DA75F6D3B82	23347312E4974EFABE262DA75F6D3B82	thumb	placeholder	https://proxy.archieven.nl/thumb/235/23347312E4974EFABE262DA75F6D3B82
B8EFB764117B443A980A6105EFC577DD	B8EFB764117B443A980A6105EFC577DD	thumb	placeholder	https://proxy.archieven.nl/thumb/235/B8EFB764117B443A980A6105EFC577DD
C57955D535CC4A4887667D5EB104F15E	C57955D535CC4A4887667D5EB104F15E	thumb	placeholder	https://proxy.archieven.nl/thumb/235/C57955D535CC4A4887667D5EB104F15E
FDB24E5D10674073B8F1081830EB7CB3	FDB24E5D10674073B8F1081830EB7CB3	thumb	placeholder	https://proxy.archieven.nl/thumb/235/FDB24E5D10674073B8F1081830EB7CB3
ECF0EB45D8AE458DB6D3DDE750D29104	ECF0EB45D8AE458DB6D3DDE750D29104	thumb	placeholder	https://proxy.archieven.nl/thumb/235/ECF0EB45D8AE458DB6D3DDE750D29104
52C1B18706CA4BECAE1C38B526C50E4F	52C1B18706CA4BECAE1C38B526C50E4F	thumb	placeholder	https://proxy.archieven.nl/thumb/235/52C1B18706CA4BECAE1C38B526C50E4F
D895C9BEB86D4978B09D54E630946D0D	D895C9BEB86D4978B09D54E630946D0D	thumb	placeholder	https://proxy.archieven.nl/thumb/235/D895C9BEB86D4978B09D54E630946D0D
EBD3EF950B624E379E00553B20A737C9	EBD3EF950B624E379E00553B20A737C9	thumb	placeholder	https://proxy.archieven.nl/thumb/235/EBD3EF950B624E379E00553B20A737C9
22EF385AEDF54AD0A9DF0E8261B30D23	22EF385AEDF54AD0A9DF0E8261B30D23	thumb	placeholder	https://proxy.archieven.nl/thumb/235/22EF385AEDF54AD0A9DF0E8261B30D23
9D75944254E6439D86B7BD7FDEC3CB27	9D75944254E6439D86B7BD7FDEC3CB27	thumb	placeholder	https://proxy.archieven.nl/thumb/235/9D75944254E6439D86B7BD7FDEC3CB27
D07A2DA755FD4D5C97435E509C60474A	D07A2DA755FD4D5C97435E509C60474A	thumb	placeholder	https://proxy.archieven.nl/thumb/235/D07A2DA755FD4D5C97435E509C60474A
FFC655E26DB8428695EA16141CE0DC87	FFC655E26DB8428695EA16141CE0DC87	thumb	placeholder	https://proxy.archieven.nl/thumb/235/FFC655E26DB8428695EA16141CE0DC87
4A28001AE15441DA805914E765DA9E4B	4A28001AE15441DA805914E765DA9E4B	thumb	placeholder	https://proxy.archieven.nl/thumb/235/4A28001AE15441DA805914E765DA9E4B
4C78376A364947B09F3DC26C1F40D0EE	4C78376A364947B09F3DC26C1F40D0EE	thumb	placeholder	https://proxy.archieven.nl/thumb/235/4C78376A364947B09F3DC26C1F40D0EE
47CC1990EF8A4C2CA4796B2252094BBD	47CC1990EF8A4C2CA4796B2252094BBD	thumb	placeholder	https://proxy.archieven.nl/thumb/235/47CC1990EF8A4C2CA4796B2252094BBD
F93D329BF5384AF2B6CE48025B0EF1F8	F93D329BF5384AF2B6CE48025B0EF1F8	thumb	placeholder	https://proxy.archieven.nl/thumb/235/F93D329BF5384AF2B6CE48025B0EF1F8
F1C52F25D61D49E099E7DF292EE7AC59	F1C52F25D61D49E099E7DF292EE7AC59	thumb	placeholder	https://proxy.archieven.nl/thumb/235/F1C52F25D61D49E099E7DF292EE7AC59
1B8410E49B974DB39818035040FF8C08	1B8410E49B974DB39818035040FF8C08	thumb	placeholder	https://proxy.archieven.nl/thumb/235/1B8410E49B974DB39818035040FF8C08
D15D6032A7EE4C0CB2CBD6D9892BBD77	D15D6032A7EE4C0CB2CBD6D9892BBD77	thumb	placeholder	https://proxy.archieven.nl/thumb/235/D15D6032A7EE4C0CB2CBD6D9892BBD77
2C375E4C7A3241CFA3727101B35C76B9	2C375E4C7A3241CFA3727101B35C76B9	thumb	placeholder	https://proxy.archieven.nl/thumb/235/2C375E4C7A3241CFA3727101B35C76B9
8C1D1A9052A04904916A366D10158F0A	8C1D1A9052A04904916A366D10158F0A	thumb	placeholder	https://proxy.archieven.nl/thumb/235/8C1D1A9052A04904916A366D10158F0A
B71C1D4D298940938FD89283AEC05171	B71C1D4D298940938FD89283AEC05171	thumb	placeholder	https://proxy.archieven.nl/thumb/235/B71C1D4D298940938FD89283AEC05171
8D3BC51062E849AC90714980DA462059	8D3BC51062E849AC90714980DA462059	thumb	placeholder	https://proxy.archieven.nl/thumb/235/8D3BC51062E849AC90714980DA462059
4BDFCD2BCDB9405593620E91B4373CFE	4BDFCD2BCDB9405593620E91B4373CFE	thumb	placeholder	https://proxy.archieven.nl/thumb/235/4BDFCD2BCDB9405593620E91B4373CFE
76F9C76B8D0E4B8EB2070363AC51E537	76F9C76B8D0E4B8EB2070363AC51E537	thumb	placeholder	https://proxy.archieven.nl/thumb/235/76F9C76B8D0E4B8EB2070363AC51E537
DB4BBEDFBBD1493DBA0C0E2E527DAB7C	DB4BBEDFBBD1493DBA0C0E2E527DAB7C	thumb	placeholder	https://proxy.archieven.nl/thumb/235/DB4BBEDFBBD1493DBA0C0E2E527DAB7C
0F17B3EC7F894E8F8B207950C974F109	0F17B3EC7F894E8F8B207950C974F109	thumb	placeholder	https://proxy.archieven.nl/thumb/235/0F17B3EC7F894E8F8B207950C974F109
4D58D5F2B4AC4421AF8F3661D85074F1	4D58D5F2B4AC4421AF8F3661D85074F1	thumb	placeholder	https://proxy.archieven.nl/thumb/235/4D58D5F2B4AC4421AF8F3661D85074F1
E73D4ADCA3B845DCAEF0B002D11BC42B	E73D4ADCA3B845DCAEF0B002D11BC42B	thumb	placeholder	https://proxy.archieven.nl/thumb/235/E73D4ADCA3B845DCAEF0B002D11BC42B
2DDAB70D6DBF43FA8A1C1DD44853DB37	2DDAB70D6DBF43FA8A1C1DD44853DB37	thumb	placeholder	https://proxy.archieven.nl/thumb/235/2DDAB70D6DBF43FA8A1C1DD44853DB37
688B56D836EC4F3E8BCDCA7A1472C497	688B56D836EC4F3E8BCDCA7A1472C497	thumb	placeholder	https://proxy.archieven.nl/thumb/235/688B56D836EC4F3E8BCDCA7A1472C497
14917661E450495298123F00536DCE8B	14917661E450495298123F00536DCE8B	thumb	placeholder	https://proxy.archieven.nl/thumb/235/14917661E450495298123F00536DCE8B
A5913F90803A4BE88942BE969FC6F820	A5913F90803A4BE88942BE969FC6F820	thumb	placeholder	https://proxy.archieven.nl/thumb/235/A5913F90803A4BE88942BE969FC6F820
F9A5DCF8077B4C1CBDB533BCAE1EF4B7	F9A5DCF8077B4C1CBDB533BCAE1EF4B7	thumb	placeholder	https://proxy.archieven.nl/thumb/235/F9A5DCF8077B4C1CBDB533BCAE1EF4B7
BBFE8691AD304F2A9E6F419851752317	BBFE8691AD304F2A9E6F419851752317	thumb	placeholder	https://proxy.archieven.nl/thumb/235/BBFE8691AD304F2A9E6F419851752317
65332058203443D9A5B69AF5B7F7B4C9	65332058203443D9A5B69AF5B7F7B4C9	thumb	placeholder	https://proxy.archieven.nl/thumb/235/65332058203443D9A5B69AF5B7F7B4C9
D7CBF95BBF3A4E9F8848DF931EC85E3E	D7CBF95BBF3A4E9F8848DF931EC85E3E	thumb	placeholder	https://proxy.archieven.nl/thumb/235/D7CBF95BBF3A4E9F8848DF931EC85E3E
4A9266656EC9438BB4A044C3880DF779	4A9266656EC9438BB4A044C3880DF779	thumb	placeholder	https://proxy.archieven.nl/thumb/235/4A9266656EC9438BB4A044C3880DF779
5016BFCC7B1F4055AF159D081391D2A1	5016BFCC7B1F4055AF159D081391D2A1	thumb	placeholder	https://proxy.archieven.nl/thumb/235/5016BFCC7B1F4055AF159D081391D2A1
11E044676E754A8A8539C1FDEF496EAD	11E044676E754A8A8539C1FDEF496EAD	thumb	placeholder	https://proxy.archieven.nl/thumb/235/11E044676E754A8A8539C1FDEF496EAD
F532F19EE0B34C6CAB546ADC4495FE2A	F532F19EE0B34C6CAB546ADC4495FE2A	thumb	placeholder	https://proxy.archieven.nl/thumb/235/F532F19EE0B34C6CAB546ADC4495FE2A
E910645E9BCA47018F44CFBDF9F242C3	E910645E9BCA47018F44CFBDF9F242C3	thumb	placeholder	https://proxy.archieven.nl/thumb/235/E910645E9BCA47018F44CFBDF9F242C3
5B9F4FCA63C0408D8FBCB2A758557C52	5B9F4FCA63C0408D8FBCB2A758557C52	thumb	placeholder	https://proxy.archieven.nl/thumb/235/5B9F4FCA63C0408D8FBCB2A758557C52
EEA560E334264EEFBDA91B72B4A0B918	EEA560E334264EEFBDA91B72B4A0B918	thumb	placeholder	https://proxy.archieven.nl/thumb/235/EEA560E334264EEFBDA91B72B4A0B918
5DBEF154A81A46A4936923B47B9C8BDB	5DBEF154A81A46A4936923B47B9C8BDB	thumb	placeholder	https://proxy.archieven.nl/thumb/235/5DBEF154A81A46A4936923B47B9C8BDB
CA8D4374091B4070A03A07E1C8386BD3	CA8D4374091B4070A03A07E1C8386BD3	thumb	placeholder	https://proxy.archieven.nl/thumb/235/CA8D4374091B4070A03A07E1C8386BD3
3ACCAFDD2FD2493F80F88C9DD78E32D8	3ACCAFDD2FD2493F80F88C9DD78E32D8	thumb	placeholder	https://proxy.archieven.nl/thumb/235/3ACCAFDD2FD2493F80F88C9DD78E32D8
C9BF4ED32C28491E96EF4B583355BDA4	C9BF4ED32C28491E96EF4B583355BDA4	thumb	placeholder	https://proxy.archieven.nl/thumb/235/C9BF4ED32C28491E96EF4B583355BDA4
6C9D9DBEDC3A47DAAE0937DA6F2859C4	6C9D9DBEDC3A47DAAE0937DA6F2859C4	thumb	placeholder	https://proxy.archieven.nl/thumb/235/6C9D9DBEDC3A47DAAE0937DA6F2859C4
D8CB9B6FA6FF4705B2DECE4AD8BFB502	D8CB9B6FA6FF4705B2DECE4AD8BFB502	thumb	placeholder	https://proxy.archieven.nl/thumb/235/D8CB9B6FA6FF4705B2DECE4AD8BFB502
51CBB216A2D046B99CBC4D3B3A614F00	51CBB216A2D046B99CBC4D3B3A614F00	thumb	placeholder	https://proxy.archieven.nl/thumb/235/51CBB216A2D046B99CBC4D3B3A614F00
BF590B4542464399A18CCE0388099749	BF590B4542464399A18CCE0388099749	thumb	placeholder	https://proxy.archieven.nl/thumb/235/BF590B4542464399A18CCE0388099749
6336A457946E42CB922D8F8022C6A8AB	6336A457946E42CB922D8F8022C6A8AB	thumb	placeholder	https://proxy.archieven.nl/thumb/235/6336A457946E42CB922D8F8022C6A8AB
2DDA1938E1F044BD9BC62F072C7E3C97	2DDA1938E1F044BD9BC62F072C7E3C97	thumb	placeholder	https://proxy.archieven.nl/thumb/235/2DDA1938E1F044BD9BC62F072C7E3C97
5695D9AE934747AF8A35C21BEBB501DE	5695D9AE934747AF8A35C21BEBB501DE	thumb	placeholder	https://proxy.archieven.nl/thumb/235/5695D9AE934747AF8A35C21BEBB501DE
299756689D9B422B8995ABA15F859E38	299756689D9B422B8995ABA15F859E38	thumb	placeholder	https://proxy.archieven.nl/thumb/235/299756689D9B422B8995ABA15F859E38
31E3E0990318440687BBCEE9AECBF571	31E3E0990318440687BBCEE9AECBF571	thumb	placeholder	https://proxy.archieven.nl/thumb/235/31E3E0990318440687BBCEE9AECBF571
5914F5357E2949F7814F3CB785694253	5914F5357E2949F7814F3CB785694253	thumb	placeholder	https://proxy.archieven.nl/thumb/235/5914F5357E2949F7814F3CB785694253
7A93D43E8BBD4B74B158720DA20729CA	7A93D43E8BBD4B74B158720DA20729CA	thumb	placeholder	https://proxy.archieven.nl/thumb/235/7A93D43E8BBD4B74B158720DA20729CA
DACFA7C75100412F89BB86079EA8E652	DACFA7C75100412F89BB86079EA8E652	thumb	placeholder	https://proxy.archieven.nl/thumb/235/DACFA7C75100412F89BB86079EA8E652
463E3E92FD7848BCB561980BD139F7C4	463E3E92FD7848BCB561980BD139F7C4	thumb	placeholder	https://proxy.archieven.nl/thumb/235/463E3E92FD7848BCB561980BD139F7C4
B51232198A174C73A9DE86A607053F86	B51232198A174C73A9DE86A607053F86	thumb	placeholder	https://proxy.archieven.nl/thumb/235/B51232198A174C73A9DE86A607053F86
22F231E687B84D138D9DEF0E58F2D897	22F231E687B84D138D9DEF0E58F2D897	thumb	placeholder	https://proxy.archieven.nl/thumb/235/22F231E687B84D138D9DEF0E58F2D897
59E597A53585494CA6E76BEF764B2367	59E597A53585494CA6E76BEF764B2367	thumb	placeholder	https://proxy.archieven.nl/thumb/235/59E597A53585494CA6E76BEF764B2367
3F31625B2D1D466CB6D308E71A561E7B	3F31625B2D1D466CB6D308E71A561E7B	thumb	placeholder	https://proxy.archieven.nl/thumb/235/3F31625B2D1D466CB6D308E71A561E7B
E070A11DCEA24803BED6F2EA2053A912	E070A11DCEA24803BED6F2EA2053A912	thumb	placeholder	https://proxy.archieven.nl/thumb/235/E070A11DCEA24803BED6F2EA2053A912
1AD2BFA5AA9A478A93F3069DDE324115	1AD2BFA5AA9A478A93F3069DDE324115	thumb	placeholder	https://proxy.archieven.nl/thumb/235/1AD2BFA5AA9A478A93F3069DDE324115
445E999EF2CD411D8033E288FEB41245	445E999EF2CD411D8033E288FEB41245	thumb	placeholder	https://proxy.archieven.nl/thumb/235/445E999EF2CD411D8033E288FEB41245
75E0EDD8C87C49ABA68DCC6DBC693B45	75E0EDD8C87C49ABA68DCC6DBC693B45	thumb	placeholder	https://proxy.archieven.nl/thumb/235/75E0EDD8C87C49ABA68DCC6DBC693B45
9CC957C638FD4E5EAE584267B9C77E72	9CC957C638FD4E5EAE584267B9C77E72	thumb	placeholder	https://proxy.archieven.nl/thumb/235/9CC957C638FD4E5EAE584267B9C77E72
134C9237AE69405F8347B9B81D1B5F18	134C9237AE69405F8347B9B81D1B5F18	thumb	placeholder	https://proxy.archieven.nl/thumb/235/134C9237AE69405F8347B9B81D1B5F18
4ECB15349DFB462890B2C9DC4F8B04D0	4ECB15349DFB462890B2C9DC4F8B04D0	thumb	placeholder	https://proxy.archieven.nl/thumb/235/4ECB15349DFB462890B2C9DC4F8B04D0
869BD378295F45F4B8FE9975C03532C3	869BD378295F45F4B8FE9975C03532C3	thumb	placeholder	https://proxy.archieven.nl/thumb/235/869BD378295F45F4B8FE9975C03532C3
443B84CF8A094C87A385CD08E8110AB6	443B84CF8A094C87A385CD08E8110AB6	thumb	placeholder	https://proxy.archieven.nl/thumb/235/443B84CF8A094C87A385CD08E8110AB6
EAE4EFF8A8B24E92BD055F37506D7A55	EAE4EFF8A8B24E92BD055F37506D7A55	thumb	placeholder	https://proxy.archieven.nl/thumb/235/EAE4EFF8A8B24E92BD055F37506D7A55
04DDE357D7AD4CA18E2CBAFB485EA924	04DDE357D7AD4CA18E2CBAFB485EA924	thumb	placeholder	https://proxy.archieven.nl/thumb/235/04DDE357D7AD4CA18E2CBAFB485EA924
5221B7DEC0AA43ECA8CF98788B8809D3	5221B7DEC0AA43ECA8CF98788B8809D3	thumb	placeholder	https://proxy.archieven.nl/thumb/235/5221B7DEC0AA43ECA8CF98788B8809D3
054C5C5E570343D5A4178DB038381572	054C5C5E570343D5A4178DB038381572	thumb	placeholder	https://proxy.archieven.nl/thumb/235/054C5C5E570343D5A4178DB038381572
3F5B1249CCF74592A069E4D17D352EF7	3F5B1249CCF74592A069E4D17D352EF7	thumb	placeholder	https://proxy.archieven.nl/thumb/235/3F5B1249CCF74592A069E4D17D352EF7
45924F110A9042B39400343F2148EACE	45924F110A9042B39400343F2148EACE	thumb	placeholder	https://proxy.archieven.nl/thumb/235/45924F110A9042B39400343F2148EACE
9409FD023D74414DB8EE9CDF4EAAE1D6	9409FD023D74414DB8EE9CDF4EAAE1D6	thumb	placeholder	https://proxy.archieven.nl/thumb/235/9409FD023D74414DB8EE9CDF4EAAE1D6
88D603D52A6842B3BAA90985BCF70633	88D603D52A6842B3BAA90985BCF70633	thumb	placeholder	https://proxy.archieven.nl/thumb/235/88D603D52A6842B3BAA90985BCF70633
0CF5E34166264CC9B6138F25708E315B	0CF5E34166264CC9B6138F25708E315B	thumb	placeholder	https://proxy.archieven.nl/thumb/235/0CF5E34166264CC9B6138F25708E315B
2E92DAD86F7E4017B25510D6D8E685A4	2E92DAD86F7E4017B25510D6D8E685A4	thumb	placeholder	https://proxy.archieven.nl/thumb/235/2E92DAD86F7E4017B25510D6D8E685A4
C3671838C4BC47EC89EEF97DEE68011A	C3671838C4BC47EC89EEF97DEE68011A	thumb	placeholder	https://proxy.archieven.nl/thumb/235/C3671838C4BC47EC89EEF97DEE68011A
72BEE26F5B2D44229D741CF3D1EB188A	72BEE26F5B2D44229D741CF3D1EB188A	thumb	placeholder	https://proxy.archieven.nl/thumb/235/72BEE26F5B2D44229D741CF3D1EB188A
A1B3DE501B1447B7A63B93950AC425CB	A1B3DE501B1447B7A63B93950AC425CB	thumb	placeholder	https://proxy.archieven.nl/thumb/235/A1B3DE501B1447B7A63B93950AC425CB
FB1443A1442644FBBF3CCC2C43D18631	FB1443A1442644FBBF3CCC2C43D18631	thumb	placeholder	https://proxy.archieven.nl/thumb/235/FB1443A1442644FBBF3CCC2C43D18631
9529EACD9A114E98924C30EBE1FCFB3E	9529EACD9A114E98924C30EBE1FCFB3E	thumb	placeholder	https://proxy.archieven.nl/thumb/235/9529EACD9A114E98924C30EBE1FCFB3E
1DE0ECCA60094589A5063E751C8E73D6	1DE0ECCA60094589A5063E751C8E73D6	thumb	placeholder	https://proxy.archieven.nl/thumb/235/1DE0ECCA60094589A5063E751C8E73D6
42A002A912F74E5799EED312FBE52ED3	42A002A912F74E5799EED312FBE52ED3	thumb	placeholder	https://proxy.archieven.nl/thumb/235/42A002A912F74E5799EED312FBE52ED3
712860DCFF8448599BC54C636B9CB1EA	712860DCFF8448599BC54C636B9CB1EA	thumb	placeholder	https://proxy.archieven.nl/thumb/235/712860DCFF8448599BC54C636B9CB1EA
8303891F52A54982ABAB4E7530073E4C	8303891F52A54982ABAB4E7530073E4C	thumb	placeholder	https://proxy.archieven.nl/thumb/235/8303891F52A54982ABAB4E7530073E4C
4C9D1B2638674B88A55C298C17B2D0FA	4C9D1B2638674B88A55C298C17B2D0FA	thumb	placeholder	https://proxy.archieven.nl/thumb/235/4C9D1B2638674B88A55C298C17B2D0FA
424DCDA046584B3CB6C846D113F4477E	424DCDA046584B3CB6C846D113F4477E	thumb	placeholder	https://proxy.archieven.nl/thumb/235/424DCDA046584B3CB6C846D113F4477E
C7E4525975054D9FAE85D292206B08A3	C7E4525975054D9FAE85D292206B08A3	thumb	placeholder	https://proxy.archieven.nl/thumb/235/C7E4525975054D9FAE85D292206B08A3
E945EEF7E4B543EAA20BF08E0F578FBE	E945EEF7E4B543EAA20BF08E0F578FBE	thumb	placeholder	https://proxy.archieven.nl/thumb/235/E945EEF7E4B543EAA20BF08E0F578FBE
D167DE50D5CE4B37A9AC70B8E5365A29	D167DE50D5CE4B37A9AC70B8E5365A29	thumb	placeholder	https://proxy.archieven.nl/thumb/235/D167DE50D5CE4B37A9AC70B8E5365A29
7203A368B3F54E18B1E9AFFB9FCDA056	7203A368B3F54E18B1E9AFFB9FCDA056	thumb	placeholder	https://proxy.archieven.nl/thumb/235/7203A368B3F54E18B1E9AFFB9FCDA056
1F2F31A4AB5E47569DFF8200D00B8DE8	1F2F31A4AB5E47569DFF8200D00B8DE8	thumb	placeholder	https://proxy.archieven.nl/thumb/235/1F2F31A4AB5E47569DFF8200D00B8DE8
565BEABF071549EFAF3787BD68987B9D	565BEABF071549EFAF3787BD68987B9D	thumb	placeholder	https://proxy.archieven.nl/thumb/235/565BEABF071549EFAF3787BD68987B9D
FEBDC8FF8A32405EB28B577773731728	FEBDC8FF8A32405EB28B577773731728	thumb	placeholder	https://proxy.archieven.nl/thumb/235/FEBDC8FF8A32405EB28B577773731728
568544279C9646A58350B7DB2D624BB3	568544279C9646A58350B7DB2D624BB3	thumb	placeholder	https://proxy.archieven.nl/thumb/235/568544279C9646A58350B7DB2D624BB3
ED5CE78933F74BD09859EF891E146997	ED5CE78933F74BD09859EF891E146997	thumb	placeholder	https://proxy.archieven.nl/thumb/235/ED5CE78933F74BD09859EF891E146997
FF7942C5B3D7463C9ED2E85F8027B7ED	FF7942C5B3D7463C9ED2E85F8027B7ED	thumb	placeholder	https://proxy.archieven.nl/thumb/235/FF7942C5B3D7463C9ED2E85F8027B7ED
57FF405AF3C7452FA081E3A648FA67E7	57FF405AF3C7452FA081E3A648FA67E7	thumb	placeholder	https://proxy.archieven.nl/thumb/235/57FF405AF3C7452FA081E3A648FA67E7
3EDC272E4C33466F9947534EF17AA8A4	3EDC272E4C33466F9947534EF17AA8A4	thumb	placeholder	https://proxy.archieven.nl/thumb/235/3EDC272E4C33466F9947534EF17AA8A4
24AC444B20854EB2A5994CF2672B0AAE	24AC444B20854EB2A5994CF2672B0AAE	thumb	placeholder	https://proxy.archieven.nl/thumb/235/24AC444B20854EB2A5994CF2672B0AAE
D9047EF8CD4845568FC3F1662CB8F8D5	D9047EF8CD4845568FC3F1662CB8F8D5	thumb	placeholder	https://proxy.archieven.nl/thumb/235/D9047EF8CD4845568FC3F1662CB8F8D5
93D46087F3414F9BA08E072BE3C1D0C0	93D46087F3414F9BA08E072BE3C1D0C0	thumb	placeholder	https://proxy.archieven.nl/thumb/235/93D46087F3414F9BA08E072BE3C1D0C0
5B9884DEFAE9403598CB5F3DA37C1E8B	5B9884DEFAE9403598CB5F3DA37C1E8B	thumb	placeholder	https://proxy.archieven.nl/thumb/235/5B9884DEFAE9403598CB5F3DA37C1E8B
B714E80A11EF47B4B57DAC7ECA432AC0	B714E80A11EF47B4B57DAC7ECA432AC0	thumb	placeholder	https://proxy.archieven.nl/thumb/235/B714E80A11EF47B4B57DAC7ECA432AC0
E6D653C9BEFE4E628EC05670E5DADAC5	E6D653C9BEFE4E628EC05670E5DADAC5	thumb	placeholder	https://proxy.archieven.nl/thumb/235/E6D653C9BEFE4E628EC05670E5DADAC5
C5953649A4EE4600B0515ABFCD034335	C5953649A4EE4600B0515ABFCD034335	thumb	placeholder	https://proxy.archieven.nl/thumb/235/C5953649A4EE4600B0515ABFCD034335
932FEC459BD84F2EA96CCBBBD14E736F	932FEC459BD84F2EA96CCBBBD14E736F	thumb	placeholder	https://proxy.archieven.nl/thumb/235/932FEC459BD84F2EA96CCBBBD14E736F
4FD98A6D99F84B45BF34307D921FF0A8	4FD98A6D99F84B45BF34307D921FF0A8	thumb	placeholder	https://proxy.archieven.nl/thumb/235/4FD98A6D99F84B45BF34307D921FF0A8
4857BC77DD614CD586F0A3396057F6C1	4857BC77DD614CD586F0A3396057F6C1	thumb	placeholder	https://proxy.archieven.nl/thumb/235/4857BC77DD614CD586F0A3396057F6C1
06EECC85375B4D34A735B5A31A5D5FE8	06EECC85375B4D34A735B5A31A5D5FE8	thumb	placeholder	https://proxy.archieven.nl/thumb/235/06EECC85375B4D34A735B5A31A5D5FE8
AF781B75F6C644DEAF76F33CD5095C23	AF781B75F6C644DEAF76F33CD5095C23	thumb	placeholder	https://proxy.archieven.nl/thumb/235/AF781B75F6C644DEAF76F33CD5095C23
76B98CEDDC534D6E97760AB0F98D0C38	76B98CEDDC534D6E97760AB0F98D0C38	thumb	placeholder	https://proxy.archieven.nl/thumb/235/76B98CEDDC534D6E97760AB0F98D0C38
ECCC38DEB4C24B0A895B2B966419FD7E	ECCC38DEB4C24B0A895B2B966419FD7E	thumb	placeholder	https://proxy.archieven.nl/thumb/235/ECCC38DEB4C24B0A895B2B966419FD7E
48AAE951C0694CCCA8F911DB8F8055E0	48AAE951C0694CCCA8F911DB8F8055E0	thumb	placeholder	https://proxy.archieven.nl/thumb/235/48AAE951C0694CCCA8F911DB8F8055E0
C2310790EF35455EA34DF94BFB1878DB	C2310790EF35455EA34DF94BFB1878DB	thumb	placeholder	https://proxy.archieven.nl/thumb/235/C2310790EF35455EA34DF94BFB1878DB
38DD1230CFA44AB795BE48C650DF385E	38DD1230CFA44AB795BE48C650DF385E	thumb	placeholder	https://proxy.archieven.nl/thumb/235/38DD1230CFA44AB795BE48C650DF385E
C2024C24A0C746DF864E1A50681F092E	C2024C24A0C746DF864E1A50681F092E	thumb	placeholder	https://proxy.archieven.nl/thumb/235/C2024C24A0C746DF864E1A50681F092E
52A8E11D248C4F1BAF83E663DAD6BD7E	52A8E11D248C4F1BAF83E663DAD6BD7E	thumb	placeholder	https://proxy.archieven.nl/thumb/235/52A8E11D248C4F1BAF83E663DAD6BD7E
269BD6AABFCA410CBCB709F53E4A1275	269BD6AABFCA410CBCB709F53E4A1275	thumb	placeholder	https://proxy.archieven.nl/thumb/235/269BD6AABFCA410CBCB709F53E4A1275
6E2DF94FC9B14002A5D5243F51214ABF	6E2DF94FC9B14002A5D5243F51214ABF	thumb	placeholder	https://proxy.archieven.nl/thumb/235/6E2DF94FC9B14002A5D5243F51214ABF
44E583AD452F424590A6AE5CCCE58233	44E583AD452F424590A6AE5CCCE58233	thumb	placeholder	https://proxy.archieven.nl/thumb/235/44E583AD452F424590A6AE5CCCE58233
6A84523E82C04398BE36F3745DB0CFA6	6A84523E82C04398BE36F3745DB0CFA6	thumb	placeholder	https://proxy.archieven.nl/thumb/235/6A84523E82C04398BE36F3745DB0CFA6
F0E3B570BEE14FC8AD4FC4CF28BD5DD4	F0E3B570BEE14FC8AD4FC4CF28BD5DD4	thumb	placeholder	https://proxy.archieven.nl/thumb/235/F0E3B570BEE14FC8AD4FC4CF28BD5DD4
EEE86C9052B3420AA085B0C57C9CE495	EEE86C9052B3420AA085B0C57C9CE495	thumb	placeholder	https://proxy.archieven.nl/thumb/235/EEE86C9052B3420AA085B0C57C9CE495
F6F18FA9327842FAB84F22CF42953E28	F6F18FA9327842FAB84F22CF42953E28	thumb	placeholder	https://proxy.archieven.nl/thumb/235/F6F18FA9327842FAB84F22CF42953E28
E3AB00C94E984CDFA2CB859B79F6A122	E3AB00C94E984CDFA2CB859B79F6A122	thumb	placeholder	https://proxy.archieven.nl/thumb/235/E3AB00C94E984CDFA2CB859B79F6A122
9CD19A0A281F4E3EA44D39181F0B2D3B	9CD19A0A281F4E3EA44D39181F0B2D3B	thumb	placeholder	https://proxy.archieven.nl/thumb/235/9CD19A0A281F4E3EA44D39181F0B2D3B
9BCD62AB89304B60A4CAE75B642C6A4D	9BCD62AB89304B60A4CAE75B642C6A4D	thumb	placeholder	https://proxy.archieven.nl/thumb/235/9BCD62AB89304B60A4CAE75B642C6A4D
182D1B591BC14DA7A3F7C54DA7DADA87	182D1B591BC14DA7A3F7C54DA7DADA87	thumb	placeholder	https://proxy.archieven.nl/thumb/235/182D1B591BC14DA7A3F7C54DA7DADA87
302BE98EB79E4E489D0A7FE364BFFA8C	302BE98EB79E4E489D0A7FE364BFFA8C	thumb	placeholder	https://proxy.archieven.nl/thumb/235/302BE98EB79E4E489D0A7FE364BFFA8C
721C52A17CF1487683F6B1B6D66D8F4A	721C52A17CF1487683F6B1B6D66D8F4A	thumb	placeholder	https://proxy.archieven.nl/thumb/235/721C52A17CF1487683F6B1B6D66D8F4A
E66DCEA2DF8C490F8FDCB87510D66F59	E66DCEA2DF8C490F8FDCB87510D66F59	thumb	placeholder	https://proxy.archieven.nl/thumb/235/E66DCEA2DF8C490F8FDCB87510D66F59
E551AE3B44BC43ECB1AF110B065160A2	E551AE3B44BC43ECB1AF110B065160A2	thumb	placeholder	https://proxy.archieven.nl/thumb/235/E551AE3B44BC43ECB1AF110B065160A2
562749D21F62424C8F6E8A6446BE8023	562749D21F62424C8F6E8A6446BE8023	thumb	placeholder	https://proxy.archieven.nl/thumb/235/562749D21F62424C8F6E8A6446BE8023
E8E21707A0A548A7B6AC427E13C3FD84	E8E21707A0A548A7B6AC427E13C3FD84	thumb	placeholder	https://proxy.archieven.nl/thumb/235/E8E21707A0A548A7B6AC427E13C3FD84
B850AEF78C074F9489B41C8B98F66E34	B850AEF78C074F9489B41C8B98F66E34	thumb	placeholder	https://proxy.archieven.nl/thumb/235/B850AEF78C074F9489B41C8B98F66E34
65008E0F123341FFB06C175F2DCAD328	65008E0F123341FFB06C175F2DCAD328	thumb	placeholder	https://proxy.archieven.nl/thumb/235/65008E0F123341FFB06C175F2DCAD328
AF99138CF9814702818DBC561F02E0C8	AF99138CF9814702818DBC561F02E0C8	thumb	placeholder	https://proxy.archieven.nl/thumb/235/AF99138CF9814702818DBC561F02E0C8
C940B4BFAEA74895A11BDD259A22EF76	C940B4BFAEA74895A11BDD259A22EF76	thumb	placeholder	https://proxy.archieven.nl/thumb/235/C940B4BFAEA74895A11BDD259A22EF76
C4078061FBC3441F8958DC07959D2108	C4078061FBC3441F8958DC07959D2108	thumb	placeholder	https://proxy.archieven.nl/thumb/235/C4078061FBC3441F8958DC07959D2108
FF896A57C2F948FF88597DBE934E3D61	FF896A57C2F948FF88597DBE934E3D61	thumb	placeholder	https://proxy.archieven.nl/thumb/235/FF896A57C2F948FF88597DBE934E3D61
A34BBB66E01649479A0A830B3E467EB5	A34BBB66E01649479A0A830B3E467EB5	thumb	placeholder	https://proxy.archieven.nl/thumb/235/A34BBB66E01649479A0A830B3E467EB5
6BD2FF3E43F74FD8AE2F6D54DDBDF43A	6BD2FF3E43F74FD8AE2F6D54DDBDF43A	thumb	placeholder	https://proxy.archieven.nl/thumb/235/6BD2FF3E43F74FD8AE2F6D54DDBDF43A
E2BF8DB8F187462BA22001AEF99FDBF2	E2BF8DB8F187462BA22001AEF99FDBF2	thumb	placeholder	https://proxy.archieven.nl/thumb/235/E2BF8DB8F187462BA22001AEF99FDBF2
8B3E8DB243F94C7ABB94E06A07407361	8B3E8DB243F94C7ABB94E06A07407361	thumb	placeholder	https://proxy.archieven.nl/thumb/235/8B3E8DB243F94C7ABB94E06A07407361
648BD6E7E6094DA183ECBF4EA4F47229	648BD6E7E6094DA183ECBF4EA4F47229	thumb	placeholder	https://proxy.archieven.nl/thumb/235/648BD6E7E6094DA183ECBF4EA4F47229
F605F8C7B84A49F199CA391316F9034B	F605F8C7B84A49F199CA391316F9034B	thumb	placeholder	https://proxy.archieven.nl/thumb/235/F605F8C7B84A49F199CA391316F9034B
BD1B2C141B5E4D35848E25A6A86914EE	BD1B2C141B5E4D35848E25A6A86914EE	thumb	placeholder	https://proxy.archieven.nl/thumb/235/BD1B2C141B5E4D35848E25A6A86914EE
15D2D0B91C3E4AE6BDEFA3AA4D840DF4	15D2D0B91C3E4AE6BDEFA3AA4D840DF4	thumb	placeholder	https://proxy.archieven.nl/thumb/235/15D2D0B91C3E4AE6BDEFA3AA4D840DF4
50904165DAFF4090BE7500E24316ED6E	50904165DAFF4090BE7500E24316ED6E	thumb	placeholder	https://proxy.archieven.nl/thumb/235/50904165DAFF4090BE7500E24316ED6E
F1A5226B391B487194A12BDB9A7F5863	F1A5226B391B487194A12BDB9A7F5863	thumb	placeholder	https://proxy.archieven.nl/thumb/235/F1A5226B391B487194A12BDB9A7F5863
7F8224E1140D40AC9C93D10AC438DFB2	7F8224E1140D40AC9C93D10AC438DFB2	thumb	placeholder	https://proxy.archieven.nl/thumb/235/7F8224E1140D40AC9C93D10AC438DFB2
B7972E7CC02242AB9D5091234BF17CE5	B7972E7CC02242AB9D5091234BF17CE5	thumb	placeholder	https://proxy.archieven.nl/thumb/235/B7972E7CC02242AB9D5091234BF17CE5
081AF504089E40B0912054BAB2C66265	081AF504089E40B0912054BAB2C66265	thumb	placeholder	https://proxy.archieven.nl/thumb/235/081AF504089E40B0912054BAB2C66265
9EB6CDA749F44DB292BFED51F09BB783	9EB6CDA749F44DB292BFED51F09BB783	thumb	placeholder	https://proxy.archieven.nl/thumb/235/9EB6CDA749F44DB292BFED51F09BB783
B83439A28E45481981138348A4BC6EC2	B83439A28E45481981138348A4BC6EC2	thumb	placeholder	https://proxy.archieven.nl/thumb/235/B83439A28E45481981138348A4BC6EC2
000F302AB95847EAA570971F18D17B41	000F302AB95847EAA570971F18D17B41	thumb	placeholder	https://proxy.archieven.nl/thumb/235/000F302AB95847EAA570971F18D17B41
B637E44AE7E244AABC1BD6DBB842889B	B637E44AE7E244AABC1BD6DBB842889B	thumb	placeholder	https://proxy.archieven.nl/thumb/235/B637E44AE7E244AABC1BD6DBB842889B
CB9FD98FFB66481F8E2985F4764B3892	CB9FD98FFB66481F8E2985F4764B3892	thumb	placeholder	https://proxy.archieven.nl/thumb/235/CB9FD98FFB66481F8E2985F4764B3892
7597A2555FD44E1E93E1CE96FBB8DAF3	7597A2555FD44E1E93E1CE96FBB8DAF3	thumb	placeholder	https://proxy.archieven.nl/thumb/235/7597A2555FD44E1E93E1CE96FBB8DAF3
184EEAE6C90D44CBAB6D33470D7F91E8	184EEAE6C90D44CBAB6D33470D7F91E8	thumb	placeholder	https://proxy.archieven.nl/thumb/235/184EEAE6C90D44CBAB6D33470D7F91E8
17E1FC7FC4BD458CAE35E153154C2369	17E1FC7FC4BD458CAE35E153154C2369	thumb	placeholder	https://proxy.archieven.nl/thumb/235/17E1FC7FC4BD458CAE35E153154C2369
1707ACB5D52E442AA2595B120F8B763F	1707ACB5D52E442AA2595B120F8B763F	thumb	placeholder	https://proxy.archieven.nl/thumb/235/1707ACB5D52E442AA2595B120F8B763F
C277E78A532F40FFBD9B75B96F7D63F4	C277E78A532F40FFBD9B75B96F7D63F4	thumb	placeholder	https://proxy.archieven.nl/thumb/235/C277E78A532F40FFBD9B75B96F7D63F4
2F018F13CB7F422A968D618120496D5D	2F018F13CB7F422A968D618120496D5D	thumb	placeholder	https://proxy.archieven.nl/thumb/235/2F018F13CB7F422A968D618120496D5D
1C6E117A217C4710BD721844B472745D	1C6E117A217C4710BD721844B472745D	thumb	placeholder	https://proxy.archieven.nl/thumb/235/1C6E117A217C4710BD721844B472745D
52B2AF0EA40F4325A7DF684032057725	52B2AF0EA40F4325A7DF684032057725	thumb	placeholder	https://proxy.archieven.nl/thumb/235/52B2AF0EA40F4325A7DF684032057725
966C494FF2304856A1C83C888AE569C4	966C494FF2304856A1C83C888AE569C4	thumb	placeholder	https://proxy.archieven.nl/thumb/235/966C494FF2304856A1C83C888AE569C4
43A5691EBB7E4C2C9851447D786AD86B	43A5691EBB7E4C2C9851447D786AD86B	thumb	placeholder	https://proxy.archieven.nl/thumb/235/43A5691EBB7E4C2C9851447D786AD86B
0E8DE310547C4D31B01E5062DC8F8A8D	0E8DE310547C4D31B01E5062DC8F8A8D	thumb	placeholder	https://proxy.archieven.nl/thumb/235/0E8DE310547C4D31B01E5062DC8F8A8D
BA34DE75679E4A96AA80FE9FCA616679	BA34DE75679E4A96AA80FE9FCA616679	thumb	placeholder	https://proxy.archieven.nl/thumb/235/BA34DE75679E4A96AA80FE9FCA616679
22CDB20D1F7344899F5A0B5658CEA95D	22CDB20D1F7344899F5A0B5658CEA95D	thumb	placeholder	https://proxy.archieven.nl/thumb/235/22CDB20D1F7344899F5A0B5658CEA95D
DB69D32FD1AB437BBBA395A6312BFA4E	DB69D32FD1AB437BBBA395A6312BFA4E	thumb	placeholder	https://proxy.archieven.nl/thumb/235/DB69D32FD1AB437BBBA395A6312BFA4E
5C46D2F461AE4D70B8650ECCDEFD29C4	5C46D2F461AE4D70B8650ECCDEFD29C4	thumb	placeholder	https://proxy.archieven.nl/thumb/235/5C46D2F461AE4D70B8650ECCDEFD29C4
3DAAAAD1D10E46C0B9CB74BFF62461A5	3DAAAAD1D10E46C0B9CB74BFF62461A5	thumb	placeholder	https://proxy.archieven.nl/thumb/235/3DAAAAD1D10E46C0B9CB74BFF62461A5
0F319962BCF14818A04F8A27FCAAE964	0F319962BCF14818A04F8A27FCAAE964	thumb	placeholder	https://proxy.archieven.nl/thumb/235/0F319962BCF14818A04F8A27FCAAE964
371501844A3B4647A86A1959389DBBB7	371501844A3B4647A86A1959389DBBB7	thumb	placeholder	https://proxy.archieven.nl/thumb/235/371501844A3B4647A86A1959389DBBB7
1067E23A677242AEB5AC3AB12139A581	1067E23A677242AEB5AC3AB12139A581	thumb	placeholder	https://proxy.archieven.nl/thumb/235/1067E23A677242AEB5AC3AB12139A581
6FF749929AD949738C7E55B2B64705EB	6FF749929AD949738C7E55B2B64705EB	thumb	placeholder	https://proxy.archieven.nl/thumb/235/6FF749929AD949738C7E55B2B64705EB
6832F23810AD41E09B853BACE36D81D0	6832F23810AD41E09B853BACE36D81D0	thumb	placeholder	https://proxy.archieven.nl/thumb/235/6832F23810AD41E09B853BACE36D81D0
B5C1804D90EA4ADD9DFFDC4B66073F01	B5C1804D90EA4ADD9DFFDC4B66073F01	thumb	placeholder	https://proxy.archieven.nl/thumb/235/B5C1804D90EA4ADD9DFFDC4B66073F01
3133F05582484178A5BBB99D32A9D701	3133F05582484178A5BBB99D32A9D701	thumb	placeholder	https://proxy.archieven.nl/thumb/235/3133F05582484178A5BBB99D32A9D701
EC4F86C7AED945F0B10DB200ECA02A0D	EC4F86C7AED945F0B10DB200ECA02A0D	thumb	placeholder	https://proxy.archieven.nl/thumb/235/EC4F86C7AED945F0B10DB200ECA02A0D
211ED530784B4C8BA72BB36818D04013	211ED530784B4C8BA72BB36818D04013	thumb	placeholder	https://proxy.archieven.nl/thumb/235/211ED530784B4C8BA72BB36818D04013
6B1D124723644C8E817093EC74A7A492	6B1D124723644C8E817093EC74A7A492	thumb	placeholder	https://proxy.archieven.nl/thumb/235/6B1D124723644C8E817093EC74A7A492
6E583ACC9B0F43C097D69E2A6C7E84E8	6E583ACC9B0F43C097D69E2A6C7E84E8	thumb	placeholder	https://proxy.archieven.nl/thumb/235/6E583ACC9B0F43C097D69E2A6C7E84E8
BE14EAFE71CC4FD8B61EDAAE70F74726	BE14EAFE71CC4FD8B61EDAAE70F74726	thumb	placeholder	https://proxy.archieven.nl/thumb/235/BE14EAFE71CC4FD8B61EDAAE70F74726
1865D23B90FC49C99BBAC7BB567EA420	1865D23B90FC49C99BBAC7BB567EA420	thumb	placeholder	https://proxy.archieven.nl/thumb/235/1865D23B90FC49C99BBAC7BB567EA420
398440C4F37C4B9AB7DCD955EFE3E79F	398440C4F37C4B9AB7DCD955EFE3E79F	thumb	placeholder	https://proxy.archieven.nl/thumb/235/398440C4F37C4B9AB7DCD955EFE3E79F
B1DFA70E66D946D78D58275D0D887819	B1DFA70E66D946D78D58275D0D887819	thumb	placeholder	https://proxy.archieven.nl/thumb/235/B1DFA70E66D946D78D58275D0D887819
1ECFAC8B03844DC494EABE7BFF67251E	1ECFAC8B03844DC494EABE7BFF67251E	thumb	placeholder	https://proxy.archieven.nl/thumb/235/1ECFAC8B03844DC494EABE7BFF67251E
CF81DF477A2C4CBB86786D4E8437A1FB	CF81DF477A2C4CBB86786D4E8437A1FB	thumb	placeholder	https://proxy.archieven.nl/thumb/235/CF81DF477A2C4CBB86786D4E8437A1FB
4BC0CDF111A847628FD241D2791A07B1	4BC0CDF111A847628FD241D2791A07B1	thumb	placeholder	https://proxy.archieven.nl/thumb/235/4BC0CDF111A847628FD241D2791A07B1
D4D4348E9EEA4E04BE7CA5AAF3A2C918	D4D4348E9EEA4E04BE7CA5AAF3A2C918	thumb	placeholder	https://proxy.archieven.nl/thumb/235/D4D4348E9EEA4E04BE7CA5AAF3A2C918
A69276D435C546E9B854D6CD4042AA4E	A69276D435C546E9B854D6CD4042AA4E	thumb	placeholder	https://proxy.archieven.nl/thumb/235/A69276D435C546E9B854D6CD4042AA4E
6FC201AE07824EB6ABB613D769EEB062	6FC201AE07824EB6ABB613D769EEB062	thumb	placeholder	https://proxy.archieven.nl/thumb/235/6FC201AE07824EB6ABB613D769EEB062
E30820D04BC94B87B787FDAB8C0DCEA6	E30820D04BC94B87B787FDAB8C0DCEA6	thumb	placeholder	https://proxy.archieven.nl/thumb/235/E30820D04BC94B87B787FDAB8C0DCEA6
F2C44AA245A444A1A33AF4F4DB122FEE	F2C44AA245A444A1A33AF4F4DB122FEE	thumb	placeholder	https://proxy.archieven.nl/thumb/235/F2C44AA245A444A1A33AF4F4DB122FEE
5B43B894DF314732AB4A78783C89A293	5B43B894DF314732AB4A78783C89A293	thumb	placeholder	https://proxy.archieven.nl/thumb/235/5B43B894DF314732AB4A78783C89A293
59D90DBE8432485B9932E3EEA2060760	59D90DBE8432485B9932E3EEA2060760	thumb	placeholder	https://proxy.archieven.nl/thumb/235/59D90DBE8432485B9932E3EEA2060760
0E599C1DA27742FC879F0A97E7392F37	0E599C1DA27742FC879F0A97E7392F37	thumb	placeholder	https://proxy.archieven.nl/thumb/235/0E599C1DA27742FC879F0A97E7392F37
5B051BC03A6A451984BB27C921C0984D	5B051BC03A6A451984BB27C921C0984D	thumb	placeholder	https://proxy.archieven.nl/thumb/235/5B051BC03A6A451984BB27C921C0984D
826A07F7CD364060A0B232C0F3360DE1	826A07F7CD364060A0B232C0F3360DE1	thumb	placeholder	https://proxy.archieven.nl/thumb/235/826A07F7CD364060A0B232C0F3360DE1
080E8CA1294744F8A3214315FD0B3575	080E8CA1294744F8A3214315FD0B3575	thumb	placeholder	https://proxy.archieven.nl/thumb/235/080E8CA1294744F8A3214315FD0B3575
BD35B0382FA44F448D3BE987A06F118A	BD35B0382FA44F448D3BE987A06F118A	thumb	placeholder	https://proxy.archieven.nl/thumb/235/BD35B0382FA44F448D3BE987A06F118A
95720E1DE40841A0AA42E660F0B0BC62	95720E1DE40841A0AA42E660F0B0BC62	thumb	placeholder	https://proxy.archieven.nl/thumb/235/95720E1DE40841A0AA42E660F0B0BC62
3A277D7FB59B41D8A38A8C7ACA0EC5E2	3A277D7FB59B41D8A38A8C7ACA0EC5E2	thumb	placeholder	https://proxy.archieven.nl/thumb/235/3A277D7FB59B41D8A38A8C7ACA0EC5E2
2D5993463CC14F00B4C8E87852B882D0	2D5993463CC14F00B4C8E87852B882D0	thumb	placeholder	https://proxy.archieven.nl/thumb/235/2D5993463CC14F00B4C8E87852B882D0
AFC71885AF8E457C909DD498FB2714E3	AFC71885AF8E457C909DD498FB2714E3	thumb	placeholder	https://proxy.archieven.nl/thumb/235/AFC71885AF8E457C909DD498FB2714E3
EBBAD8568A7A442881C21E8EEA9658E7	EBBAD8568A7A442881C21E8EEA9658E7	thumb	placeholder	https://proxy.archieven.nl/thumb/235/EBBAD8568A7A442881C21E8EEA9658E7
2A74588F594B4599A37186D6F2130D0B	2A74588F594B4599A37186D6F2130D0B	thumb	placeholder	https://proxy.archieven.nl/thumb/235/2A74588F594B4599A37186D6F2130D0B
3024A41F63ED47AAB0F4695B74438B8C	3024A41F63ED47AAB0F4695B74438B8C	thumb	placeholder	https://proxy.archieven.nl/thumb/235/3024A41F63ED47AAB0F4695B74438B8C
063B5A8FA01E4E0E879B1CCDB49954A3	063B5A8FA01E4E0E879B1CCDB49954A3	thumb	placeholder	https://proxy.archieven.nl/thumb/235/063B5A8FA01E4E0E879B1CCDB49954A3
A5879A4ED3AB432ABA6D0BD271A14608	A5879A4ED3AB432ABA6D0BD271A14608	thumb	placeholder	https://proxy.archieven.nl/thumb/235/A5879A4ED3AB432ABA6D0BD271A14608
BB0D397FA9304BD4A047B3EF433C684B	BB0D397FA9304BD4A047B3EF433C684B	thumb	placeholder	https://proxy.archieven.nl/thumb/235/BB0D397FA9304BD4A047B3EF433C684B
19B78D44B4014EBCABB90025F5DC40C6	19B78D44B4014EBCABB90025F5DC40C6	thumb	placeholder	https://proxy.archieven.nl/thumb/235/19B78D44B4014EBCABB90025F5DC40C6
5856FC93B7EB48D18F054462368B4D39	5856FC93B7EB48D18F054462368B4D39	thumb	placeholder	https://proxy.archieven.nl/thumb/235/5856FC93B7EB48D18F054462368B4D39
A037C960638C46A384D0EE57120D0A88	A037C960638C46A384D0EE57120D0A88	thumb	placeholder	https://proxy.archieven.nl/thumb/235/A037C960638C46A384D0EE57120D0A88
D1B91EB9DD684E8EAD644C5C497B8EE4	D1B91EB9DD684E8EAD644C5C497B8EE4	thumb	placeholder	https://proxy.archieven.nl/thumb/235/D1B91EB9DD684E8EAD644C5C497B8EE4
9829CF27C7774C549A0500DA3FE97F5A	9829CF27C7774C549A0500DA3FE97F5A	thumb	placeholder	https://proxy.archieven.nl/thumb/235/9829CF27C7774C549A0500DA3FE97F5A
37D88CE95E9F4E24B12662B41AA83B36	37D88CE95E9F4E24B12662B41AA83B36	thumb	placeholder	https://proxy.archieven.nl/thumb/235/37D88CE95E9F4E24B12662B41AA83B36
66D40C9870754A2BAB26A223AEEE0634	66D40C9870754A2BAB26A223AEEE0634	thumb	placeholder	https://proxy.archieven.nl/thumb/235/66D40C9870754A2BAB26A223AEEE0634
165FA032EB7046CD96654428BFBFB1A6	165FA032EB7046CD96654428BFBFB1A6	thumb	placeholder	https://proxy.archieven.nl/thumb/235/165FA032EB7046CD96654428BFBFB1A6
0658416A33F54532B53023246399F8CD	0658416A33F54532B53023246399F8CD	thumb	placeholder	https://proxy.archieven.nl/thumb/235/0658416A33F54532B53023246399F8CD
44E00F67BBF84A9198B249DA863180F4	44E00F67BBF84A9198B249DA863180F4	thumb	placeholder	https://proxy.archieven.nl/thumb/235/44E00F67BBF84A9198B249DA863180F4
AAEB63768DED4EB4940137E0711177F6	AAEB63768DED4EB4940137E0711177F6	thumb	placeholder	https://proxy.archieven.nl/thumb/235/AAEB63768DED4EB4940137E0711177F6
569CF4D4F75342DAA3B4A9DB107D96E7	569CF4D4F75342DAA3B4A9DB107D96E7	thumb	placeholder	https://proxy.archieven.nl/thumb/235/569CF4D4F75342DAA3B4A9DB107D96E7
726DA48A82E241469D734455B8FB3CEE	726DA48A82E241469D734455B8FB3CEE	thumb	placeholder	https://proxy.archieven.nl/thumb/235/726DA48A82E241469D734455B8FB3CEE
E041A2556F9C4CEB9E13D4610D763027	E041A2556F9C4CEB9E13D4610D763027	thumb	placeholder	https://proxy.archieven.nl/thumb/235/E041A2556F9C4CEB9E13D4610D763027
0A7ACEC6220444E9BBCF479A8FA1A428	0A7ACEC6220444E9BBCF479A8FA1A428	thumb	placeholder	https://proxy.archieven.nl/thumb/235/0A7ACEC6220444E9BBCF479A8FA1A428
370AB668E34D4734A61C76110B5E4052	370AB668E34D4734A61C76110B5E4052	thumb	placeholder	https://proxy.archieven.nl/thumb/235/370AB668E34D4734A61C76110B5E4052
C74B7C84A62649899C3FE9627EF946C0	C74B7C84A62649899C3FE9627EF946C0	thumb	placeholder	https://proxy.archieven.nl/thumb/235/C74B7C84A62649899C3FE9627EF946C0
D8057B62894A495CA490E0CB5001B0D6	D8057B62894A495CA490E0CB5001B0D6	thumb	placeholder	https://proxy.archieven.nl/thumb/235/D8057B62894A495CA490E0CB5001B0D6
4937A870EB9D437A857D77C629B7CCEA	4937A870EB9D437A857D77C629B7CCEA	thumb	placeholder	https://proxy.archieven.nl/thumb/235/4937A870EB9D437A857D77C629B7CCEA
15C2D90115B94E0CA4CD0AF290C86807	15C2D90115B94E0CA4CD0AF290C86807	thumb	placeholder	https://proxy.archieven.nl/thumb/235/15C2D90115B94E0CA4CD0AF290C86807
38E037B6F8D04BAAA65F52EDBEDC7297	38E037B6F8D04BAAA65F52EDBEDC7297	thumb	placeholder	https://proxy.archieven.nl/thumb/235/38E037B6F8D04BAAA65F52EDBEDC7297
F8F56432B6024EC6B876759AB57B268C	F8F56432B6024EC6B876759AB57B268C	thumb	placeholder	https://proxy.archieven.nl/thumb/235/F8F56432B6024EC6B876759AB57B268C
A5F9404C9DD94DAE80D0C8A101CA4582	A5F9404C9DD94DAE80D0C8A101CA4582	thumb	placeholder	https://proxy.archieven.nl/thumb/235/A5F9404C9DD94DAE80D0C8A101CA4582
C81C26AABD9C42FBB1187AA2CBD2B5D0	C81C26AABD9C42FBB1187AA2CBD2B5D0	thumb	placeholder	https://proxy.archieven.nl/thumb/235/C81C26AABD9C42FBB1187AA2CBD2B5D0
8AAB1091CAE04442B61BE106251E2E66	8AAB1091CAE04442B61BE106251E2E66	thumb	placeholder	https://proxy.archieven.nl/thumb/235/8AAB1091CAE04442B61BE106251E2E66
324E5A40A0254D64A7626965A72B1704	324E5A40A0254D64A7626965A72B1704	thumb	placeholder	https://proxy.archieven.nl/thumb/235/324E5A40A0254D64A7626965A72B1704
B079B73BEDCD4AB68377AC4769E35992	B079B73BEDCD4AB68377AC4769E35992	thumb	placeholder	https://proxy.archieven.nl/thumb/235/B079B73BEDCD4AB68377AC4769E35992
5F71E65D98F3476E9CFBB0C23EE95768	5F71E65D98F3476E9CFBB0C23EE95768	thumb	placeholder	https://proxy.archieven.nl/thumb/235/5F71E65D98F3476E9CFBB0C23EE95768
82049C31DC1A428EAAA74BBD0735CE6A	82049C31DC1A428EAAA74BBD0735CE6A	thumb	placeholder	https://proxy.archieven.nl/thumb/235/82049C31DC1A428EAAA74BBD0735CE6A
02F9807361AB4E4FBB59E5DDCA9FF812	02F9807361AB4E4FBB59E5DDCA9FF812	thumb	placeholder	https://proxy.archieven.nl/thumb/235/02F9807361AB4E4FBB59E5DDCA9FF812
8CA6F6F12D014A9EB2CCE2695E0E4758	8CA6F6F12D014A9EB2CCE2695E0E4758	thumb	placeholder	https://proxy.archieven.nl/thumb/235/8CA6F6F12D014A9EB2CCE2695E0E4758
C227A645A2D84224ABB5B5E5C388FFEB	C227A645A2D84224ABB5B5E5C388FFEB	thumb	placeholder	https://proxy.archieven.nl/thumb/235/C227A645A2D84224ABB5B5E5C388FFEB
AF3101A1BB5E464484D6ACA897994C51	AF3101A1BB5E464484D6ACA897994C51	thumb	placeholder	https://proxy.archieven.nl/thumb/235/AF3101A1BB5E464484D6ACA897994C51
A4392A1874A74D12B186FC49E6CB2F7E	A4392A1874A74D12B186FC49E6CB2F7E	thumb	placeholder	https://proxy.archieven.nl/thumb/235/A4392A1874A74D12B186FC49E6CB2F7E
E4BC30C77B7A417FB78981E44FBF05EF	E4BC30C77B7A417FB78981E44FBF05EF	thumb	placeholder	https://proxy.archieven.nl/thumb/235/E4BC30C77B7A417FB78981E44FBF05EF
0F62BD7245A743259BF9203B654B9CA2	0F62BD7245A743259BF9203B654B9CA2	thumb	placeholder	https://proxy.archieven.nl/thumb/235/0F62BD7245A743259BF9203B654B9CA2
AAF30061AD424E9694CC0C235AAF56CB	AAF30061AD424E9694CC0C235AAF56CB	thumb	placeholder	https://proxy.archieven.nl/thumb/235/AAF30061AD424E9694CC0C235AAF56CB
0A411EB0D100445AB6AF29FFE331F78A	0A411EB0D100445AB6AF29FFE331F78A	thumb	placeholder	https://proxy.archieven.nl/thumb/235/0A411EB0D100445AB6AF29FFE331F78A
B0D781E8129842AF862EE8A295D9EA04	B0D781E8129842AF862EE8A295D9EA04	thumb	placeholder	https://proxy.archieven.nl/thumb/235/B0D781E8129842AF862EE8A295D9EA04
4D541A277DA84170B1FCF52541996BBA	4D541A277DA84170B1FCF52541996BBA	thumb	placeholder	https://proxy.archieven.nl/thumb/235/4D541A277DA84170B1FCF52541996BBA
8ABB923D4F634918B6A1827C435A296A	8ABB923D4F634918B6A1827C435A296A	thumb	placeholder	https://proxy.archieven.nl/thumb/235/8ABB923D4F634918B6A1827C435A296A
2493F0E9FFE64703B97E8DE47BEE3EB9	2493F0E9FFE64703B97E8DE47BEE3EB9	thumb	placeholder	https://proxy.archieven.nl/thumb/235/2493F0E9FFE64703B97E8DE47BEE3EB9
7CB3F7C1EB6C484BB521F7C014BA2EC8	7CB3F7C1EB6C484BB521F7C014BA2EC8	thumb	placeholder	https://proxy.archieven.nl/thumb/235/7CB3F7C1EB6C484BB521F7C014BA2EC8
6FF0C403CC214A869A08657B4F4C5CB5	6FF0C403CC214A869A08657B4F4C5CB5	thumb	placeholder	https://proxy.archieven.nl/thumb/235/6FF0C403CC214A869A08657B4F4C5CB5
98589B4D0B2543EE961787216A6741CB	98589B4D0B2543EE961787216A6741CB	thumb	placeholder	https://proxy.archieven.nl/thumb/235/98589B4D0B2543EE961787216A6741CB
E23B87EB95504948A713201A325E8860	E23B87EB95504948A713201A325E8860	thumb	placeholder	https://proxy.archieven.nl/thumb/235/E23B87EB95504948A713201A325E8860
9CD2033FA0114FCB904491059C6CD8D4	9CD2033FA0114FCB904491059C6CD8D4	thumb	placeholder	https://proxy.archieven.nl/thumb/235/9CD2033FA0114FCB904491059C6CD8D4
BC5C1E03673B4B69A23AD90F048E7DFE	BC5C1E03673B4B69A23AD90F048E7DFE	thumb	placeholder	https://proxy.archieven.nl/thumb/235/BC5C1E03673B4B69A23AD90F048E7DFE
C9C8A57DCC0940F1A450468A61A53435	C9C8A57DCC0940F1A450468A61A53435	thumb	placeholder	https://proxy.archieven.nl/thumb/235/C9C8A57DCC0940F1A450468A61A53435
EC668478117C41AC9A5F511CB3DD2D57	EC668478117C41AC9A5F511CB3DD2D57	thumb	placeholder	https://proxy.archieven.nl/thumb/235/EC668478117C41AC9A5F511CB3DD2D57
0D7D027F72914FBAAFBC9B813AFB5F49	0D7D027F72914FBAAFBC9B813AFB5F49	thumb	placeholder	https://proxy.archieven.nl/thumb/235/0D7D027F72914FBAAFBC9B813AFB5F49
1CA184748A5647B294499F0A38257D5D	1CA184748A5647B294499F0A38257D5D	thumb	placeholder	https://proxy.archieven.nl/thumb/235/1CA184748A5647B294499F0A38257D5D
2776C9A4317D4E119569636899587845	2776C9A4317D4E119569636899587845	thumb	placeholder	https://proxy.archieven.nl/thumb/235/2776C9A4317D4E119569636899587845
7A4F04C0E49445B88690093B89E37345	7A4F04C0E49445B88690093B89E37345	thumb	placeholder	https://proxy.archieven.nl/thumb/235/7A4F04C0E49445B88690093B89E37345
BEEAB49AEB9F4C11BCE82B3DF77B5C3C	BEEAB49AEB9F4C11BCE82B3DF77B5C3C	thumb	placeholder	https://proxy.archieven.nl/thumb/235/BEEAB49AEB9F4C11BCE82B3DF77B5C3C
1003D039C6804734BA5CDB08DEC82088	1003D039C6804734BA5CDB08DEC82088	thumb	placeholder	https://proxy.archieven.nl/thumb/235/1003D039C6804734BA5CDB08DEC82088
D0C92AA4E85C45BCAC050142DC2F2024	D0C92AA4E85C45BCAC050142DC2F2024	thumb	placeholder	https://proxy.archieven.nl/thumb/235/D0C92AA4E85C45BCAC050142DC2F2024
CC4D266406E6451EB6603214D0C40A2E	CC4D266406E6451EB6603214D0C40A2E	thumb	placeholder	https://proxy.archieven.nl/thumb/235/CC4D266406E6451EB6603214D0C40A2E
894125F0C1C24BCD8E65B2A852B8561A	894125F0C1C24BCD8E65B2A852B8561A	thumb	placeholder	https://proxy.archieven.nl/thumb/235/894125F0C1C24BCD8E65B2A852B8561A
4336C831751E495D93FEF9AD8FC0B8B0	4336C831751E495D93FEF9AD8FC0B8B0	thumb	placeholder	https://proxy.archieven.nl/thumb/235/4336C831751E495D93FEF9AD8FC0B8B0
0AF0EB6E7A644688BCB399DACE6C3DCC	0AF0EB6E7A644688BCB399DACE6C3DCC	thumb	placeholder	https://proxy.archieven.nl/thumb/235/0AF0EB6E7A644688BCB399DACE6C3DCC
FF49242C3F904699AC6AD8287181187F	FF49242C3F904699AC6AD8287181187F	thumb	placeholder	https://proxy.archieven.nl/thumb/235/FF49242C3F904699AC6AD8287181187F
7DA6935C78B54648AC4AE85D8B2A8DA6	7DA6935C78B54648AC4AE85D8B2A8DA6	thumb	placeholder	https://proxy.archieven.nl/thumb/235/7DA6935C78B54648AC4AE85D8B2A8DA6
96BDB7B017B14B448D3C65D36AB17513	96BDB7B017B14B448D3C65D36AB17513	thumb	placeholder	https://proxy.archieven.nl/thumb/235/96BDB7B017B14B448D3C65D36AB17513
0205388C05B040A192151E3B8D7D9428	0205388C05B040A192151E3B8D7D9428	thumb	placeholder	https://proxy.archieven.nl/thumb/235/0205388C05B040A192151E3B8D7D9428
5E8F6CFC3F9C4F3BBC680EF499BF11C3	5E8F6CFC3F9C4F3BBC680EF499BF11C3	thumb	placeholder	https://proxy.archieven.nl/thumb/235/5E8F6CFC3F9C4F3BBC680EF499BF11C3
636A9DE961D74F6B804A485DFD5A848D	636A9DE961D74F6B804A485DFD5A848D	thumb	placeholder	https://proxy.archieven.nl/thumb/235/636A9DE961D74F6B804A485DFD5A848D
4DA4F0F3FF1A4BD4AA1CFAE059F32E10	4DA4F0F3FF1A4BD4AA1CFAE059F32E10	thumb	placeholder	https://proxy.archieven.nl/thumb/235/4DA4F0F3FF1A4BD4AA1CFAE059F32E10
D8899011A2514826853DE74BF0ADAE80	D8899011A2514826853DE74BF0ADAE80	thumb	placeholder	https://proxy.archieven.nl/thumb/235/D8899011A2514826853DE74BF0ADAE80
A3C9FFB97F37438C9E59C73F9A45ABED	A3C9FFB97F37438C9E59C73F9A45ABED	thumb	placeholder	https://proxy.archieven.nl/thumb/235/A3C9FFB97F37438C9E59C73F9A45ABED
3EBF43042E5149F1B08D75A806859912	3EBF43042E5149F1B08D75A806859912	thumb	placeholder	https://proxy.archieven.nl/thumb/235/3EBF43042E5149F1B08D75A806859912
85A154672A68497488DC22026D30CDAE	85A154672A68497488DC22026D30CDAE	thumb	placeholder	https://proxy.archieven.nl/thumb/235/85A154672A68497488DC22026D30CDAE
E4F7391CDAF844539AD4E18C3861C13F	E4F7391CDAF844539AD4E18C3861C13F	thumb	placeholder	https://proxy.archieven.nl/thumb/235/E4F7391CDAF844539AD4E18C3861C13F
6F4C2665E9734DE98A261319A779135D	6F4C2665E9734DE98A261319A779135D	thumb	placeholder	https://proxy.archieven.nl/thumb/235/6F4C2665E9734DE98A261319A779135D
3B1E1A4FA971437BA9D99DBB67857DC2	3B1E1A4FA971437BA9D99DBB67857DC2	thumb	placeholder	https://proxy.archieven.nl/thumb/235/3B1E1A4FA971437BA9D99DBB67857DC2
29283373ED234B48A402803631701811	29283373ED234B48A402803631701811	thumb	placeholder	https://proxy.archieven.nl/thumb/235/29283373ED234B48A402803631701811
37581CCE0692493597C07146ADD4A015	37581CCE0692493597C07146ADD4A015	thumb	placeholder	https://proxy.archieven.nl/thumb/235/37581CCE0692493597C07146ADD4A015
A6A59428219D4702BE2103D5C1E913B1	A6A59428219D4702BE2103D5C1E913B1	thumb	placeholder	https://proxy.archieven.nl/thumb/235/A6A59428219D4702BE2103D5C1E913B1
1C8FB61E19154845AB0F343B2555D3B0	1C8FB61E19154845AB0F343B2555D3B0	thumb	placeholder	https://proxy.archieven.nl/thumb/235/1C8FB61E19154845AB0F343B2555D3B0
2DDEAEBF30934342B1CBABC2CA11100A	2DDEAEBF30934342B1CBABC2CA11100A	thumb	placeholder	https://proxy.archieven.nl/thumb/235/2DDEAEBF30934342B1CBABC2CA11100A
A2B27AC6634141F08B7DBB9BD63BBC0E	A2B27AC6634141F08B7DBB9BD63BBC0E	thumb	placeholder	https://proxy.archieven.nl/thumb/235/A2B27AC6634141F08B7DBB9BD63BBC0E
7D8B54F424DB48759B5845446E0927A7	7D8B54F424DB48759B5845446E0927A7	thumb	placeholder	https://proxy.archieven.nl/thumb/235/7D8B54F424DB48759B5845446E0927A7
E255CFFD517F493D9E67790B71037FE3	E255CFFD517F493D9E67790B71037FE3	thumb	placeholder	https://proxy.archieven.nl/thumb/235/E255CFFD517F493D9E67790B71037FE3
CCD142EFD0714FF393126FBAA0F9FB89	CCD142EFD0714FF393126FBAA0F9FB89	thumb	placeholder	https://proxy.archieven.nl/thumb/235/CCD142EFD0714FF393126FBAA0F9FB89
0AED907AB9AB436B80E4524AEBECE62F	0AED907AB9AB436B80E4524AEBECE62F	thumb	placeholder	https://proxy.archieven.nl/thumb/235/0AED907AB9AB436B80E4524AEBECE62F
ECF28984FF3B4233BEF364560CAA7BE7	ECF28984FF3B4233BEF364560CAA7BE7	thumb	placeholder	https://proxy.archieven.nl/thumb/235/ECF28984FF3B4233BEF364560CAA7BE7
B7A0C055995E460083736879BFCE68CF	B7A0C055995E460083736879BFCE68CF	thumb	placeholder	https://proxy.archieven.nl/thumb/235/B7A0C055995E460083736879BFCE68CF
EFD5D96D301D49F0819448369BC340F3	EFD5D96D301D49F0819448369BC340F3	thumb	placeholder	https://proxy.archieven.nl/thumb/235/EFD5D96D301D49F0819448369BC340F3
82651EC61D524E52B078BAC334DBF1A3	82651EC61D524E52B078BAC334DBF1A3	thumb	placeholder	https://proxy.archieven.nl/thumb/235/82651EC61D524E52B078BAC334DBF1A3
04054687719C40F786EACCF9ACCA95A2	04054687719C40F786EACCF9ACCA95A2	thumb	placeholder	https://proxy.archieven.nl/thumb/235/04054687719C40F786EACCF9ACCA95A2
C34F732B79F7465DB5C6B6048E9EF349	C34F732B79F7465DB5C6B6048E9EF349	thumb	placeholder	https://proxy.archieven.nl/thumb/235/C34F732B79F7465DB5C6B6048E9EF349
F5CADDC4D9B8429880C6C4E1F34A19CB	F5CADDC4D9B8429880C6C4E1F34A19CB	thumb	placeholder	https://proxy.archieven.nl/thumb/235/F5CADDC4D9B8429880C6C4E1F34A19CB
2013E49D595D484E99E39E5643B0B632	2013E49D595D484E99E39E5643B0B632	thumb	placeholder	https://proxy.archieven.nl/thumb/235/2013E49D595D484E99E39E5643B0B632
8A860785004D4793B162DC5A3491F629	8A860785004D4793B162DC5A3491F629	thumb	placeholder	https://proxy.archieven.nl/thumb/235/8A860785004D4793B162DC5A3491F629
295DEA6B5CF14211B7D0C498028B228A	295DEA6B5CF14211B7D0C498028B228A	thumb	placeholder	https://proxy.archieven.nl/thumb/235/295DEA6B5CF14211B7D0C498028B228A
ACB660C02F0F428CBBAD5B6C55A863EE	ACB660C02F0F428CBBAD5B6C55A863EE	thumb	placeholder	https://proxy.archieven.nl/thumb/235/ACB660C02F0F428CBBAD5B6C55A863EE
69FFEA53DBA64162919EFF2C451C3BDF	69FFEA53DBA64162919EFF2C451C3BDF	thumb	placeholder	https://proxy.archieven.nl/thumb/235/69FFEA53DBA64162919EFF2C451C3BDF
7EBF95AEBE4946C39459BF1BFDD06E4F	7EBF95AEBE4946C39459BF1BFDD06E4F	thumb	placeholder	https://proxy.archieven.nl/thumb/235/7EBF95AEBE4946C39459BF1BFDD06E4F
A6EB4A9F377E44DFBF613BD52C7626C7	A6EB4A9F377E44DFBF613BD52C7626C7	thumb	placeholder	https://proxy.archieven.nl/thumb/235/A6EB4A9F377E44DFBF613BD52C7626C7
E3EF5FD6C9D24F689E5F44D5248249EA	E3EF5FD6C9D24F689E5F44D5248249EA	thumb	placeholder	https://proxy.archieven.nl/thumb/235/E3EF5FD6C9D24F689E5F44D5248249EA
575BA65996734561AF72087B93B8B64D	575BA65996734561AF72087B93B8B64D	thumb	placeholder	https://proxy.archieven.nl/thumb/235/575BA65996734561AF72087B93B8B64D
6864AFCC56144F1CA5F411155D292C35	6864AFCC56144F1CA5F411155D292C35	thumb	placeholder	https://proxy.archieven.nl/thumb/235/6864AFCC56144F1CA5F411155D292C35
0D22F16716D540ADB5E0028D5FAB96E9	0D22F16716D540ADB5E0028D5FAB96E9	thumb	placeholder	https://proxy.archieven.nl/thumb/235/0D22F16716D540ADB5E0028D5FAB96E9
3BE347369C944068966A42FCB4DBFCB1	3BE347369C944068966A42FCB4DBFCB1	thumb	placeholder	https://proxy.archieven.nl/thumb/235/3BE347369C944068966A42FCB4DBFCB1
4FCC374DCDF44794B9531B9C30E1DCA0	4FCC374DCDF44794B9531B9C30E1DCA0	thumb	placeholder	https://proxy.archieven.nl/thumb/235/4FCC374DCDF44794B9531B9C30E1DCA0
3C9C01FE54DF4F63A8EB741F37D248E7	3C9C01FE54DF4F63A8EB741F37D248E7	thumb	placeholder	https://proxy.archieven.nl/thumb/235/3C9C01FE54DF4F63A8EB741F37D248E7
D223F9C11A4D426DB2DC518F932203DE	D223F9C11A4D426DB2DC518F932203DE	thumb	placeholder	https://proxy.archieven.nl/thumb/235/D223F9C11A4D426DB2DC518F932203DE
C7E6E729EF0E4F929B4BDFB766E763E4	C7E6E729EF0E4F929B4BDFB766E763E4	thumb	placeholder	https://proxy.archieven.nl/thumb/235/C7E6E729EF0E4F929B4BDFB766E763E4
EE0742B7A1434FA083F80EE882DC11E1	EE0742B7A1434FA083F80EE882DC11E1	thumb	placeholder	https://proxy.archieven.nl/thumb/235/EE0742B7A1434FA083F80EE882DC11E1
766007228DF34F5FAED5072858DBD5B0	766007228DF34F5FAED5072858DBD5B0	thumb	placeholder	https://proxy.archieven.nl/thumb/235/766007228DF34F5FAED5072858DBD5B0
DD275154B30E48D2BD379AB253BA9E9B	DD275154B30E48D2BD379AB253BA9E9B	thumb	placeholder	https://proxy.archieven.nl/thumb/235/DD275154B30E48D2BD379AB253BA9E9B
FD01B335DA2F4B3EBE56631A395CB2BD	FD01B335DA2F4B3EBE56631A395CB2BD	thumb	placeholder	https://proxy.archieven.nl/thumb/235/FD01B335DA2F4B3EBE56631A395CB2BD
AC90BDA4F0BD4D1FB8B002193704C9E0	AC90BDA4F0BD4D1FB8B002193704C9E0	thumb	placeholder	https://proxy.archieven.nl/thumb/235/AC90BDA4F0BD4D1FB8B002193704C9E0
88CCABFD3328450386FB0EAE0A8EADFB	88CCABFD3328450386FB0EAE0A8EADFB	thumb	placeholder	https://proxy.archieven.nl/thumb/235/88CCABFD3328450386FB0EAE0A8EADFB
F88113C2809D40BF9F47AAD74F04C70C	F88113C2809D40BF9F47AAD74F04C70C	thumb	placeholder	https://proxy.archieven.nl/thumb/235/F88113C2809D40BF9F47AAD74F04C70C
DF03AA18796B416795475D6426BDCAC1	DF03AA18796B416795475D6426BDCAC1	thumb	placeholder	https://proxy.archieven.nl/thumb/235/DF03AA18796B416795475D6426BDCAC1
D33467DF430C438BB411415EAA5C4A40	D33467DF430C438BB411415EAA5C4A40	thumb	placeholder	https://proxy.archieven.nl/thumb/235/D33467DF430C438BB411415EAA5C4A40
C0546D6F7A174E9FAE2B887FEB005925	C0546D6F7A174E9FAE2B887FEB005925	thumb	placeholder	https://proxy.archieven.nl/thumb/235/C0546D6F7A174E9FAE2B887FEB005925
8675F31EA6954CC2807A5611B18A2777	8675F31EA6954CC2807A5611B18A2777	thumb	placeholder	https://proxy.archieven.nl/thumb/235/8675F31EA6954CC2807A5611B18A2777
DAEBA59526E34F2C90162A66CC30249E	DAEBA59526E34F2C90162A66CC30249E	thumb	placeholder	https://proxy.archieven.nl/thumb/235/DAEBA59526E34F2C90162A66CC30249E
4D4166AB66DF49DC970E2019E895402B	4D4166AB66DF49DC970E2019E895402B	thumb	placeholder	https://proxy.archieven.nl/thumb/235/4D4166AB66DF49DC970E2019E895402B
9B3618261DF44260AD0D5AB46C9BE7B8	9B3618261DF44260AD0D5AB46C9BE7B8	thumb	placeholder	https://proxy.archieven.nl/thumb/235/9B3618261DF44260AD0D5AB46C9BE7B8
38C6703EB24A4CAEAA33C471E181833F	38C6703EB24A4CAEAA33C471E181833F	thumb	placeholder	https://proxy.archieven.nl/thumb/235/38C6703EB24A4CAEAA33C471E181833F
A3D47AA65E4A47C19E4A53928C5729F4	A3D47AA65E4A47C19E4A53928C5729F4	thumb	placeholder	https://proxy.archieven.nl/thumb/235/A3D47AA65E4A47C19E4A53928C5729F4
A9A690C47F444B37B00216D260F5B42F	A9A690C47F444B37B00216D260F5B42F	thumb	placeholder	https://proxy.archieven.nl/thumb/235/A9A690C47F444B37B00216D260F5B42F
D6152D76DC7E414583ABAD00DD6F0606	D6152D76DC7E414583ABAD00DD6F0606	thumb	placeholder	https://proxy.archieven.nl/thumb/235/D6152D76DC7E414583ABAD00DD6F0606
58A19E83DD4D4F17BD818E8501D988D1	58A19E83DD4D4F17BD818E8501D988D1	thumb	placeholder	https://proxy.archieven.nl/thumb/235/58A19E83DD4D4F17BD818E8501D988D1
91C2E8489D6E4A48A5DC6E63614959B2	91C2E8489D6E4A48A5DC6E63614959B2	thumb	placeholder	https://proxy.archieven.nl/thumb/235/91C2E8489D6E4A48A5DC6E63614959B2
B794321B980840699F454BB07551D60F	B794321B980840699F454BB07551D60F	thumb	placeholder	https://proxy.archieven.nl/thumb/235/B794321B980840699F454BB07551D60F
C92ECA05D0134F36B2EE675D4FD7619C	C92ECA05D0134F36B2EE675D4FD7619C	thumb	placeholder	https://proxy.archieven.nl/thumb/235/C92ECA05D0134F36B2EE675D4FD7619C
247142E1C20D4F889EC13A61046E0E6B	247142E1C20D4F889EC13A61046E0E6B	thumb	placeholder	https://proxy.archieven.nl/thumb/235/247142E1C20D4F889EC13A61046E0E6B
31CD5811E1F54F928C85B5F9CE1D5C20	31CD5811E1F54F928C85B5F9CE1D5C20	thumb	placeholder	https://proxy.archieven.nl/thumb/235/31CD5811E1F54F928C85B5F9CE1D5C20
E5C7ABF964F147BFAE7E7169D983C831	E5C7ABF964F147BFAE7E7169D983C831	thumb	placeholder	https://proxy.archieven.nl/thumb/235/E5C7ABF964F147BFAE7E7169D983C831
448ACC651EE14591AFBF04ACD22C2263	448ACC651EE14591AFBF04ACD22C2263	thumb	placeholder	https://proxy.archieven.nl/thumb/235/448ACC651EE14591AFBF04ACD22C2263
F37157872ACB4DEEADD3DFD72C1CC6CC	F37157872ACB4DEEADD3DFD72C1CC6CC	thumb	placeholder	https://proxy.archieven.nl/thumb/235/F37157872ACB4DEEADD3DFD72C1CC6CC
87F0DCE2B1124AD287B9B668DC1837DC	87F0DCE2B1124AD287B9B668DC1837DC	thumb	placeholder	https://proxy.archieven.nl/thumb/235/87F0DCE2B1124AD287B9B668DC1837DC
8BD42A7DAD7743288342C08298F5A01C	8BD42A7DAD7743288342C08298F5A01C	thumb	placeholder	https://proxy.archieven.nl/thumb/235/8BD42A7DAD7743288342C08298F5A01C
1E2771C4634C476CA80A45DD2D0A1677	1E2771C4634C476CA80A45DD2D0A1677	thumb	placeholder	https://proxy.archieven.nl/thumb/235/1E2771C4634C476CA80A45DD2D0A1677
1510C977176041A1858B6603748249D4	1510C977176041A1858B6603748249D4	thumb	placeholder	https://proxy.archieven.nl/thumb/235/1510C977176041A1858B6603748249D4
5D386B3F78B948A4AA160EF98457EDD2	5D386B3F78B948A4AA160EF98457EDD2	thumb	placeholder	https://proxy.archieven.nl/thumb/235/5D386B3F78B948A4AA160EF98457EDD2
3FC4F8CAECAF4A8E8CAA5988605AD8E2	3FC4F8CAECAF4A8E8CAA5988605AD8E2	thumb	placeholder	https://proxy.archieven.nl/thumb/235/3FC4F8CAECAF4A8E8CAA5988605AD8E2
CB89E3F8C63D40F6A25F4FA83EAE9968	CB89E3F8C63D40F6A25F4FA83EAE9968	thumb	placeholder	https://proxy.archieven.nl/thumb/235/CB89E3F8C63D40F6A25F4FA83EAE9968
EB512B42296B448CB0A10C71634145EB	EB512B42296B448CB0A10C71634145EB	thumb	placeholder	https://proxy.archieven.nl/thumb/235/EB512B42296B448CB0A10C71634145EB
EEBC27281D2A4C25A09D459244D58F87	EEBC27281D2A4C25A09D459244D58F87	thumb	placeholder	https://proxy.archieven.nl/thumb/235/EEBC27281D2A4C25A09D459244D58F87
F60652F3CF3F4C81A6BABE1647CABA3D	F60652F3CF3F4C81A6BABE1647CABA3D	thumb	placeholder	https://proxy.archieven.nl/thumb/235/F60652F3CF3F4C81A6BABE1647CABA3D
A547580066F74FEF95C82B6123428B4F	A547580066F74FEF95C82B6123428B4F	thumb	placeholder	https://proxy.archieven.nl/thumb/235/A547580066F74FEF95C82B6123428B4F
80D7521D3D5A444680397C6C0B9E32A9	80D7521D3D5A444680397C6C0B9E32A9	thumb	placeholder	https://proxy.archieven.nl/thumb/235/80D7521D3D5A444680397C6C0B9E32A9
A3E0ABBF824840F183B3CD2C1FF15AC1	A3E0ABBF824840F183B3CD2C1FF15AC1	thumb	placeholder	https://proxy.archieven.nl/thumb/235/A3E0ABBF824840F183B3CD2C1FF15AC1
1869BF394044484F8DDE0A4E828FABE8	1869BF394044484F8DDE0A4E828FABE8	thumb	placeholder	https://proxy.archieven.nl/thumb/235/1869BF394044484F8DDE0A4E828FABE8
1DAE8DB108C243CDA2EFD11579739325	1DAE8DB108C243CDA2EFD11579739325	thumb	placeholder	https://proxy.archieven.nl/thumb/235/1DAE8DB108C243CDA2EFD11579739325
D7D4BD1B0B9D4013849977FA780036A1	D7D4BD1B0B9D4013849977FA780036A1	thumb	placeholder	https://proxy.archieven.nl/thumb/235/D7D4BD1B0B9D4013849977FA780036A1
AFCD9D3468BE406E846536AC8458112A	AFCD9D3468BE406E846536AC8458112A	thumb	placeholder	https://proxy.archieven.nl/thumb/235/AFCD9D3468BE406E846536AC8458112A
5978E626D03444D28CB5674483B133DE	5978E626D03444D28CB5674483B133DE	thumb	placeholder	https://proxy.archieven.nl/thumb/235/5978E626D03444D28CB5674483B133DE
AA1D127FC3F94E84BCDEC728B8E4A534	AA1D127FC3F94E84BCDEC728B8E4A534	thumb	placeholder	https://proxy.archieven.nl/thumb/235/AA1D127FC3F94E84BCDEC728B8E4A534
33E45EF00E4C4AE08494BA45F143E210	33E45EF00E4C4AE08494BA45F143E210	thumb	placeholder	https://proxy.archieven.nl/thumb/235/33E45EF00E4C4AE08494BA45F143E210
ED09C6923E184DA29E8DC03648A03A93	ED09C6923E184DA29E8DC03648A03A93	thumb	placeholder	https://proxy.archieven.nl/thumb/235/ED09C6923E184DA29E8DC03648A03A93
93B85B8BC8544C56B446C52F9CC84156	93B85B8BC8544C56B446C52F9CC84156	thumb	placeholder	https://proxy.archieven.nl/thumb/235/93B85B8BC8544C56B446C52F9CC84156
44F5482811C541268627D69414429EAF	44F5482811C541268627D69414429EAF	thumb	placeholder	https://proxy.archieven.nl/thumb/235/44F5482811C541268627D69414429EAF
696E1176331B4D3E8DCA56DF21129B5A	696E1176331B4D3E8DCA56DF21129B5A	thumb	placeholder	https://proxy.archieven.nl/thumb/235/696E1176331B4D3E8DCA56DF21129B5A
1C8C1DA3FA734C588602405C0DA5013C	1C8C1DA3FA734C588602405C0DA5013C	thumb	placeholder	https://proxy.archieven.nl/thumb/235/1C8C1DA3FA734C588602405C0DA5013C
397158F95D444633AAC5653E6B80969A	397158F95D444633AAC5653E6B80969A	thumb	placeholder	https://proxy.archieven.nl/thumb/235/397158F95D444633AAC5653E6B80969A
1880D7899C5E491BBAE40B33B24F045D	1880D7899C5E491BBAE40B33B24F045D	thumb	placeholder	https://proxy.archieven.nl/thumb/235/1880D7899C5E491BBAE40B33B24F045D
491F71A639964D26BFC1CDD957151684	491F71A639964D26BFC1CDD957151684	thumb	placeholder	https://proxy.archieven.nl/thumb/235/491F71A639964D26BFC1CDD957151684
010F1B4E8B4F4F7FBD3AC323F45B1979	010F1B4E8B4F4F7FBD3AC323F45B1979	thumb	placeholder	https://proxy.archieven.nl/thumb/235/010F1B4E8B4F4F7FBD3AC323F45B1979
6D88C6AD47A4480B98B08483D05F1D5D	6D88C6AD47A4480B98B08483D05F1D5D	thumb	placeholder	https://proxy.archieven.nl/thumb/235/6D88C6AD47A4480B98B08483D05F1D5D
8ED14DB6E43741E8B1652C2F22CB0DCD	8ED14DB6E43741E8B1652C2F22CB0DCD	thumb	placeholder	https://proxy.archieven.nl/thumb/235/8ED14DB6E43741E8B1652C2F22CB0DCD
4DA5203202CF43489C731F7E4BA23069	4DA5203202CF43489C731F7E4BA23069	thumb	placeholder	https://proxy.archieven.nl/thumb/235/4DA5203202CF43489C731F7E4BA23069
C8165D0062ED47A0967AB9A4EDE90B2D	C8165D0062ED47A0967AB9A4EDE90B2D	thumb	placeholder	https://proxy.archieven.nl/thumb/235/C8165D0062ED47A0967AB9A4EDE90B2D
2671010ACC034F63B2387E8616618520	2671010ACC034F63B2387E8616618520	thumb	placeholder	https://proxy.archieven.nl/thumb/235/2671010ACC034F63B2387E8616618520
D9F2B22BFF44481FA01B0DC08153A9B0	D9F2B22BFF44481FA01B0DC08153A9B0	thumb	placeholder	https://proxy.archieven.nl/thumb/235/D9F2B22BFF44481FA01B0DC08153A9B0
D223DBCDF5B3486A99153BF4D677B4E3	D223DBCDF5B3486A99153BF4D677B4E3	thumb	placeholder	https://proxy.archieven.nl/thumb/235/D223DBCDF5B3486A99153BF4D677B4E3
EBEFFF398FF143648A4B0FD89F2A8566	EBEFFF398FF143648A4B0FD89F2A8566	thumb	placeholder	https://proxy.archieven.nl/thumb/235/EBEFFF398FF143648A4B0FD89F2A8566
A653CDC7BB55458899BC98F5DFBD66F4	A653CDC7BB55458899BC98F5DFBD66F4	thumb	placeholder	https://proxy.archieven.nl/thumb/235/A653CDC7BB55458899BC98F5DFBD66F4
DE73E1AA47D24B1C83B2A52F796EDCA3	DE73E1AA47D24B1C83B2A52F796EDCA3	thumb	placeholder	https://proxy.archieven.nl/thumb/235/DE73E1AA47D24B1C83B2A52F796EDCA3
18D17A58B97243C4999F931839C3B04F	18D17A58B97243C4999F931839C3B04F	thumb	placeholder	https://proxy.archieven.nl/thumb/235/18D17A58B97243C4999F931839C3B04F
5A17BDD5F3C14440B519EEF5B1CB01BC	5A17BDD5F3C14440B519EEF5B1CB01BC	thumb	placeholder	https://proxy.archieven.nl/thumb/235/5A17BDD5F3C14440B519EEF5B1CB01BC
5AA5613BE4384CEA8CBF80D185136ED3	5AA5613BE4384CEA8CBF80D185136ED3	thumb	placeholder	https://proxy.archieven.nl/thumb/235/5AA5613BE4384CEA8CBF80D185136ED3
0109D2C1C3FB4473B5350A0E55411B0F	0109D2C1C3FB4473B5350A0E55411B0F	thumb	placeholder	https://proxy.archieven.nl/thumb/235/0109D2C1C3FB4473B5350A0E55411B0F
7BFA9E1002FA40AE9CCD8327A531527D	7BFA9E1002FA40AE9CCD8327A531527D	thumb	placeholder	https://proxy.archieven.nl/thumb/235/7BFA9E1002FA40AE9CCD8327A531527D
B2A63EDF8D8244B398FCDEA2888CE408	B2A63EDF8D8244B398FCDEA2888CE408	thumb	placeholder	https://proxy.archieven.nl/thumb/235/B2A63EDF8D8244B398FCDEA2888CE408
134A3AFC22A3406CA734A97C2F35D3F8	134A3AFC22A3406CA734A97C2F35D3F8	thumb	placeholder	https://proxy.archieven.nl/thumb/235/134A3AFC22A3406CA734A97C2F35D3F8
79F040938F6C459BBC9E3E4AF27D3FBE	79F040938F6C459BBC9E3E4AF27D3FBE	thumb	placeholder	https://proxy.archieven.nl/thumb/235/79F040938F6C459BBC9E3E4AF27D3FBE
32EAE32ADDA0446B9B39FAA09610DE72	32EAE32ADDA0446B9B39FAA09610DE72	thumb	placeholder	https://proxy.archieven.nl/thumb/235/32EAE32ADDA0446B9B39FAA09610DE72
3DBAF5E25969426DA13242A243FAB7E9	3DBAF5E25969426DA13242A243FAB7E9	thumb	placeholder	https://proxy.archieven.nl/thumb/235/3DBAF5E25969426DA13242A243FAB7E9
2B35F6BB2AF246AE950F33768D044B65	2B35F6BB2AF246AE950F33768D044B65	thumb	placeholder	https://proxy.archieven.nl/thumb/235/2B35F6BB2AF246AE950F33768D044B65
87028200BDD7400686560F6829E0E7E6	87028200BDD7400686560F6829E0E7E6	thumb	placeholder	https://proxy.archieven.nl/thumb/235/87028200BDD7400686560F6829E0E7E6
9D51B1D70E6B4014BB288583DF19E9DF	9D51B1D70E6B4014BB288583DF19E9DF	thumb	placeholder	https://proxy.archieven.nl/thumb/235/9D51B1D70E6B4014BB288583DF19E9DF
6E34096F57E746F5961B6F87D5518E55	6E34096F57E746F5961B6F87D5518E55	thumb	placeholder	https://proxy.archieven.nl/thumb/235/6E34096F57E746F5961B6F87D5518E55
80D64A22C6BE40A38F6C35F86D427373	80D64A22C6BE40A38F6C35F86D427373	thumb	placeholder	https://proxy.archieven.nl/thumb/235/80D64A22C6BE40A38F6C35F86D427373
5BAD6E486DB741CE93876DBDD3ADB9CB	5BAD6E486DB741CE93876DBDD3ADB9CB	thumb	placeholder	https://proxy.archieven.nl/thumb/235/5BAD6E486DB741CE93876DBDD3ADB9CB
8E5EB19B65A24CB1995808C4F21B11CF	8E5EB19B65A24CB1995808C4F21B11CF	thumb	placeholder	https://proxy.archieven.nl/thumb/235/8E5EB19B65A24CB1995808C4F21B11CF
D00AC381AF4E4C7A8975BC4C5D482399	D00AC381AF4E4C7A8975BC4C5D482399	thumb	placeholder	https://proxy.archieven.nl/thumb/235/D00AC381AF4E4C7A8975BC4C5D482399
FD8944B2431F45FDBFC47A0336553CC4	FD8944B2431F45FDBFC47A0336553CC4	thumb	placeholder	https://proxy.archieven.nl/thumb/235/FD8944B2431F45FDBFC47A0336553CC4
D99FC9AB557D42A6841E88C0EECD83BA	D99FC9AB557D42A6841E88C0EECD83BA	thumb	placeholder	https://proxy.archieven.nl/thumb/235/D99FC9AB557D42A6841E88C0EECD83BA
F3DA1A3137DA47F89CD31545A089DAE4	F3DA1A3137DA47F89CD31545A089DAE4	thumb	placeholder	https://proxy.archieven.nl/thumb/235/F3DA1A3137DA47F89CD31545A089DAE4
F75E43DD170149F48B5C57A43B8A370E	F75E43DD170149F48B5C57A43B8A370E	thumb	placeholder	https://proxy.archieven.nl/thumb/235/F75E43DD170149F48B5C57A43B8A370E
843B95C5AD754410B7A299A650B3ABF7	843B95C5AD754410B7A299A650B3ABF7	thumb	placeholder	https://proxy.archieven.nl/thumb/235/843B95C5AD754410B7A299A650B3ABF7
134F4FF770AD43F0A9DF93B87BA3A0C3	134F4FF770AD43F0A9DF93B87BA3A0C3	thumb	placeholder	https://proxy.archieven.nl/thumb/235/134F4FF770AD43F0A9DF93B87BA3A0C3
E69BDC798B8940B194E25E2FCF94000E	E69BDC798B8940B194E25E2FCF94000E	thumb	placeholder	https://proxy.archieven.nl/thumb/235/E69BDC798B8940B194E25E2FCF94000E
5A7280607BB340CAB2066D4A28894C67	5A7280607BB340CAB2066D4A28894C67	thumb	placeholder	https://proxy.archieven.nl/thumb/235/5A7280607BB340CAB2066D4A28894C67
2E334FE0CA55444E96C9B900C8E6FA25	2E334FE0CA55444E96C9B900C8E6FA25	thumb	placeholder	https://proxy.archieven.nl/thumb/235/2E334FE0CA55444E96C9B900C8E6FA25
A06AA96FEFE34400A348E6115B5FEF5F	A06AA96FEFE34400A348E6115B5FEF5F	thumb	placeholder	https://proxy.archieven.nl/thumb/235/A06AA96FEFE34400A348E6115B5FEF5F
26458EB705F24A1BA86BE780E4DA5560	26458EB705F24A1BA86BE780E4DA5560	thumb	placeholder	https://proxy.archieven.nl/thumb/235/26458EB705F24A1BA86BE780E4DA5560
61FBEE3D99C0474BA442118EE6CDCF71	61FBEE3D99C0474BA442118EE6CDCF71	thumb	placeholder	https://proxy.archieven.nl/thumb/235/61FBEE3D99C0474BA442118EE6CDCF71
AC14A75BE54543B7AB8819C75DB5203F	AC14A75BE54543B7AB8819C75DB5203F	thumb	placeholder	https://proxy.archieven.nl/thumb/235/AC14A75BE54543B7AB8819C75DB5203F
90C8F1B975B04F28B3F3B719EE6C4AC7	90C8F1B975B04F28B3F3B719EE6C4AC7	thumb	placeholder	https://proxy.archieven.nl/thumb/235/90C8F1B975B04F28B3F3B719EE6C4AC7
3A2B318061E04DA8AA51173CED44C953	3A2B318061E04DA8AA51173CED44C953	thumb	placeholder	https://proxy.archieven.nl/thumb/235/3A2B318061E04DA8AA51173CED44C953
F503B0065A9F429BA598423B9B561107	F503B0065A9F429BA598423B9B561107	thumb	placeholder	https://proxy.archieven.nl/thumb/235/F503B0065A9F429BA598423B9B561107
58781E7ACD564FF7AE78A20979A39EE6	58781E7ACD564FF7AE78A20979A39EE6	thumb	placeholder	https://proxy.archieven.nl/thumb/235/58781E7ACD564FF7AE78A20979A39EE6
866D3ABFA1174DB7A2CA28A58EEEE806	866D3ABFA1174DB7A2CA28A58EEEE806	thumb	placeholder	https://proxy.archieven.nl/thumb/235/866D3ABFA1174DB7A2CA28A58EEEE806
D94449CB2C09415DBDBFFBABF4DEEDAF	D94449CB2C09415DBDBFFBABF4DEEDAF	thumb	placeholder	https://proxy.archieven.nl/thumb/235/D94449CB2C09415DBDBFFBABF4DEEDAF
529386DF9A4247CB8059EEB94173F190	529386DF9A4247CB8059EEB94173F190	thumb	placeholder	https://proxy.archieven.nl/thumb/235/529386DF9A4247CB8059EEB94173F190
DD7CE33240874FA28EE914992B7F3096	DD7CE33240874FA28EE914992B7F3096	thumb	placeholder	https://proxy.archieven.nl/thumb/235/DD7CE33240874FA28EE914992B7F3096
7842C78DC8BD4FA293B98A71C4BF0BDA	7842C78DC8BD4FA293B98A71C4BF0BDA	thumb	placeholder	https://proxy.archieven.nl/thumb/235/7842C78DC8BD4FA293B98A71C4BF0BDA
F15682CC926E49299B20DAC5BFE26FB4	F15682CC926E49299B20DAC5BFE26FB4	thumb	placeholder	https://proxy.archieven.nl/thumb/235/F15682CC926E49299B20DAC5BFE26FB4
A40328A229EB4139BBC6B39984F00A59	A40328A229EB4139BBC6B39984F00A59	thumb	placeholder	https://proxy.archieven.nl/thumb/235/A40328A229EB4139BBC6B39984F00A59
C446702ABECB43969E12281F77392A20	C446702ABECB43969E12281F77392A20	thumb	placeholder	https://proxy.archieven.nl/thumb/235/C446702ABECB43969E12281F77392A20
6773E43CF7614334A1ED04E5159E5D41	6773E43CF7614334A1ED04E5159E5D41	thumb	placeholder	https://proxy.archieven.nl/thumb/235/6773E43CF7614334A1ED04E5159E5D41
8CF0439C5A684A448CC8A03DE01106F0	8CF0439C5A684A448CC8A03DE01106F0	thumb	placeholder	https://proxy.archieven.nl/thumb/235/8CF0439C5A684A448CC8A03DE01106F0
DB5F1CBFBA574A0BBAF4B96392B6203D	DB5F1CBFBA574A0BBAF4B96392B6203D	thumb	placeholder	https://proxy.archieven.nl/thumb/235/DB5F1CBFBA574A0BBAF4B96392B6203D
D7EE8FDCBBA949BF9F0E993260E8DD40	D7EE8FDCBBA949BF9F0E993260E8DD40	thumb	placeholder	https://proxy.archieven.nl/thumb/235/D7EE8FDCBBA949BF9F0E993260E8DD40
DF374554516545AF84527A135FB627A0	DF374554516545AF84527A135FB627A0	thumb	placeholder	https://proxy.archieven.nl/thumb/235/DF374554516545AF84527A135FB627A0
AD5F82EBED9C4264BD1E08F6394245DE	AD5F82EBED9C4264BD1E08F6394245DE	thumb	placeholder	https://proxy.archieven.nl/thumb/235/AD5F82EBED9C4264BD1E08F6394245DE
10B9AB8F626249269381530234A10156	10B9AB8F626249269381530234A10156	thumb	placeholder	https://proxy.archieven.nl/thumb/235/10B9AB8F626249269381530234A10156
36A3B47065C643D798A38CFF03824759	36A3B47065C643D798A38CFF03824759	thumb	placeholder	https://proxy.archieven.nl/thumb/235/36A3B47065C643D798A38CFF03824759
FB6309CC469A4E08965AAFB9DE546FDE	FB6309CC469A4E08965AAFB9DE546FDE	thumb	placeholder	https://proxy.archieven.nl/thumb/235/FB6309CC469A4E08965AAFB9DE546FDE
E99484CA68E94CF48380E03DA8802F09	E99484CA68E94CF48380E03DA8802F09	thumb	placeholder	https://proxy.archieven.nl/thumb/235/E99484CA68E94CF48380E03DA8802F09
FB2646C206B14D3892D1E30C0FFA8CDA	FB2646C206B14D3892D1E30C0FFA8CDA	thumb	placeholder	https://proxy.archieven.nl/thumb/235/FB2646C206B14D3892D1E30C0FFA8CDA
F588FA72506F4D0B9A9BC77ABFAD939D	F588FA72506F4D0B9A9BC77ABFAD939D	thumb	placeholder	https://proxy.archieven.nl/thumb/235/F588FA72506F4D0B9A9BC77ABFAD939D
F03490B547F54CC4B14EF23B5FB1770B	F03490B547F54CC4B14EF23B5FB1770B	thumb	placeholder	https://proxy.archieven.nl/thumb/235/F03490B547F54CC4B14EF23B5FB1770B
F948AFF39D7D4D9B8A7FEF05228F706A	F948AFF39D7D4D9B8A7FEF05228F706A	thumb	placeholder	https://proxy.archieven.nl/thumb/235/F948AFF39D7D4D9B8A7FEF05228F706A
43F45BFDC89446E990433126AE60C801	43F45BFDC89446E990433126AE60C801	thumb	placeholder	https://proxy.archieven.nl/thumb/235/43F45BFDC89446E990433126AE60C801
2484E007AE41492AB46AAA1F104E6DD0	2484E007AE41492AB46AAA1F104E6DD0	thumb	placeholder	https://proxy.archieven.nl/thumb/235/2484E007AE41492AB46AAA1F104E6DD0
21F4BF36B20042078BE48D0F45F01011	21F4BF36B20042078BE48D0F45F01011	thumb	placeholder	https://proxy.archieven.nl/thumb/235/21F4BF36B20042078BE48D0F45F01011
C41B600E59284105B82D54C531A29AEE	C41B600E59284105B82D54C531A29AEE	thumb	placeholder	https://proxy.archieven.nl/thumb/235/C41B600E59284105B82D54C531A29AEE
01E81F5BF1AC4ED2A60FD89F76109739	01E81F5BF1AC4ED2A60FD89F76109739	thumb	placeholder	https://proxy.archieven.nl/thumb/235/01E81F5BF1AC4ED2A60FD89F76109739
CB94E1B268FC41659256900F346864FB	CB94E1B268FC41659256900F346864FB	thumb	placeholder	https://proxy.archieven.nl/thumb/235/CB94E1B268FC41659256900F346864FB
1E19BB1996354D1B8D131F453FCF3E89	1E19BB1996354D1B8D131F453FCF3E89	thumb	placeholder	https://proxy.archieven.nl/thumb/235/1E19BB1996354D1B8D131F453FCF3E89
7A7F54B9D9924A498DF0EEC8628EEB14	7A7F54B9D9924A498DF0EEC8628EEB14	thumb	placeholder	https://proxy.archieven.nl/thumb/235/7A7F54B9D9924A498DF0EEC8628EEB14
2715CFFE7D33439F891BC17AD975AA2A	2715CFFE7D33439F891BC17AD975AA2A	thumb	placeholder	https://proxy.archieven.nl/thumb/235/2715CFFE7D33439F891BC17AD975AA2A
733CA2FB456942E1B4DDC00E0D5CC38A	733CA2FB456942E1B4DDC00E0D5CC38A	thumb	placeholder	https://proxy.archieven.nl/thumb/235/733CA2FB456942E1B4DDC00E0D5CC38A
0FD3A5C70CA2402993E1435A36E6566E	0FD3A5C70CA2402993E1435A36E6566E	thumb	placeholder	https://proxy.archieven.nl/thumb/235/0FD3A5C70CA2402993E1435A36E6566E
D1EC9D11A07044378515AD127B1CF8C5	D1EC9D11A07044378515AD127B1CF8C5	thumb	placeholder	https://proxy.archieven.nl/thumb/235/D1EC9D11A07044378515AD127B1CF8C5
C7FE68BD331042BCABEE51B9DF361062	C7FE68BD331042BCABEE51B9DF361062	thumb	placeholder	https://proxy.archieven.nl/thumb/235/C7FE68BD331042BCABEE51B9DF361062
18DEFE234E234F908EEF8850F3F95F5A	18DEFE234E234F908EEF8850F3F95F5A	thumb	placeholder	https://proxy.archieven.nl/thumb/235/18DEFE234E234F908EEF8850F3F95F5A
CB98FAC69BC4406CA9415E361D8F1B12	CB98FAC69BC4406CA9415E361D8F1B12	thumb	placeholder	https://proxy.archieven.nl/thumb/235/CB98FAC69BC4406CA9415E361D8F1B12
A8F0937E82724D64BAD8A6D3E48770D3	A8F0937E82724D64BAD8A6D3E48770D3	thumb	placeholder	https://proxy.archieven.nl/thumb/235/A8F0937E82724D64BAD8A6D3E48770D3
834A41B8CAB94D02ABDA7A6B17471470	834A41B8CAB94D02ABDA7A6B17471470	thumb	placeholder	https://proxy.archieven.nl/thumb/235/834A41B8CAB94D02ABDA7A6B17471470
D6CF68D2747A459482C36D41BF88C58F	D6CF68D2747A459482C36D41BF88C58F	thumb	placeholder	https://proxy.archieven.nl/thumb/235/D6CF68D2747A459482C36D41BF88C58F
EE102C4E64BB42D69E6BD6C6CB40D266	EE102C4E64BB42D69E6BD6C6CB40D266	thumb	placeholder	https://proxy.archieven.nl/thumb/235/EE102C4E64BB42D69E6BD6C6CB40D266
92EBC2089FB84616B75B74E26C2537DE	92EBC2089FB84616B75B74E26C2537DE	thumb	placeholder	https://proxy.archieven.nl/thumb/235/92EBC2089FB84616B75B74E26C2537DE
C07CDF4AFBF640B28A03ABE32F87DE5F	C07CDF4AFBF640B28A03ABE32F87DE5F	thumb	placeholder	https://proxy.archieven.nl/thumb/235/C07CDF4AFBF640B28A03ABE32F87DE5F
3694EDD77BDD4480988FEC0B8B708A83	3694EDD77BDD4480988FEC0B8B708A83	thumb	placeholder	https://proxy.archieven.nl/thumb/235/3694EDD77BDD4480988FEC0B8B708A83
5044BC3C3B8A433B93CD5E3719D1FAA2	5044BC3C3B8A433B93CD5E3719D1FAA2	thumb	placeholder	https://proxy.archieven.nl/thumb/235/5044BC3C3B8A433B93CD5E3719D1FAA2
395C1D10530C4BCFA196DDF1EA21CDF7	395C1D10530C4BCFA196DDF1EA21CDF7	thumb	placeholder	https://proxy.archieven.nl/thumb/235/395C1D10530C4BCFA196DDF1EA21CDF7
A6B2C2FD8E93419CB31D01EA456A4379	A6B2C2FD8E93419CB31D01EA456A4379	thumb	placeholder	https://proxy.archieven.nl/thumb/235/A6B2C2FD8E93419CB31D01EA456A4379
964247C9C6DA481986EC151F3D0E970B	964247C9C6DA481986EC151F3D0E970B	thumb	placeholder	https://proxy.archieven.nl/thumb/235/964247C9C6DA481986EC151F3D0E970B
AEF43BF8153C4768A14E684949D98881	AEF43BF8153C4768A14E684949D98881	thumb	placeholder	https://proxy.archieven.nl/thumb/235/AEF43BF8153C4768A14E684949D98881
3E736755022B44D992F5D310C2A5BF1A	3E736755022B44D992F5D310C2A5BF1A	thumb	placeholder	https://proxy.archieven.nl/thumb/235/3E736755022B44D992F5D310C2A5BF1A
DDFB3AAED6A74CC399A1852FA864B1D1	DDFB3AAED6A74CC399A1852FA864B1D1	thumb	placeholder	https://proxy.archieven.nl/thumb/235/DDFB3AAED6A74CC399A1852FA864B1D1
6F9DFAEA9A5C40968A60428510A162F5	6F9DFAEA9A5C40968A60428510A162F5	thumb	placeholder	https://proxy.archieven.nl/thumb/235/6F9DFAEA9A5C40968A60428510A162F5
C828FF8622B64FAA80A04E82BCDBB9A5	C828FF8622B64FAA80A04E82BCDBB9A5	thumb	placeholder	https://proxy.archieven.nl/thumb/235/C828FF8622B64FAA80A04E82BCDBB9A5
6C93015627794698892F64EB80E1A738	6C93015627794698892F64EB80E1A738	thumb	placeholder	https://proxy.archieven.nl/thumb/235/6C93015627794698892F64EB80E1A738
6C5BCDF9541E4277A6F7313885D396CC	6C5BCDF9541E4277A6F7313885D396CC	thumb	placeholder	https://proxy.archieven.nl/thumb/235/6C5BCDF9541E4277A6F7313885D396CC
2D48370655064D83B3B015D88EE86E88	2D48370655064D83B3B015D88EE86E88	thumb	placeholder	https://proxy.archieven.nl/thumb/235/2D48370655064D83B3B015D88EE86E88
08675235D8CE439B9FA3D5CF1C100641	08675235D8CE439B9FA3D5CF1C100641	thumb	placeholder	https://proxy.archieven.nl/thumb/235/08675235D8CE439B9FA3D5CF1C100641
41977150F4C0448B84C91065B04912B0	41977150F4C0448B84C91065B04912B0	thumb	placeholder	https://proxy.archieven.nl/thumb/235/41977150F4C0448B84C91065B04912B0
1BD468D9B47445AAAB0FDD95EE388384	1BD468D9B47445AAAB0FDD95EE388384	thumb	placeholder	https://proxy.archieven.nl/thumb/235/1BD468D9B47445AAAB0FDD95EE388384
4CA3A402070E41169254AF7C195A3376	4CA3A402070E41169254AF7C195A3376	thumb	placeholder	https://proxy.archieven.nl/thumb/235/4CA3A402070E41169254AF7C195A3376
87A4755980F747D1B8DC673FB2DB6DB0	87A4755980F747D1B8DC673FB2DB6DB0	thumb	placeholder	https://proxy.archieven.nl/thumb/235/87A4755980F747D1B8DC673FB2DB6DB0
0FC8FC5D47F94D9589EA1C7231A05F2B	0FC8FC5D47F94D9589EA1C7231A05F2B	thumb	placeholder	https://proxy.archieven.nl/thumb/235/0FC8FC5D47F94D9589EA1C7231A05F2B
79F6A4378E7A4D18AA9705ED7E9F119B	79F6A4378E7A4D18AA9705ED7E9F119B	thumb	placeholder	https://proxy.archieven.nl/thumb/235/79F6A4378E7A4D18AA9705ED7E9F119B
81411FB926A24105BE42072618E53797	81411FB926A24105BE42072618E53797	thumb	placeholder	https://proxy.archieven.nl/thumb/235/81411FB926A24105BE42072618E53797
ED28F3751B6C4625B5BAB243CA4A9E68	ED28F3751B6C4625B5BAB243CA4A9E68	thumb	placeholder	https://proxy.archieven.nl/thumb/235/ED28F3751B6C4625B5BAB243CA4A9E68
B0E68E55572244B1A8B0B4556D7BE639	B0E68E55572244B1A8B0B4556D7BE639	thumb	placeholder	https://proxy.archieven.nl/thumb/235/B0E68E55572244B1A8B0B4556D7BE639
D7BC51B8C5DD4C859AF4C5135B634E87	D7BC51B8C5DD4C859AF4C5135B634E87	thumb	placeholder	https://proxy.archieven.nl/thumb/235/D7BC51B8C5DD4C859AF4C5135B634E87
B86788AFCA024C1A9405E9349E3F22B2	B86788AFCA024C1A9405E9349E3F22B2	thumb	placeholder	https://proxy.archieven.nl/thumb/235/B86788AFCA024C1A9405E9349E3F22B2
6BEBD3BE18104EF098E601F12851586B	6BEBD3BE18104EF098E601F12851586B	thumb	placeholder	https://proxy.archieven.nl/thumb/235/6BEBD3BE18104EF098E601F12851586B
11E5B6C1417242D39A535606689D719B	11E5B6C1417242D39A535606689D719B	thumb	placeholder	https://proxy.archieven.nl/thumb/235/11E5B6C1417242D39A535606689D719B
AF7C107DFA9D45828F6524AE86C0CD4A	AF7C107DFA9D45828F6524AE86C0CD4A	thumb	placeholder	https://proxy.archieven.nl/thumb/235/AF7C107DFA9D45828F6524AE86C0CD4A
EA9D5A7EC33442F091ABE5CD55216D1B	EA9D5A7EC33442F091ABE5CD55216D1B	thumb	placeholder	https://proxy.archieven.nl/thumb/235/EA9D5A7EC33442F091ABE5CD55216D1B
3106C82B01B740B697E46C52BA21483B	3106C82B01B740B697E46C52BA21483B	thumb	placeholder	https://proxy.archieven.nl/thumb/235/3106C82B01B740B697E46C52BA21483B
51ECC8F5259E4DDFA9E077EF796D6E7A	51ECC8F5259E4DDFA9E077EF796D6E7A	thumb	placeholder	https://proxy.archieven.nl/thumb/235/51ECC8F5259E4DDFA9E077EF796D6E7A
8CEA703762E14F5AB609834E63B697C1	8CEA703762E14F5AB609834E63B697C1	thumb	placeholder	https://proxy.archieven.nl/thumb/235/8CEA703762E14F5AB609834E63B697C1
38B2B346CEEF474BBA41E85B1F49838C	38B2B346CEEF474BBA41E85B1F49838C	thumb	placeholder	https://proxy.archieven.nl/thumb/235/38B2B346CEEF474BBA41E85B1F49838C
199632E2E1DD41AE9E0EDA7E0D5A3715	199632E2E1DD41AE9E0EDA7E0D5A3715	thumb	placeholder	https://proxy.archieven.nl/thumb/235/199632E2E1DD41AE9E0EDA7E0D5A3715
EBD92E9ADF554E29ACCC8E3E9781FBA0	EBD92E9ADF554E29ACCC8E3E9781FBA0	thumb	placeholder	https://proxy.archieven.nl/thumb/235/EBD92E9ADF554E29ACCC8E3E9781FBA0
749407B97EB34E9CB79EBB85BBF72B96	749407B97EB34E9CB79EBB85BBF72B96	thumb	placeholder	https://proxy.archieven.nl/thumb/235/749407B97EB34E9CB79EBB85BBF72B96
C41763BB7FE34D3D96465CD8E63E9069	C41763BB7FE34D3D96465CD8E63E9069	thumb	placeholder	https://proxy.archieven.nl/thumb/235/C41763BB7FE34D3D96465CD8E63E9069
B2F1D56DE4AB4B9D8F773BC729442AFD	B2F1D56DE4AB4B9D8F773BC729442AFD	thumb	placeholder	https://proxy.archieven.nl/thumb/235/B2F1D56DE4AB4B9D8F773BC729442AFD
662678FD96974CF5B3A706E6E67453A3	662678FD96974CF5B3A706E6E67453A3	thumb	placeholder	https://proxy.archieven.nl/thumb/235/662678FD96974CF5B3A706E6E67453A3
B791289622FC49BEA95972DDD0B38EF4	B791289622FC49BEA95972DDD0B38EF4	thumb	placeholder	https://proxy.archieven.nl/thumb/235/B791289622FC49BEA95972DDD0B38EF4
14DD864D26614CF2B0B3D3ACFCE2E69F	14DD864D26614CF2B0B3D3ACFCE2E69F	thumb	placeholder	https://proxy.archieven.nl/thumb/235/14DD864D26614CF2B0B3D3ACFCE2E69F
AEADCC80B32546BEB16CBDB68375643E	AEADCC80B32546BEB16CBDB68375643E	thumb	placeholder	https://proxy.archieven.nl/thumb/235/AEADCC80B32546BEB16CBDB68375643E
80BF948B8D8A4E08BE7F397596700B66	80BF948B8D8A4E08BE7F397596700B66	thumb	placeholder	https://proxy.archieven.nl/thumb/235/80BF948B8D8A4E08BE7F397596700B66
6DFBA8CDBD7943A68915EBAED554CA88	6DFBA8CDBD7943A68915EBAED554CA88	thumb	placeholder	https://proxy.archieven.nl/thumb/235/6DFBA8CDBD7943A68915EBAED554CA88
EA18648BAD0C49F88820DC84602E3130	EA18648BAD0C49F88820DC84602E3130	thumb	placeholder	https://proxy.archieven.nl/thumb/235/EA18648BAD0C49F88820DC84602E3130
34914BDCB0144A97AA12F3E36B2CAB36	34914BDCB0144A97AA12F3E36B2CAB36	thumb	placeholder	https://proxy.archieven.nl/thumb/235/34914BDCB0144A97AA12F3E36B2CAB36
8E9B82AE045C4042AE56E84C504A8B8A	8E9B82AE045C4042AE56E84C504A8B8A	thumb	placeholder	https://proxy.archieven.nl/thumb/235/8E9B82AE045C4042AE56E84C504A8B8A
E4618795211A4080BB4773B77BCA553F	E4618795211A4080BB4773B77BCA553F	thumb	placeholder	https://proxy.archieven.nl/thumb/235/E4618795211A4080BB4773B77BCA553F
9D9A2F9C91874AADA2F4822AD6D35556	9D9A2F9C91874AADA2F4822AD6D35556	thumb	placeholder	https://proxy.archieven.nl/thumb/235/9D9A2F9C91874AADA2F4822AD6D35556
2EDF32C1D4F14CB4A3E1A0F83356730D	2EDF32C1D4F14CB4A3E1A0F83356730D	thumb	placeholder	https://proxy.archieven.nl/thumb/235/2EDF32C1D4F14CB4A3E1A0F83356730D
202CF56730A04D6EA5EDB3B561B3337B	202CF56730A04D6EA5EDB3B561B3337B	thumb	placeholder	https://proxy.archieven.nl/thumb/235/202CF56730A04D6EA5EDB3B561B3337B
E23B7B93EEB74D918B23FD15D4BD1B39	E23B7B93EEB74D918B23FD15D4BD1B39	thumb	placeholder	https://proxy.archieven.nl/thumb/235/E23B7B93EEB74D918B23FD15D4BD1B39
2BD1DEEB2F324E13BE7B016BF5EB3B33	2BD1DEEB2F324E13BE7B016BF5EB3B33	thumb	placeholder	https://proxy.archieven.nl/thumb/235/2BD1DEEB2F324E13BE7B016BF5EB3B33
755976D3D62B4F99BE97D898F7F42980	755976D3D62B4F99BE97D898F7F42980	thumb	placeholder	https://proxy.archieven.nl/thumb/235/755976D3D62B4F99BE97D898F7F42980
9D9AB05FD0884B6496031D36C9DA0C7C	9D9AB05FD0884B6496031D36C9DA0C7C	thumb	placeholder	https://proxy.archieven.nl/thumb/235/9D9AB05FD0884B6496031D36C9DA0C7C
78018F7B85404B89BD4FAE02DEF1433C	78018F7B85404B89BD4FAE02DEF1433C	thumb	placeholder	https://proxy.archieven.nl/thumb/235/78018F7B85404B89BD4FAE02DEF1433C
D7CE16015BDD497E9E474DE8133ED66E	D7CE16015BDD497E9E474DE8133ED66E	thumb	placeholder	https://proxy.archieven.nl/thumb/235/D7CE16015BDD497E9E474DE8133ED66E
D470E4639D1C4D0D92AF4754290DD774	D470E4639D1C4D0D92AF4754290DD774	thumb	placeholder	https://proxy.archieven.nl/thumb/235/D470E4639D1C4D0D92AF4754290DD774
6E9E0AECEE4842AFAF36101A1E071633	6E9E0AECEE4842AFAF36101A1E071633	thumb	placeholder	https://proxy.archieven.nl/thumb/235/6E9E0AECEE4842AFAF36101A1E071633
C484B3974F604F18B969BE49447D9215	C484B3974F604F18B969BE49447D9215	thumb	placeholder	https://proxy.archieven.nl/thumb/235/C484B3974F604F18B969BE49447D9215
67100797E9CA437B957BCD7DEFDF3A67	67100797E9CA437B957BCD7DEFDF3A67	thumb	placeholder	https://proxy.archieven.nl/thumb/235/67100797E9CA437B957BCD7DEFDF3A67
71D6139DA66A41D69E7569D4BED3B1FF	71D6139DA66A41D69E7569D4BED3B1FF	thumb	placeholder	https://proxy.archieven.nl/thumb/235/71D6139DA66A41D69E7569D4BED3B1FF
DA58F413A3CB421FBFDCBDC562BF418D	DA58F413A3CB421FBFDCBDC562BF418D	thumb	placeholder	https://proxy.archieven.nl/thumb/235/DA58F413A3CB421FBFDCBDC562BF418D
9FC863187E444150A069933D065C5160	9FC863187E444150A069933D065C5160	thumb	placeholder	https://proxy.archieven.nl/thumb/235/9FC863187E444150A069933D065C5160
C2B5C8B7AEDC421284EC8E802BB32B67	C2B5C8B7AEDC421284EC8E802BB32B67	thumb	placeholder	https://proxy.archieven.nl/thumb/235/C2B5C8B7AEDC421284EC8E802BB32B67
21E60B0737644E69A703290E8B5D7D65	21E60B0737644E69A703290E8B5D7D65	thumb	placeholder	https://proxy.archieven.nl/thumb/235/21E60B0737644E69A703290E8B5D7D65
8B682BA1B1EC467682F5809C94C70B0F	8B682BA1B1EC467682F5809C94C70B0F	thumb	placeholder	https://proxy.archieven.nl/thumb/235/8B682BA1B1EC467682F5809C94C70B0F
202C1F45C7A9428FA076B384ABE9B277	202C1F45C7A9428FA076B384ABE9B277	thumb	placeholder	https://proxy.archieven.nl/thumb/235/202C1F45C7A9428FA076B384ABE9B277
C38E6F68AAC34555BAAF45D5D8B98119	C38E6F68AAC34555BAAF45D5D8B98119	thumb	placeholder	https://proxy.archieven.nl/thumb/235/C38E6F68AAC34555BAAF45D5D8B98119
630B1ABDCB2A4D7ABA76A207370E962D	630B1ABDCB2A4D7ABA76A207370E962D	thumb	placeholder	https://proxy.archieven.nl/thumb/235/630B1ABDCB2A4D7ABA76A207370E962D
0983673E47634D959E08A295D31C4EC4	0983673E47634D959E08A295D31C4EC4	thumb	placeholder	https://proxy.archieven.nl/thumb/235/0983673E47634D959E08A295D31C4EC4
EB72F379F67F41F48FD8F68C9A7DB979	EB72F379F67F41F48FD8F68C9A7DB979	thumb	placeholder	https://proxy.archieven.nl/thumb/235/EB72F379F67F41F48FD8F68C9A7DB979
4E23E3D0AB0D4896A203AFD2A1CCA211	4E23E3D0AB0D4896A203AFD2A1CCA211	thumb	placeholder	https://proxy.archieven.nl/thumb/235/4E23E3D0AB0D4896A203AFD2A1CCA211
F3AEC3FB317B47EFB974970C61E03168	F3AEC3FB317B47EFB974970C61E03168	thumb	placeholder	https://proxy.archieven.nl/thumb/235/F3AEC3FB317B47EFB974970C61E03168
169D3052F9FD4FDE9CFFEFEE0ECC4C90	169D3052F9FD4FDE9CFFEFEE0ECC4C90	thumb	placeholder	https://proxy.archieven.nl/thumb/235/169D3052F9FD4FDE9CFFEFEE0ECC4C90
0E3B8AD647AF420EB2E27798930DF28B	0E3B8AD647AF420EB2E27798930DF28B	thumb	placeholder	https://proxy.archieven.nl/thumb/235/0E3B8AD647AF420EB2E27798930DF28B
4686BB9B3D1A4C2B92018402450F2630	4686BB9B3D1A4C2B92018402450F2630	thumb	placeholder	https://proxy.archieven.nl/thumb/235/4686BB9B3D1A4C2B92018402450F2630
1E200C66D05E4C5FAE5E966F09815D47	1E200C66D05E4C5FAE5E966F09815D47	thumb	placeholder	https://proxy.archieven.nl/thumb/235/1E200C66D05E4C5FAE5E966F09815D47
971768781E9B450EB78EE9E1CDD91471	971768781E9B450EB78EE9E1CDD91471	thumb	placeholder	https://proxy.archieven.nl/thumb/235/971768781E9B450EB78EE9E1CDD91471
1D3B864F81CD4ADA97964B7381B6C841	1D3B864F81CD4ADA97964B7381B6C841	thumb	placeholder	https://proxy.archieven.nl/thumb/235/1D3B864F81CD4ADA97964B7381B6C841
1B944051CCD7467982CAACB1CC68791B	1B944051CCD7467982CAACB1CC68791B	thumb	placeholder	https://proxy.archieven.nl/thumb/235/1B944051CCD7467982CAACB1CC68791B
3DA4D666D93848DBBEF3393B283DF2E2	3DA4D666D93848DBBEF3393B283DF2E2	thumb	placeholder	https://proxy.archieven.nl/thumb/235/3DA4D666D93848DBBEF3393B283DF2E2
9AE9CA8B1667423BB352D66DE987EFBE	9AE9CA8B1667423BB352D66DE987EFBE	thumb	placeholder	https://proxy.archieven.nl/thumb/235/9AE9CA8B1667423BB352D66DE987EFBE
71E08C40F7054C1DBAABE4A88B23FD0F	71E08C40F7054C1DBAABE4A88B23FD0F	thumb	placeholder	https://proxy.archieven.nl/thumb/235/71E08C40F7054C1DBAABE4A88B23FD0F
A5C3C4DB2FAE4240830CCB63232F9BA9	A5C3C4DB2FAE4240830CCB63232F9BA9	thumb	placeholder	https://proxy.archieven.nl/thumb/235/A5C3C4DB2FAE4240830CCB63232F9BA9
72A97871335D49D6AD57F765C4B3BC31	72A97871335D49D6AD57F765C4B3BC31	thumb	placeholder	https://proxy.archieven.nl/thumb/235/72A97871335D49D6AD57F765C4B3BC31
435CCD1187D743559D240F927AEDC801	435CCD1187D743559D240F927AEDC801	thumb	placeholder	https://proxy.archieven.nl/thumb/235/435CCD1187D743559D240F927AEDC801
0D16790C27AE49DAABF8D1AB66D008D1	0D16790C27AE49DAABF8D1AB66D008D1	thumb	placeholder	https://proxy.archieven.nl/thumb/235/0D16790C27AE49DAABF8D1AB66D008D1
FD24E0A2A0EB4BE18CBC45149566369E	FD24E0A2A0EB4BE18CBC45149566369E	thumb	placeholder	https://proxy.archieven.nl/thumb/235/FD24E0A2A0EB4BE18CBC45149566369E
8D66703CB24E471FA98BC773F24FB3E2	8D66703CB24E471FA98BC773F24FB3E2	thumb	placeholder	https://proxy.archieven.nl/thumb/235/8D66703CB24E471FA98BC773F24FB3E2
79A42F7E61B04ACC8459E3529146C402	79A42F7E61B04ACC8459E3529146C402	thumb	placeholder	https://proxy.archieven.nl/thumb/235/79A42F7E61B04ACC8459E3529146C402
1373309596C8448B972E51BE53B53098	1373309596C8448B972E51BE53B53098	thumb	placeholder	https://proxy.archieven.nl/thumb/235/1373309596C8448B972E51BE53B53098
080C65B7B2B84AA98DDF012CB3464138	080C65B7B2B84AA98DDF012CB3464138	thumb	placeholder	https://proxy.archieven.nl/thumb/235/080C65B7B2B84AA98DDF012CB3464138
3214D789CCE949DD909938CF47138E5C	3214D789CCE949DD909938CF47138E5C	thumb	placeholder	https://proxy.archieven.nl/thumb/235/3214D789CCE949DD909938CF47138E5C
8846C4940700401B9FBE5B95EF6EBDD0	8846C4940700401B9FBE5B95EF6EBDD0	thumb	placeholder	https://proxy.archieven.nl/thumb/235/8846C4940700401B9FBE5B95EF6EBDD0
709237E4E09B4FBB80CD7CA3431EB7A6	709237E4E09B4FBB80CD7CA3431EB7A6	thumb	placeholder	https://proxy.archieven.nl/thumb/235/709237E4E09B4FBB80CD7CA3431EB7A6
B2B39B29DE8A48B2BC895656213C630A	B2B39B29DE8A48B2BC895656213C630A	thumb	placeholder	https://proxy.archieven.nl/thumb/235/B2B39B29DE8A48B2BC895656213C630A
E4CABEC2090B4DD0B92B5650CFB064A9	E4CABEC2090B4DD0B92B5650CFB064A9	thumb	placeholder	https://proxy.archieven.nl/thumb/235/E4CABEC2090B4DD0B92B5650CFB064A9
2C562815E5CA4E43B5D0783FF70ED6C4	2C562815E5CA4E43B5D0783FF70ED6C4	thumb	placeholder	https://proxy.archieven.nl/thumb/235/2C562815E5CA4E43B5D0783FF70ED6C4
4A587830952C44B28413BBAD1D4AF861	4A587830952C44B28413BBAD1D4AF861	thumb	placeholder	https://proxy.archieven.nl/thumb/235/4A587830952C44B28413BBAD1D4AF861
F074BD65451544A893C67091F06B0512	F074BD65451544A893C67091F06B0512	thumb	placeholder	https://proxy.archieven.nl/thumb/235/F074BD65451544A893C67091F06B0512
3F6BA62AB1334AF39359FF2BE2BB8015	3F6BA62AB1334AF39359FF2BE2BB8015	thumb	placeholder	https://proxy.archieven.nl/thumb/235/3F6BA62AB1334AF39359FF2BE2BB8015
1E570E12E4B94EBE84C5B2EE9DBECCB2	1E570E12E4B94EBE84C5B2EE9DBECCB2	thumb	placeholder	https://proxy.archieven.nl/thumb/235/1E570E12E4B94EBE84C5B2EE9DBECCB2
B7004B251115479D9C7289F4863B3FED	B7004B251115479D9C7289F4863B3FED	thumb	placeholder	https://proxy.archieven.nl/thumb/235/B7004B251115479D9C7289F4863B3FED
5A2E63AA98E941B5AECD437900B62612	5A2E63AA98E941B5AECD437900B62612	thumb	placeholder	https://proxy.archieven.nl/thumb/235/5A2E63AA98E941B5AECD437900B62612
B36D4AB4728D467FBE87B24D6E144AB0	B36D4AB4728D467FBE87B24D6E144AB0	thumb	placeholder	https://proxy.archieven.nl/thumb/235/B36D4AB4728D467FBE87B24D6E144AB0
5DCA83B2F6334BAE9DAC62F2B9C546AF	5DCA83B2F6334BAE9DAC62F2B9C546AF	thumb	placeholder	https://proxy.archieven.nl/thumb/235/5DCA83B2F6334BAE9DAC62F2B9C546AF
DD34061381224E07881D631030DB4A09	DD34061381224E07881D631030DB4A09	thumb	placeholder	https://proxy.archieven.nl/thumb/235/DD34061381224E07881D631030DB4A09
E37C07A8563F41028B661907B382CE2D	E37C07A8563F41028B661907B382CE2D	thumb	placeholder	https://proxy.archieven.nl/thumb/235/E37C07A8563F41028B661907B382CE2D
79C024DEF51644599B899ACD852A99B3	79C024DEF51644599B899ACD852A99B3	thumb	placeholder	https://proxy.archieven.nl/thumb/235/79C024DEF51644599B899ACD852A99B3
530646C9A073417895C83FE3A6A59ADA	530646C9A073417895C83FE3A6A59ADA	thumb	placeholder	https://proxy.archieven.nl/thumb/235/530646C9A073417895C83FE3A6A59ADA
49E6C793799341F6BCD0249824A8D827	49E6C793799341F6BCD0249824A8D827	thumb	placeholder	https://proxy.archieven.nl/thumb/235/49E6C793799341F6BCD0249824A8D827
5C82142D5B6D4BA9825834D882BE5915	5C82142D5B6D4BA9825834D882BE5915	thumb	placeholder	https://proxy.archieven.nl/thumb/235/5C82142D5B6D4BA9825834D882BE5915
FFE8E79FB57B4FECB07182F5F2310F6C	FFE8E79FB57B4FECB07182F5F2310F6C	thumb	placeholder	https://proxy.archieven.nl/thumb/235/FFE8E79FB57B4FECB07182F5F2310F6C
079806B3A0F648BB9165B7E24BD46D0A	079806B3A0F648BB9165B7E24BD46D0A	thumb	placeholder	https://proxy.archieven.nl/thumb/235/079806B3A0F648BB9165B7E24BD46D0A
F4FF1993EC7B4DB88BC1F5F33127BC81	F4FF1993EC7B4DB88BC1F5F33127BC81	thumb	placeholder	https://proxy.archieven.nl/thumb/235/F4FF1993EC7B4DB88BC1F5F33127BC81
E73E1177B54B41E9AC138FAB662D26ED	E73E1177B54B41E9AC138FAB662D26ED	thumb	placeholder	https://proxy.archieven.nl/thumb/235/E73E1177B54B41E9AC138FAB662D26ED
8F166C708FC047C1866274A5BEBECE2F	8F166C708FC047C1866274A5BEBECE2F	thumb	placeholder	https://proxy.archieven.nl/thumb/235/8F166C708FC047C1866274A5BEBECE2F
80A48C0E589A4FE28FC178AC54A29292	80A48C0E589A4FE28FC178AC54A29292	thumb	placeholder	https://proxy.archieven.nl/thumb/235/80A48C0E589A4FE28FC178AC54A29292
57CC87EAA07C4B6282A40BFD908655AF	57CC87EAA07C4B6282A40BFD908655AF	thumb	placeholder	https://proxy.archieven.nl/thumb/235/57CC87EAA07C4B6282A40BFD908655AF
353EFAF3054E4D64BD4ADA7299B34084	353EFAF3054E4D64BD4ADA7299B34084	thumb	placeholder	https://proxy.archieven.nl/thumb/235/353EFAF3054E4D64BD4ADA7299B34084
4292A9592CF7498790DF606E5BEF09F3	4292A9592CF7498790DF606E5BEF09F3	thumb	placeholder	https://proxy.archieven.nl/thumb/235/4292A9592CF7498790DF606E5BEF09F3
0CAAE40FB1DC472987F42A3AF5317072	0CAAE40FB1DC472987F42A3AF5317072	thumb	placeholder	https://proxy.archieven.nl/thumb/235/0CAAE40FB1DC472987F42A3AF5317072
9B0AFE1C5672474E99A1881EFD168355	9B0AFE1C5672474E99A1881EFD168355	thumb	placeholder	https://proxy.archieven.nl/thumb/235/9B0AFE1C5672474E99A1881EFD168355
83556CEC299F483286AC1A120A863164	83556CEC299F483286AC1A120A863164	thumb	placeholder	https://proxy.archieven.nl/thumb/235/83556CEC299F483286AC1A120A863164
7F40A90376D64F24A1F472BA1FC03E74	7F40A90376D64F24A1F472BA1FC03E74	thumb	placeholder	https://proxy.archieven.nl/thumb/235/7F40A90376D64F24A1F472BA1FC03E74
0926217D8D6746B9AE7F585129F0C898	0926217D8D6746B9AE7F585129F0C898	thumb	placeholder	https://proxy.archieven.nl/thumb/235/0926217D8D6746B9AE7F585129F0C898
70A8F6FFCC28435492F73CCC3A6FB4FA	70A8F6FFCC28435492F73CCC3A6FB4FA	thumb	placeholder	https://proxy.archieven.nl/thumb/235/70A8F6FFCC28435492F73CCC3A6FB4FA
AC1FE90E23DE46298AE6F47FB22C10A0	AC1FE90E23DE46298AE6F47FB22C10A0	thumb	placeholder	https://proxy.archieven.nl/thumb/235/AC1FE90E23DE46298AE6F47FB22C10A0
2682795A49994ED9A90C4F109E369451	2682795A49994ED9A90C4F109E369451	thumb	placeholder	https://proxy.archieven.nl/thumb/235/2682795A49994ED9A90C4F109E369451
4B5FD2E84905452A9A7DCE500411D1B3	4B5FD2E84905452A9A7DCE500411D1B3	thumb	placeholder	https://proxy.archieven.nl/thumb/235/4B5FD2E84905452A9A7DCE500411D1B3
041653CB9CE841E996F03615C94EAD1E	041653CB9CE841E996F03615C94EAD1E	thumb	placeholder	https://proxy.archieven.nl/thumb/235/041653CB9CE841E996F03615C94EAD1E
8AFDA6DCA40A40129727780E35C17659	8AFDA6DCA40A40129727780E35C17659	thumb	placeholder	https://proxy.archieven.nl/thumb/235/8AFDA6DCA40A40129727780E35C17659
52CF66BA78AD494A87ACB54E3E89AF42	52CF66BA78AD494A87ACB54E3E89AF42	thumb	placeholder	https://proxy.archieven.nl/thumb/235/52CF66BA78AD494A87ACB54E3E89AF42
93E85F5121BF40309F4153618D9ED8F7	93E85F5121BF40309F4153618D9ED8F7	thumb	placeholder	https://proxy.archieven.nl/thumb/235/93E85F5121BF40309F4153618D9ED8F7
A0B252F1CA164B01B60859C167DE9ACA	A0B252F1CA164B01B60859C167DE9ACA	thumb	placeholder	https://proxy.archieven.nl/thumb/235/A0B252F1CA164B01B60859C167DE9ACA
90D1B18F87F94DCB9580934E9287C7D1	90D1B18F87F94DCB9580934E9287C7D1	thumb	placeholder	https://proxy.archieven.nl/thumb/235/90D1B18F87F94DCB9580934E9287C7D1
C21A60F1513C4E6CAD9AB959F9281B92	C21A60F1513C4E6CAD9AB959F9281B92	thumb	placeholder	https://proxy.archieven.nl/thumb/235/C21A60F1513C4E6CAD9AB959F9281B92
64EDFE7A709D4897A5729816E4FDA0A0	64EDFE7A709D4897A5729816E4FDA0A0	thumb	placeholder	https://proxy.archieven.nl/thumb/235/64EDFE7A709D4897A5729816E4FDA0A0
F3BABE0BE48649F48AE66E1BB8DF31BD	F3BABE0BE48649F48AE66E1BB8DF31BD	thumb	placeholder	https://proxy.archieven.nl/thumb/235/F3BABE0BE48649F48AE66E1BB8DF31BD
A555719B01F44A018656AD88753AE6B6	A555719B01F44A018656AD88753AE6B6	thumb	placeholder	https://proxy.archieven.nl/thumb/235/A555719B01F44A018656AD88753AE6B6
19F68971ACDD4BD2873F0E6A55C96FC2	19F68971ACDD4BD2873F0E6A55C96FC2	thumb	placeholder	https://proxy.archieven.nl/thumb/235/19F68971ACDD4BD2873F0E6A55C96FC2
5909EB706BF94DE9A4F67BE738BC3AB2	5909EB706BF94DE9A4F67BE738BC3AB2	thumb	placeholder	https://proxy.archieven.nl/thumb/235/5909EB706BF94DE9A4F67BE738BC3AB2
B06B3510100845C9BDC67B9346950A6C	B06B3510100845C9BDC67B9346950A6C	thumb	placeholder	https://proxy.archieven.nl/thumb/235/B06B3510100845C9BDC67B9346950A6C
8F53B1C0524849A0B6ED0C0D0F7D65EB	8F53B1C0524849A0B6ED0C0D0F7D65EB	thumb	placeholder	https://proxy.archieven.nl/thumb/235/8F53B1C0524849A0B6ED0C0D0F7D65EB
447848288A1444D5A91F94E75BAE00C3	447848288A1444D5A91F94E75BAE00C3	thumb	placeholder	https://proxy.archieven.nl/thumb/235/447848288A1444D5A91F94E75BAE00C3
DE48C5C7767E4FD89D8C72D059F42430	DE48C5C7767E4FD89D8C72D059F42430	thumb	placeholder	https://proxy.archieven.nl/thumb/235/DE48C5C7767E4FD89D8C72D059F42430
CA5E7FC832904258881C464B2CC12236	CA5E7FC832904258881C464B2CC12236	thumb	placeholder	https://proxy.archieven.nl/thumb/235/CA5E7FC832904258881C464B2CC12236
C0EECA472E6C45A7974C2ABC26B4E792	C0EECA472E6C45A7974C2ABC26B4E792	thumb	placeholder	https://proxy.archieven.nl/thumb/235/C0EECA472E6C45A7974C2ABC26B4E792
E2800C9F283441359F0D9C5BC497FFCB	E2800C9F283441359F0D9C5BC497FFCB	thumb	placeholder	https://proxy.archieven.nl/thumb/235/E2800C9F283441359F0D9C5BC497FFCB
8C7FC820741F472BB8DE78C9C34874ED	8C7FC820741F472BB8DE78C9C34874ED	thumb	placeholder	https://proxy.archieven.nl/thumb/235/8C7FC820741F472BB8DE78C9C34874ED
8B7E4FFC2A8640218ACF0C8CF5A6578A	8B7E4FFC2A8640218ACF0C8CF5A6578A	thumb	placeholder	https://proxy.archieven.nl/thumb/235/8B7E4FFC2A8640218ACF0C8CF5A6578A
BC89D6D4FFEE4C6D8A034E4B1CC0FAF9	BC89D6D4FFEE4C6D8A034E4B1CC0FAF9	thumb	placeholder	https://proxy.archieven.nl/thumb/235/BC89D6D4FFEE4C6D8A034E4B1CC0FAF9
BBAC7FA8188143078E3F61BACCC0DF62	BBAC7FA8188143078E3F61BACCC0DF62	thumb	placeholder	https://proxy.archieven.nl/thumb/235/BBAC7FA8188143078E3F61BACCC0DF62
F2A44746D8D54C99A053DEDF68670DB5	F2A44746D8D54C99A053DEDF68670DB5	thumb	placeholder	https://proxy.archieven.nl/thumb/235/F2A44746D8D54C99A053DEDF68670DB5
7492AFDE9953407FB7234E9D1F93C928	7492AFDE9953407FB7234E9D1F93C928	thumb	placeholder	https://proxy.archieven.nl/thumb/235/7492AFDE9953407FB7234E9D1F93C928
D175049C84BE4330BF0AE8FD7042621D	D175049C84BE4330BF0AE8FD7042621D	thumb	placeholder	https://proxy.archieven.nl/thumb/235/D175049C84BE4330BF0AE8FD7042621D
0F740D177B274D4FAEE97005B18B2960	0F740D177B274D4FAEE97005B18B2960	thumb	placeholder	https://proxy.archieven.nl/thumb/235/0F740D177B274D4FAEE97005B18B2960
874DBD0DB58F47E5855E63D56856842B	874DBD0DB58F47E5855E63D56856842B	thumb	placeholder	https://proxy.archieven.nl/thumb/235/874DBD0DB58F47E5855E63D56856842B
52F6E7F3D4FD4184B1DA3BF2EAEBE926	52F6E7F3D4FD4184B1DA3BF2EAEBE926	thumb	placeholder	https://proxy.archieven.nl/thumb/235/52F6E7F3D4FD4184B1DA3BF2EAEBE926
BBE13754252842ACAF53D227E2323DD7	BBE13754252842ACAF53D227E2323DD7	thumb	placeholder	https://proxy.archieven.nl/thumb/235/BBE13754252842ACAF53D227E2323DD7
B824BF23F17B438A96FDA3BDCFB1C484	B824BF23F17B438A96FDA3BDCFB1C484	thumb	placeholder	https://proxy.archieven.nl/thumb/235/B824BF23F17B438A96FDA3BDCFB1C484
A170471557E44942B97778C6B19BFEB6	A170471557E44942B97778C6B19BFEB6	thumb	placeholder	https://proxy.archieven.nl/thumb/235/A170471557E44942B97778C6B19BFEB6
3BFABC741A3B4EB8A6221DE664012F6D	3BFABC741A3B4EB8A6221DE664012F6D	thumb	placeholder	https://proxy.archieven.nl/thumb/235/3BFABC741A3B4EB8A6221DE664012F6D
67589014E11C497EB77014435F496459	67589014E11C497EB77014435F496459	thumb	placeholder	https://proxy.archieven.nl/thumb/235/67589014E11C497EB77014435F496459
0E48D6639A774CB3BA4514C3D9C303DC	0E48D6639A774CB3BA4514C3D9C303DC	thumb	placeholder	https://proxy.archieven.nl/thumb/235/0E48D6639A774CB3BA4514C3D9C303DC
A8D59CDB544A4CE7B6B00993208B2332	A8D59CDB544A4CE7B6B00993208B2332	thumb	placeholder	https://proxy.archieven.nl/thumb/235/A8D59CDB544A4CE7B6B00993208B2332
30DBC782E4CD444C97D29F9F2F12B6EE	30DBC782E4CD444C97D29F9F2F12B6EE	thumb	placeholder	https://proxy.archieven.nl/thumb/235/30DBC782E4CD444C97D29F9F2F12B6EE
36544054A1F7487C859F187A4DF0A103	36544054A1F7487C859F187A4DF0A103	thumb	placeholder	https://proxy.archieven.nl/thumb/235/36544054A1F7487C859F187A4DF0A103
CF2FEAEB9F4F4896AAA802BF91A6AB73	CF2FEAEB9F4F4896AAA802BF91A6AB73	thumb	placeholder	https://proxy.archieven.nl/thumb/235/CF2FEAEB9F4F4896AAA802BF91A6AB73
CB03F7E62D7A41739C38962EAAF7B92C	CB03F7E62D7A41739C38962EAAF7B92C	thumb	placeholder	https://proxy.archieven.nl/thumb/235/CB03F7E62D7A41739C38962EAAF7B92C
B5851B27390840E8A3F3585FE3FD5C34	B5851B27390840E8A3F3585FE3FD5C34	thumb	placeholder	https://proxy.archieven.nl/thumb/235/B5851B27390840E8A3F3585FE3FD5C34
D627D7980B8141A9A41863AA21E4A2F1	D627D7980B8141A9A41863AA21E4A2F1	thumb	placeholder	https://proxy.archieven.nl/thumb/235/D627D7980B8141A9A41863AA21E4A2F1
AD3456014D67423BB62DBCB64371FFB6	AD3456014D67423BB62DBCB64371FFB6	thumb	placeholder	https://proxy.archieven.nl/thumb/235/AD3456014D67423BB62DBCB64371FFB6
37CB99C9AC9F4147866849B2B6E9C697	37CB99C9AC9F4147866849B2B6E9C697	thumb	placeholder	https://proxy.archieven.nl/thumb/235/37CB99C9AC9F4147866849B2B6E9C697
A209C506F59F42A0AE4DA1CBD0F93CF0	A209C506F59F42A0AE4DA1CBD0F93CF0	thumb	placeholder	https://proxy.archieven.nl/thumb/235/A209C506F59F42A0AE4DA1CBD0F93CF0
C7F0865C7B52427A9E8B2B8A29C351DC	C7F0865C7B52427A9E8B2B8A29C351DC	thumb	placeholder	https://proxy.archieven.nl/thumb/235/C7F0865C7B52427A9E8B2B8A29C351DC
2F1F229BC8F1484DB2A114992AE7CDE1	2F1F229BC8F1484DB2A114992AE7CDE1	thumb	placeholder	https://proxy.archieven.nl/thumb/235/2F1F229BC8F1484DB2A114992AE7CDE1
1DF22C01DAFD4F8C908EC97979FFBA0D	1DF22C01DAFD4F8C908EC97979FFBA0D	thumb	placeholder	https://proxy.archieven.nl/thumb/235/1DF22C01DAFD4F8C908EC97979FFBA0D
D2D020F6E96E4BD18D947740D29E4EAA	D2D020F6E96E4BD18D947740D29E4EAA	thumb	placeholder	https://proxy.archieven.nl/thumb/235/D2D020F6E96E4BD18D947740D29E4EAA
60675EB8B3B14D90804A41AD47591BC0	60675EB8B3B14D90804A41AD47591BC0	thumb	placeholder	https://proxy.archieven.nl/thumb/235/60675EB8B3B14D90804A41AD47591BC0
A112B36700F14263BA0CD5C64511158B	A112B36700F14263BA0CD5C64511158B	thumb	placeholder	https://proxy.archieven.nl/thumb/235/A112B36700F14263BA0CD5C64511158B
04B4E78094904DC292BC0062436F0E96	04B4E78094904DC292BC0062436F0E96	thumb	placeholder	https://proxy.archieven.nl/thumb/235/04B4E78094904DC292BC0062436F0E96
9976F78DCA3347D6B617DF50C951FBE9	9976F78DCA3347D6B617DF50C951FBE9	thumb	placeholder	https://proxy.archieven.nl/thumb/235/9976F78DCA3347D6B617DF50C951FBE9
292A03BC75B644149D3CC8D17A2E1ADA	292A03BC75B644149D3CC8D17A2E1ADA	thumb	placeholder	https://proxy.archieven.nl/thumb/235/292A03BC75B644149D3CC8D17A2E1ADA
E7EE1C4CE0AB4923AC073CC29935D039	E7EE1C4CE0AB4923AC073CC29935D039	thumb	placeholder	https://proxy.archieven.nl/thumb/235/E7EE1C4CE0AB4923AC073CC29935D039
1B77033CA7D94049BB2734B4A4140D55	1B77033CA7D94049BB2734B4A4140D55	thumb	placeholder	https://proxy.archieven.nl/thumb/235/1B77033CA7D94049BB2734B4A4140D55
5F0F496F4490406E9FA0D833269ACC55	5F0F496F4490406E9FA0D833269ACC55	thumb	placeholder	https://proxy.archieven.nl/thumb/235/5F0F496F4490406E9FA0D833269ACC55
65F08DD9B88942A19E4D3EE5171F1086	65F08DD9B88942A19E4D3EE5171F1086	thumb	placeholder	https://proxy.archieven.nl/thumb/235/65F08DD9B88942A19E4D3EE5171F1086
199A3950D3BD4E5C99843D945928AD7A	199A3950D3BD4E5C99843D945928AD7A	thumb	placeholder	https://proxy.archieven.nl/thumb/235/199A3950D3BD4E5C99843D945928AD7A
7BD2DCA04BBF4064957CC5E9304B90FE	7BD2DCA04BBF4064957CC5E9304B90FE	thumb	placeholder	https://proxy.archieven.nl/thumb/235/7BD2DCA04BBF4064957CC5E9304B90FE
CEADDC67AF854AF9AB39D088C966F6DB	CEADDC67AF854AF9AB39D088C966F6DB	thumb	placeholder	https://proxy.archieven.nl/thumb/235/CEADDC67AF854AF9AB39D088C966F6DB
D32BBE991ED9443388E247D7E4E7199A	D32BBE991ED9443388E247D7E4E7199A	thumb	placeholder	https://proxy.archieven.nl/thumb/235/D32BBE991ED9443388E247D7E4E7199A
0D5E3B920FD84250AC869F2F14159B0F	0D5E3B920FD84250AC869F2F14159B0F	thumb	placeholder	https://proxy.archieven.nl/thumb/235/0D5E3B920FD84250AC869F2F14159B0F
4C7666472F5B4A86B0383FBDA9FC1110	4C7666472F5B4A86B0383FBDA9FC1110	thumb	placeholder	https://proxy.archieven.nl/thumb/235/4C7666472F5B4A86B0383FBDA9FC1110
7A643988F14146D0A2A7A67608574CDF	7A643988F14146D0A2A7A67608574CDF	thumb	placeholder	https://proxy.archieven.nl/thumb/235/7A643988F14146D0A2A7A67608574CDF
8BE8FE9D49C24BD485AA9D5BBB81ED50	8BE8FE9D49C24BD485AA9D5BBB81ED50	thumb	placeholder	https://proxy.archieven.nl/thumb/235/8BE8FE9D49C24BD485AA9D5BBB81ED50
106A85D02F664388925B2C27681973F8	106A85D02F664388925B2C27681973F8	thumb	placeholder	https://proxy.archieven.nl/thumb/235/106A85D02F664388925B2C27681973F8
13F0BF3770E7460EBFA74EFA45C33AC6	13F0BF3770E7460EBFA74EFA45C33AC6	thumb	placeholder	https://proxy.archieven.nl/thumb/235/13F0BF3770E7460EBFA74EFA45C33AC6
05D53DE0256F4728A3E6D3E62A1DF016	05D53DE0256F4728A3E6D3E62A1DF016	thumb	placeholder	https://proxy.archieven.nl/thumb/235/05D53DE0256F4728A3E6D3E62A1DF016
9C5740511EB94CA5BDDCC9D5D3A516B4	9C5740511EB94CA5BDDCC9D5D3A516B4	thumb	placeholder	https://proxy.archieven.nl/thumb/235/9C5740511EB94CA5BDDCC9D5D3A516B4
43A078D8DB0348008AE050E1C9A6A2AD	43A078D8DB0348008AE050E1C9A6A2AD	thumb	placeholder	https://proxy.archieven.nl/thumb/235/43A078D8DB0348008AE050E1C9A6A2AD
69433D3689634C4CB6C703FFBF22143C	69433D3689634C4CB6C703FFBF22143C	thumb	placeholder	https://proxy.archieven.nl/thumb/235/69433D3689634C4CB6C703FFBF22143C
36C46EA374DB4AA887F93F21607F0F1C	36C46EA374DB4AA887F93F21607F0F1C	thumb	placeholder	https://proxy.archieven.nl/thumb/235/36C46EA374DB4AA887F93F21607F0F1C
530E5AA626964E76BDCB85159A0275D1	530E5AA626964E76BDCB85159A0275D1	thumb	placeholder	https://proxy.archieven.nl/thumb/235/530E5AA626964E76BDCB85159A0275D1
9B2F44B808AE4C0DB503CACB8200F6EA	9B2F44B808AE4C0DB503CACB8200F6EA	thumb	placeholder	https://proxy.archieven.nl/thumb/235/9B2F44B808AE4C0DB503CACB8200F6EA
0E4643434CA04C0D83B6BD9295AF1F32	0E4643434CA04C0D83B6BD9295AF1F32	thumb	placeholder	https://proxy.archieven.nl/thumb/235/0E4643434CA04C0D83B6BD9295AF1F32
7F184C4A28E64F9CAB13DAF2B291F189	7F184C4A28E64F9CAB13DAF2B291F189	thumb	placeholder	https://proxy.archieven.nl/thumb/235/7F184C4A28E64F9CAB13DAF2B291F189
0E1187E17A774AFFB40BA8418FA2CBE0	0E1187E17A774AFFB40BA8418FA2CBE0	thumb	placeholder	https://proxy.archieven.nl/thumb/235/0E1187E17A774AFFB40BA8418FA2CBE0
A02E2B1300D44BFA9F588C9F44DA9B4B	A02E2B1300D44BFA9F588C9F44DA9B4B	thumb	placeholder	https://proxy.archieven.nl/thumb/235/A02E2B1300D44BFA9F588C9F44DA9B4B
ADF09515DD684A6DA26DD0C2C6EBBEEF	ADF09515DD684A6DA26DD0C2C6EBBEEF	thumb	placeholder	https://proxy.archieven.nl/thumb/235/ADF09515DD684A6DA26DD0C2C6EBBEEF
8450ADCDAC694715B84BBFC5A9BCE2CE	8450ADCDAC694715B84BBFC5A9BCE2CE	thumb	placeholder	https://proxy.archieven.nl/thumb/235/8450ADCDAC694715B84BBFC5A9BCE2CE
CBD90F0061DA450E94249CC0CEFDE35E	CBD90F0061DA450E94249CC0CEFDE35E	thumb	placeholder	https://proxy.archieven.nl/thumb/235/CBD90F0061DA450E94249CC0CEFDE35E
039320CD4A5645C48838BCBE18AF793E	039320CD4A5645C48838BCBE18AF793E	thumb	placeholder	https://proxy.archieven.nl/thumb/235/039320CD4A5645C48838BCBE18AF793E
91EE371D15A4445AA8DE641A3540AD4D	91EE371D15A4445AA8DE641A3540AD4D	thumb	placeholder	https://proxy.archieven.nl/thumb/235/91EE371D15A4445AA8DE641A3540AD4D
B2FE25AC745B4F98BF421FF496F3C755	B2FE25AC745B4F98BF421FF496F3C755	thumb	placeholder	https://proxy.archieven.nl/thumb/235/B2FE25AC745B4F98BF421FF496F3C755
A7A53FF08794410BB8ABECF71F6709F3	A7A53FF08794410BB8ABECF71F6709F3	thumb	placeholder	https://proxy.archieven.nl/thumb/235/A7A53FF08794410BB8ABECF71F6709F3
272908D4E62840A9ADAE50E4BAB24E61	272908D4E62840A9ADAE50E4BAB24E61	thumb	placeholder	https://proxy.archieven.nl/thumb/235/272908D4E62840A9ADAE50E4BAB24E61
A289DB8805554E1FA76B13E2560525C3	A289DB8805554E1FA76B13E2560525C3	thumb	placeholder	https://proxy.archieven.nl/thumb/235/A289DB8805554E1FA76B13E2560525C3
75078A8E9E42421280C50B3E30F6DB2A	75078A8E9E42421280C50B3E30F6DB2A	thumb	placeholder	https://proxy.archieven.nl/thumb/235/75078A8E9E42421280C50B3E30F6DB2A
03C3E36F751341D995A5D2E01BD7D5D9	03C3E36F751341D995A5D2E01BD7D5D9	thumb	placeholder	https://proxy.archieven.nl/thumb/235/03C3E36F751341D995A5D2E01BD7D5D9
3D3D158086ED4D81A92770B5C97019C0	3D3D158086ED4D81A92770B5C97019C0	thumb	placeholder	https://proxy.archieven.nl/thumb/235/3D3D158086ED4D81A92770B5C97019C0
D399FDB71B0B49549563F10D7E93B2B1	D399FDB71B0B49549563F10D7E93B2B1	thumb	placeholder	https://proxy.archieven.nl/thumb/235/D399FDB71B0B49549563F10D7E93B2B1
C9E22DD6783E435C89842AAFD0960178	C9E22DD6783E435C89842AAFD0960178	thumb	placeholder	https://proxy.archieven.nl/thumb/235/C9E22DD6783E435C89842AAFD0960178
B1B6803F3912422CA1A1BFAD045B725D	B1B6803F3912422CA1A1BFAD045B725D	thumb	placeholder	https://proxy.archieven.nl/thumb/235/B1B6803F3912422CA1A1BFAD045B725D
9E763E4A206B426FB76014000E0AC46E	9E763E4A206B426FB76014000E0AC46E	thumb	placeholder	https://proxy.archieven.nl/thumb/235/9E763E4A206B426FB76014000E0AC46E
E463D34E44A44191BCB13EC952EA0D5F	E463D34E44A44191BCB13EC952EA0D5F	thumb	placeholder	https://proxy.archieven.nl/thumb/235/E463D34E44A44191BCB13EC952EA0D5F
1A8990F08656452BB16009722195ED4C	1A8990F08656452BB16009722195ED4C	thumb	placeholder	https://proxy.archieven.nl/thumb/235/1A8990F08656452BB16009722195ED4C
4875BD4741864F859B8CBA51F797D089	4875BD4741864F859B8CBA51F797D089	thumb	placeholder	https://proxy.archieven.nl/thumb/235/4875BD4741864F859B8CBA51F797D089
1121400EB0BF4CF2A4D78AC772826849	1121400EB0BF4CF2A4D78AC772826849	thumb	placeholder	https://proxy.archieven.nl/thumb/235/1121400EB0BF4CF2A4D78AC772826849
905A24D9D17145898D1CEF8F9087DEDE	905A24D9D17145898D1CEF8F9087DEDE	thumb	placeholder	https://proxy.archieven.nl/thumb/235/905A24D9D17145898D1CEF8F9087DEDE
70D001D49D184C729C9876DB291870C9	70D001D49D184C729C9876DB291870C9	thumb	placeholder	https://proxy.archieven.nl/thumb/235/70D001D49D184C729C9876DB291870C9
749E577B789C4E23ADA52C0C42FAF8D4	749E577B789C4E23ADA52C0C42FAF8D4	thumb	placeholder	https://proxy.archieven.nl/thumb/235/749E577B789C4E23ADA52C0C42FAF8D4
45D60A59AA894DF5838775C0904B2AEF	45D60A59AA894DF5838775C0904B2AEF	thumb	placeholder	https://proxy.archieven.nl/thumb/235/45D60A59AA894DF5838775C0904B2AEF
89BB28FE810B44A99D8837E6AD5A120E	89BB28FE810B44A99D8837E6AD5A120E	thumb	placeholder	https://proxy.archieven.nl/thumb/235/89BB28FE810B44A99D8837E6AD5A120E
21B8B76F0389464EA3DD758D4CC1CFDA	21B8B76F0389464EA3DD758D4CC1CFDA	thumb	placeholder	https://proxy.archieven.nl/thumb/235/21B8B76F0389464EA3DD758D4CC1CFDA
4BDFA7101595437E9115F95E362772D5	4BDFA7101595437E9115F95E362772D5	thumb	placeholder	https://proxy.archieven.nl/thumb/235/4BDFA7101595437E9115F95E362772D5
E1E583BA455F4A07AA6BC04DACC86C41	E1E583BA455F4A07AA6BC04DACC86C41	thumb	placeholder	https://proxy.archieven.nl/thumb/235/E1E583BA455F4A07AA6BC04DACC86C41
EC23063C31B745A78ACF2BED7CCB7A6E	EC23063C31B745A78ACF2BED7CCB7A6E	thumb	placeholder	https://proxy.archieven.nl/thumb/235/EC23063C31B745A78ACF2BED7CCB7A6E
27F49838DA0C4349BC136B52E1BE82A3	27F49838DA0C4349BC136B52E1BE82A3	thumb	placeholder	https://proxy.archieven.nl/thumb/235/27F49838DA0C4349BC136B52E1BE82A3
803698E1E4EA45F28D5F6585BCBD4E04	803698E1E4EA45F28D5F6585BCBD4E04	thumb	placeholder	https://proxy.archieven.nl/thumb/235/803698E1E4EA45F28D5F6585BCBD4E04
C3854EFACB95445FA7985EF9F3377231	C3854EFACB95445FA7985EF9F3377231	thumb	placeholder	https://proxy.archieven.nl/thumb/235/C3854EFACB95445FA7985EF9F3377231
B010927B478B45E09F6EECB61826DA93	B010927B478B45E09F6EECB61826DA93	thumb	placeholder	https://proxy.archieven.nl/thumb/235/B010927B478B45E09F6EECB61826DA93
C5472E4F57F644EC9842DE54366E392C	C5472E4F57F644EC9842DE54366E392C	thumb	placeholder	https://proxy.archieven.nl/thumb/235/C5472E4F57F644EC9842DE54366E392C
2EB4E138F93D442EBE2B6D707B1BBBDC	2EB4E138F93D442EBE2B6D707B1BBBDC	thumb	placeholder	https://proxy.archieven.nl/thumb/235/2EB4E138F93D442EBE2B6D707B1BBBDC
F80219B1E64F4512B0B27C33C3D73B77	F80219B1E64F4512B0B27C33C3D73B77	thumb	placeholder	https://proxy.archieven.nl/thumb/235/F80219B1E64F4512B0B27C33C3D73B77
DB77B83B2D964636801BAF3B3B9086CC	DB77B83B2D964636801BAF3B3B9086CC	thumb	placeholder	https://proxy.archieven.nl/thumb/235/DB77B83B2D964636801BAF3B3B9086CC
1C230AFE995B46B8BD3127F544811F35	1C230AFE995B46B8BD3127F544811F35	thumb	placeholder	https://proxy.archieven.nl/thumb/235/1C230AFE995B46B8BD3127F544811F35
910FDE09819A428A9E56BFE76E1F44AE	910FDE09819A428A9E56BFE76E1F44AE	thumb	placeholder	https://proxy.archieven.nl/thumb/235/910FDE09819A428A9E56BFE76E1F44AE
F26D2E69547042E69885B4ABE8B66F5E	F26D2E69547042E69885B4ABE8B66F5E	thumb	placeholder	https://proxy.archieven.nl/thumb/235/F26D2E69547042E69885B4ABE8B66F5E
F7B4FFB0DE764911BE2A9576C2F9914E	F7B4FFB0DE764911BE2A9576C2F9914E	thumb	placeholder	https://proxy.archieven.nl/thumb/235/F7B4FFB0DE764911BE2A9576C2F9914E
915AACAC104449079AACDE6AAF670407	915AACAC104449079AACDE6AAF670407	thumb	placeholder	https://proxy.archieven.nl/thumb/235/915AACAC104449079AACDE6AAF670407
36E00DE573694964B97971B27514C50C	36E00DE573694964B97971B27514C50C	thumb	placeholder	https://proxy.archieven.nl/thumb/235/36E00DE573694964B97971B27514C50C
AE06E24549E84435B3C62B2D804B6AF7	AE06E24549E84435B3C62B2D804B6AF7	thumb	placeholder	https://proxy.archieven.nl/thumb/235/AE06E24549E84435B3C62B2D804B6AF7
6B3C9ACE99B4414B9230E2B466297AA4	6B3C9ACE99B4414B9230E2B466297AA4	thumb	placeholder	https://proxy.archieven.nl/thumb/235/6B3C9ACE99B4414B9230E2B466297AA4
C606D21D3E584C16BDFB10732281DF3C	C606D21D3E584C16BDFB10732281DF3C	thumb	placeholder	https://proxy.archieven.nl/thumb/235/C606D21D3E584C16BDFB10732281DF3C
FD1003DFFDEA4CA79F50E19D944FC855	FD1003DFFDEA4CA79F50E19D944FC855	thumb	placeholder	https://proxy.archieven.nl/thumb/235/FD1003DFFDEA4CA79F50E19D944FC855
315B0DBDE2FC4FDABC9CCC89F90AB4D9	315B0DBDE2FC4FDABC9CCC89F90AB4D9	thumb	placeholder	https://proxy.archieven.nl/thumb/235/315B0DBDE2FC4FDABC9CCC89F90AB4D9
0AC3483EC18F44A39C02F653F41F0279	0AC3483EC18F44A39C02F653F41F0279	thumb	placeholder	https://proxy.archieven.nl/thumb/235/0AC3483EC18F44A39C02F653F41F0279
1A352832FB2442FB80F93CAD4A14EF89	1A352832FB2442FB80F93CAD4A14EF89	thumb	placeholder	https://proxy.archieven.nl/thumb/235/1A352832FB2442FB80F93CAD4A14EF89
A786284CD10B46BEB0DFF5BC3B844A69	A786284CD10B46BEB0DFF5BC3B844A69	thumb	placeholder	https://proxy.archieven.nl/thumb/235/A786284CD10B46BEB0DFF5BC3B844A69
4B010CF93F6B44C18293C0A41121E5BE	4B010CF93F6B44C18293C0A41121E5BE	thumb	placeholder	https://proxy.archieven.nl/thumb/235/4B010CF93F6B44C18293C0A41121E5BE
FCEB93C2E1BC4B03A5140A69B207B7E5	FCEB93C2E1BC4B03A5140A69B207B7E5	thumb	placeholder	https://proxy.archieven.nl/thumb/235/FCEB93C2E1BC4B03A5140A69B207B7E5
C0B8E644028B4E7D911C939D434DBF19	C0B8E644028B4E7D911C939D434DBF19	thumb	placeholder	https://proxy.archieven.nl/thumb/235/C0B8E644028B4E7D911C939D434DBF19
8DE3F7FFC2144E178B702BBCE2F8A8B4	8DE3F7FFC2144E178B702BBCE2F8A8B4	thumb	placeholder	https://proxy.archieven.nl/thumb/235/8DE3F7FFC2144E178B702BBCE2F8A8B4
59AB091969B3400CAE6B5816700BD8DB	59AB091969B3400CAE6B5816700BD8DB	thumb	placeholder	https://proxy.archieven.nl/thumb/235/59AB091969B3400CAE6B5816700BD8DB
B63B9F853F3648B3B1DDE227E473BE14	B63B9F853F3648B3B1DDE227E473BE14	thumb	placeholder	https://proxy.archieven.nl/thumb/235/B63B9F853F3648B3B1DDE227E473BE14
5FAD1F8F837C410EB1B40BA6E7454C21	5FAD1F8F837C410EB1B40BA6E7454C21	thumb	placeholder	https://proxy.archieven.nl/thumb/235/5FAD1F8F837C410EB1B40BA6E7454C21
648882CB4BD64D109B420DCE77AC12AA	648882CB4BD64D109B420DCE77AC12AA	thumb	placeholder	https://proxy.archieven.nl/thumb/235/648882CB4BD64D109B420DCE77AC12AA
21197067676849F6B31F2A09CB6442A0	21197067676849F6B31F2A09CB6442A0	thumb	placeholder	https://proxy.archieven.nl/thumb/235/21197067676849F6B31F2A09CB6442A0
21B1CB91E0274AD2BE6F67E7F5B0C6B3	21B1CB91E0274AD2BE6F67E7F5B0C6B3	thumb	placeholder	https://proxy.archieven.nl/thumb/235/21B1CB91E0274AD2BE6F67E7F5B0C6B3
7AA48C14CD754FD692AC17F66DF349D6	7AA48C14CD754FD692AC17F66DF349D6	thumb	placeholder	https://proxy.archieven.nl/thumb/235/7AA48C14CD754FD692AC17F66DF349D6
1A8A58B8B40D476C9159A8F767CC7EB2	1A8A58B8B40D476C9159A8F767CC7EB2	thumb	placeholder	https://proxy.archieven.nl/thumb/235/1A8A58B8B40D476C9159A8F767CC7EB2
F96FC711D2384834837470EAE4D766A9	F96FC711D2384834837470EAE4D766A9	thumb	placeholder	https://proxy.archieven.nl/thumb/235/F96FC711D2384834837470EAE4D766A9
74037718CFF84E9E9619F711E248EDB5	74037718CFF84E9E9619F711E248EDB5	thumb	placeholder	https://proxy.archieven.nl/thumb/235/74037718CFF84E9E9619F711E248EDB5
5FAB14578F644F9196761DAFD9C6E55C	5FAB14578F644F9196761DAFD9C6E55C	thumb	placeholder	https://proxy.archieven.nl/thumb/235/5FAB14578F644F9196761DAFD9C6E55C
A93D61E278474935A1D25E0841C85B57	A93D61E278474935A1D25E0841C85B57	thumb	placeholder	https://proxy.archieven.nl/thumb/235/A93D61E278474935A1D25E0841C85B57
7AB0D47367FA4EFD997AA70C3B041F49	7AB0D47367FA4EFD997AA70C3B041F49	thumb	placeholder	https://proxy.archieven.nl/thumb/235/7AB0D47367FA4EFD997AA70C3B041F49
CA9F88E845DD450E9A87F2DCB04DC0D7	CA9F88E845DD450E9A87F2DCB04DC0D7	thumb	placeholder	https://proxy.archieven.nl/thumb/235/CA9F88E845DD450E9A87F2DCB04DC0D7
6FB4CA929B084F39A41B0523C0795B8D	6FB4CA929B084F39A41B0523C0795B8D	thumb	placeholder	https://proxy.archieven.nl/thumb/235/6FB4CA929B084F39A41B0523C0795B8D
09C06E595C7949FB89A471C923A0D9D7	09C06E595C7949FB89A471C923A0D9D7	thumb	placeholder	https://proxy.archieven.nl/thumb/235/09C06E595C7949FB89A471C923A0D9D7
20E2B1865CAE4BD094BA7367BB3479E5	20E2B1865CAE4BD094BA7367BB3479E5	thumb	placeholder	https://proxy.archieven.nl/thumb/235/20E2B1865CAE4BD094BA7367BB3479E5
A25F49276AB64C919EAF9A9B7C65FDFF	A25F49276AB64C919EAF9A9B7C65FDFF	thumb	placeholder	https://proxy.archieven.nl/thumb/235/A25F49276AB64C919EAF9A9B7C65FDFF
384D81F236BA49CDADA8C0B21C34DCBB	384D81F236BA49CDADA8C0B21C34DCBB	thumb	placeholder	https://proxy.archieven.nl/thumb/235/384D81F236BA49CDADA8C0B21C34DCBB
778640702C9E4A279074D4E3972E316B	778640702C9E4A279074D4E3972E316B	thumb	placeholder	https://proxy.archieven.nl/thumb/235/778640702C9E4A279074D4E3972E316B
67E7EBF4783C41DC99B6066A7B128C08	67E7EBF4783C41DC99B6066A7B128C08	thumb	placeholder	https://proxy.archieven.nl/thumb/235/67E7EBF4783C41DC99B6066A7B128C08
8EB16B35E3BD4EB9992BE9122F008EAC	8EB16B35E3BD4EB9992BE9122F008EAC	thumb	placeholder	https://proxy.archieven.nl/thumb/235/8EB16B35E3BD4EB9992BE9122F008EAC
ADAFDE456AC041D4952BC68101FF5FD1	ADAFDE456AC041D4952BC68101FF5FD1	thumb	placeholder	https://proxy.archieven.nl/thumb/235/ADAFDE456AC041D4952BC68101FF5FD1
B97B59E12D6C4E9BAD2D42332B77A906	B97B59E12D6C4E9BAD2D42332B77A906	thumb	placeholder	https://proxy.archieven.nl/thumb/235/B97B59E12D6C4E9BAD2D42332B77A906
E88A8CC6FB504452B7166CAF8ACBC6D8	E88A8CC6FB504452B7166CAF8ACBC6D8	thumb	placeholder	https://proxy.archieven.nl/thumb/235/E88A8CC6FB504452B7166CAF8ACBC6D8
F8E0611B98C24D57ACF0CDC08BA0904B	F8E0611B98C24D57ACF0CDC08BA0904B	thumb	placeholder	https://proxy.archieven.nl/thumb/235/F8E0611B98C24D57ACF0CDC08BA0904B
09483B77ADF8427B9FBECE0D5A9D3049	09483B77ADF8427B9FBECE0D5A9D3049	thumb	placeholder	https://proxy.archieven.nl/thumb/235/09483B77ADF8427B9FBECE0D5A9D3049
1315B4CB0ED747DC985D4136BCE71BAC	1315B4CB0ED747DC985D4136BCE71BAC	thumb	placeholder	https://proxy.archieven.nl/thumb/235/1315B4CB0ED747DC985D4136BCE71BAC
9039ACC5996146999A42D04AEABA28E4	9039ACC5996146999A42D04AEABA28E4	thumb	placeholder	https://proxy.archieven.nl/thumb/235/9039ACC5996146999A42D04AEABA28E4
006F5393B3BF4EEF8576D8AB39329B60	006F5393B3BF4EEF8576D8AB39329B60	thumb	placeholder	https://proxy.archieven.nl/thumb/235/006F5393B3BF4EEF8576D8AB39329B60
EC367548BE6B499C853AE9929F63813B	EC367548BE6B499C853AE9929F63813B	thumb	placeholder	https://proxy.archieven.nl/thumb/235/EC367548BE6B499C853AE9929F63813B
5E82D0CC3117409CBFBA9DCA5B58C6EC	5E82D0CC3117409CBFBA9DCA5B58C6EC	thumb	placeholder	https://proxy.archieven.nl/thumb/235/5E82D0CC3117409CBFBA9DCA5B58C6EC
88CF9F6E62694E9FAF3A61E8D0AB99BE	88CF9F6E62694E9FAF3A61E8D0AB99BE	thumb	placeholder	https://proxy.archieven.nl/thumb/235/88CF9F6E62694E9FAF3A61E8D0AB99BE
0DB7A1D3915846BFA04EC4A626793AAE	0DB7A1D3915846BFA04EC4A626793AAE	thumb	placeholder	https://proxy.archieven.nl/thumb/235/0DB7A1D3915846BFA04EC4A626793AAE
42988AEDB00840EBA02FCD986DFFAA5B	42988AEDB00840EBA02FCD986DFFAA5B	thumb	placeholder	https://proxy.archieven.nl/thumb/235/42988AEDB00840EBA02FCD986DFFAA5B
0E8FC32DDBC949979ADD9101AE2D5DBC	0E8FC32DDBC949979ADD9101AE2D5DBC	thumb	placeholder	https://proxy.archieven.nl/thumb/235/0E8FC32DDBC949979ADD9101AE2D5DBC
ADBB954C9DF34B2A9529F6FD26940774	ADBB954C9DF34B2A9529F6FD26940774	thumb	placeholder	https://proxy.archieven.nl/thumb/235/ADBB954C9DF34B2A9529F6FD26940774
5E38E331B8074D6FBC32565DA22B5456	5E38E331B8074D6FBC32565DA22B5456	thumb	placeholder	https://proxy.archieven.nl/thumb/235/5E38E331B8074D6FBC32565DA22B5456
56865BBE813744A28BD505793826746F	56865BBE813744A28BD505793826746F	thumb	placeholder	https://proxy.archieven.nl/thumb/235/56865BBE813744A28BD505793826746F
E2B5A9A5AFB6418691B770A499172545	E2B5A9A5AFB6418691B770A499172545	thumb	placeholder	https://proxy.archieven.nl/thumb/235/E2B5A9A5AFB6418691B770A499172545
1919F356A4CC444EA89F5D6ABFF18329	1919F356A4CC444EA89F5D6ABFF18329	thumb	placeholder	https://proxy.archieven.nl/thumb/235/1919F356A4CC444EA89F5D6ABFF18329
561052725B6441F2A4A1C80E30E1B9B9	561052725B6441F2A4A1C80E30E1B9B9	thumb	placeholder	https://proxy.archieven.nl/thumb/235/561052725B6441F2A4A1C80E30E1B9B9
2010DD9C2C9446BCB26406512B91B94F	2010DD9C2C9446BCB26406512B91B94F	thumb	placeholder	https://proxy.archieven.nl/thumb/235/2010DD9C2C9446BCB26406512B91B94F
57F4F6014B3A41DB8FCA409125A529E5	57F4F6014B3A41DB8FCA409125A529E5	thumb	placeholder	https://proxy.archieven.nl/thumb/235/57F4F6014B3A41DB8FCA409125A529E5
C1EA7DE91DE144D7B41F183D262DD4F4	C1EA7DE91DE144D7B41F183D262DD4F4	thumb	placeholder	https://proxy.archieven.nl/thumb/235/C1EA7DE91DE144D7B41F183D262DD4F4
0904F82F7B1D42FC9F8844A0B6A281AD	0904F82F7B1D42FC9F8844A0B6A281AD	thumb	placeholder	https://proxy.archieven.nl/thumb/235/0904F82F7B1D42FC9F8844A0B6A281AD
E5F2104E17504AD3B73AF9B67E3C1938	E5F2104E17504AD3B73AF9B67E3C1938	thumb	placeholder	https://proxy.archieven.nl/thumb/235/E5F2104E17504AD3B73AF9B67E3C1938
C5B1EB195DE44AF78EBBB09E091AC0CE	C5B1EB195DE44AF78EBBB09E091AC0CE	thumb	placeholder	https://proxy.archieven.nl/thumb/235/C5B1EB195DE44AF78EBBB09E091AC0CE
74AC2E6FAD934D96929B7C7AFB88DAA9	74AC2E6FAD934D96929B7C7AFB88DAA9	thumb	placeholder	https://proxy.archieven.nl/thumb/235/74AC2E6FAD934D96929B7C7AFB88DAA9
70734C03858D44188E2E48E429AAA1D2	70734C03858D44188E2E48E429AAA1D2	thumb	placeholder	https://proxy.archieven.nl/thumb/235/70734C03858D44188E2E48E429AAA1D2
52536B8FF9044C25BF5E31BDA3439745	52536B8FF9044C25BF5E31BDA3439745	thumb	placeholder	https://proxy.archieven.nl/thumb/235/52536B8FF9044C25BF5E31BDA3439745
A525B415E3834F8F974EEEB9361D3354	A525B415E3834F8F974EEEB9361D3354	thumb	placeholder	https://proxy.archieven.nl/thumb/235/A525B415E3834F8F974EEEB9361D3354
28F65870202443B4BB0C99F5C77EA03B	28F65870202443B4BB0C99F5C77EA03B	thumb	placeholder	https://proxy.archieven.nl/thumb/235/28F65870202443B4BB0C99F5C77EA03B
E936B22BB8824FD7BE4E323FFE87FE71	E936B22BB8824FD7BE4E323FFE87FE71	thumb	placeholder	https://proxy.archieven.nl/thumb/235/E936B22BB8824FD7BE4E323FFE87FE71
7D04995A4CA94C4B99171F4DBEC1FF44	7D04995A4CA94C4B99171F4DBEC1FF44	thumb	placeholder	https://proxy.archieven.nl/thumb/235/7D04995A4CA94C4B99171F4DBEC1FF44
003AE80F11EB421AA745B949754EF5B4	003AE80F11EB421AA745B949754EF5B4	thumb	placeholder	https://proxy.archieven.nl/thumb/235/003AE80F11EB421AA745B949754EF5B4
99ED8F8930404BB69E611A5581110C9E	99ED8F8930404BB69E611A5581110C9E	thumb	placeholder	https://proxy.archieven.nl/thumb/235/99ED8F8930404BB69E611A5581110C9E
0BBA00FEA1664989A17FBC4F3DB81972	0BBA00FEA1664989A17FBC4F3DB81972	thumb	placeholder	https://proxy.archieven.nl/thumb/235/0BBA00FEA1664989A17FBC4F3DB81972
69AF3F39FD944A09B9E92980ACC955E8	69AF3F39FD944A09B9E92980ACC955E8	thumb	placeholder	https://proxy.archieven.nl/thumb/235/69AF3F39FD944A09B9E92980ACC955E8
6FD60EC3B5B14B3C840C990CC648A62B	6FD60EC3B5B14B3C840C990CC648A62B	thumb	placeholder	https://proxy.archieven.nl/thumb/235/6FD60EC3B5B14B3C840C990CC648A62B
4DFD03B3C5C949A3A2765572B516247F	4DFD03B3C5C949A3A2765572B516247F	thumb	placeholder	https://proxy.archieven.nl/thumb/235/4DFD03B3C5C949A3A2765572B516247F
DBD87B0023154852ACD9C7D3F19DBDC7	DBD87B0023154852ACD9C7D3F19DBDC7	thumb	placeholder	https://proxy.archieven.nl/thumb/235/DBD87B0023154852ACD9C7D3F19DBDC7
80E582D151034F2EB4AFE78953F5D8B3	80E582D151034F2EB4AFE78953F5D8B3	thumb	placeholder	https://proxy.archieven.nl/thumb/235/80E582D151034F2EB4AFE78953F5D8B3
A83792B4FA94440BAC45D0D94D42AD61	A83792B4FA94440BAC45D0D94D42AD61	thumb	placeholder	https://proxy.archieven.nl/thumb/235/A83792B4FA94440BAC45D0D94D42AD61
954576E0389E4B7D8CC2CAF176AE93F5	954576E0389E4B7D8CC2CAF176AE93F5	thumb	placeholder	https://proxy.archieven.nl/thumb/235/954576E0389E4B7D8CC2CAF176AE93F5
9B13F5AA03C14A27BA74EB4A377642ED	9B13F5AA03C14A27BA74EB4A377642ED	thumb	placeholder	https://proxy.archieven.nl/thumb/235/9B13F5AA03C14A27BA74EB4A377642ED
EF6FE1447C964848BE27806210FF1ADD	EF6FE1447C964848BE27806210FF1ADD	thumb	placeholder	https://proxy.archieven.nl/thumb/235/EF6FE1447C964848BE27806210FF1ADD
C03BB2CB85F3403B9B3F9AF7B136E715	C03BB2CB85F3403B9B3F9AF7B136E715	thumb	placeholder	https://proxy.archieven.nl/thumb/235/C03BB2CB85F3403B9B3F9AF7B136E715
CDEFDC61345543BCB459C739196DD7A1	CDEFDC61345543BCB459C739196DD7A1	thumb	placeholder	https://proxy.archieven.nl/thumb/235/CDEFDC61345543BCB459C739196DD7A1
E5AA2ED5154C4AF88584D823B41FCB7E	E5AA2ED5154C4AF88584D823B41FCB7E	thumb	placeholder	https://proxy.archieven.nl/thumb/235/E5AA2ED5154C4AF88584D823B41FCB7E
18A0E11463DF414A877A6AC3DB6BC75C	18A0E11463DF414A877A6AC3DB6BC75C	thumb	placeholder	https://proxy.archieven.nl/thumb/235/18A0E11463DF414A877A6AC3DB6BC75C
3C7715996EAF4ABBAB25C8E06DCD50D7	3C7715996EAF4ABBAB25C8E06DCD50D7	thumb	placeholder	https://proxy.archieven.nl/thumb/235/3C7715996EAF4ABBAB25C8E06DCD50D7
2F7BA56DE56A47E4B881609950B484DE	2F7BA56DE56A47E4B881609950B484DE	thumb	placeholder	https://proxy.archieven.nl/thumb/235/2F7BA56DE56A47E4B881609950B484DE
8962BBE8BFEF4D588A371FB8340FAFF8	8962BBE8BFEF4D588A371FB8340FAFF8	thumb	placeholder	https://proxy.archieven.nl/thumb/235/8962BBE8BFEF4D588A371FB8340FAFF8
15CDCCA9BA7042DE8C490D58DFE2B58D	15CDCCA9BA7042DE8C490D58DFE2B58D	thumb	placeholder	https://proxy.archieven.nl/thumb/235/15CDCCA9BA7042DE8C490D58DFE2B58D
F48D44A6C2274595B392FC50DF11CAB8	F48D44A6C2274595B392FC50DF11CAB8	thumb	placeholder	https://proxy.archieven.nl/thumb/235/F48D44A6C2274595B392FC50DF11CAB8
018FBBE5D6C042FDA8A695F97F05CD11	018FBBE5D6C042FDA8A695F97F05CD11	thumb	placeholder	https://proxy.archieven.nl/thumb/235/018FBBE5D6C042FDA8A695F97F05CD11
B2F64D3A38DE470C977408E084458370	B2F64D3A38DE470C977408E084458370	thumb	placeholder	https://proxy.archieven.nl/thumb/235/B2F64D3A38DE470C977408E084458370
37F5DE2DA3984DC1963CE9A2573D898E	37F5DE2DA3984DC1963CE9A2573D898E	thumb	placeholder	https://proxy.archieven.nl/thumb/235/37F5DE2DA3984DC1963CE9A2573D898E
5EEFF24B75474A6CBD175612842F8D05	5EEFF24B75474A6CBD175612842F8D05	thumb	placeholder	https://proxy.archieven.nl/thumb/235/5EEFF24B75474A6CBD175612842F8D05
F9E6DBC8CE214AE59828247DC44A96E3	F9E6DBC8CE214AE59828247DC44A96E3	thumb	placeholder	https://proxy.archieven.nl/thumb/235/F9E6DBC8CE214AE59828247DC44A96E3
10B72BA9DCFA4DC5904DD25E7609E3B9	10B72BA9DCFA4DC5904DD25E7609E3B9	thumb	placeholder	https://proxy.archieven.nl/thumb/235/10B72BA9DCFA4DC5904DD25E7609E3B9
CBBD51ACABAC4FAF8945ABCF96BE5599	CBBD51ACABAC4FAF8945ABCF96BE5599	thumb	placeholder	https://proxy.archieven.nl/thumb/235/CBBD51ACABAC4FAF8945ABCF96BE5599
648C6E178E6C49918EC42F1992AE00B0	648C6E178E6C49918EC42F1992AE00B0	thumb	placeholder	https://proxy.archieven.nl/thumb/235/648C6E178E6C49918EC42F1992AE00B0
787DD51EA7B64FAFB9A946CADBDE8250	787DD51EA7B64FAFB9A946CADBDE8250	thumb	placeholder	https://proxy.archieven.nl/thumb/235/787DD51EA7B64FAFB9A946CADBDE8250
C7297FDA2D07456BACCA64F488721339	C7297FDA2D07456BACCA64F488721339	thumb	placeholder	https://proxy.archieven.nl/thumb/235/C7297FDA2D07456BACCA64F488721339
E213CB46E4134A86BE1CB341DCBC8173	E213CB46E4134A86BE1CB341DCBC8173	thumb	placeholder	https://proxy.archieven.nl/thumb/235/E213CB46E4134A86BE1CB341DCBC8173
7CC4A74626BA466F96FBAF20A5332F75	7CC4A74626BA466F96FBAF20A5332F75	thumb	placeholder	https://proxy.archieven.nl/thumb/235/7CC4A74626BA466F96FBAF20A5332F75
5F4124E6800F4EA48BF756E6B3E7DDE1	5F4124E6800F4EA48BF756E6B3E7DDE1	thumb	placeholder	https://proxy.archieven.nl/thumb/235/5F4124E6800F4EA48BF756E6B3E7DDE1
57B92412CEE14C94AB12BF3D535ED2A3	57B92412CEE14C94AB12BF3D535ED2A3	thumb	placeholder	https://proxy.archieven.nl/thumb/235/57B92412CEE14C94AB12BF3D535ED2A3
D8C0DCBE67854B9EA986EDE2FEE4D15D	D8C0DCBE67854B9EA986EDE2FEE4D15D	thumb	placeholder	https://proxy.archieven.nl/thumb/235/D8C0DCBE67854B9EA986EDE2FEE4D15D
7B251117671E4C05A0B3F0E94FDA1752	7B251117671E4C05A0B3F0E94FDA1752	thumb	placeholder	https://proxy.archieven.nl/thumb/235/7B251117671E4C05A0B3F0E94FDA1752
B42D61F45FAF4AA98C782D02131BDFFD	B42D61F45FAF4AA98C782D02131BDFFD	thumb	placeholder	https://proxy.archieven.nl/thumb/235/B42D61F45FAF4AA98C782D02131BDFFD
49C57B49B1EE492999329E325645B14C	49C57B49B1EE492999329E325645B14C	thumb	placeholder	https://proxy.archieven.nl/thumb/235/49C57B49B1EE492999329E325645B14C
6ECFFB3CE64F4273BF9889C9EE24F0EF	6ECFFB3CE64F4273BF9889C9EE24F0EF	thumb	placeholder	https://proxy.archieven.nl/thumb/235/6ECFFB3CE64F4273BF9889C9EE24F0EF
1541184443AF4BB4AC1B59F59C6B8675	1541184443AF4BB4AC1B59F59C6B8675	thumb	placeholder	https://proxy.archieven.nl/thumb/235/1541184443AF4BB4AC1B59F59C6B8675
5AD5E21B36264903A93BA59BED7C20A7	5AD5E21B36264903A93BA59BED7C20A7	thumb	placeholder	https://proxy.archieven.nl/thumb/235/5AD5E21B36264903A93BA59BED7C20A7
BB5A79E7CB774CB182EF9DF994EF9917	BB5A79E7CB774CB182EF9DF994EF9917	thumb	placeholder	https://proxy.archieven.nl/thumb/235/BB5A79E7CB774CB182EF9DF994EF9917
3215D92BE3714F2C87360269583E2B2F	3215D92BE3714F2C87360269583E2B2F	thumb	placeholder	https://proxy.archieven.nl/thumb/235/3215D92BE3714F2C87360269583E2B2F
5B8FBA98C5914E939B620A49E6B2AA0B	5B8FBA98C5914E939B620A49E6B2AA0B	thumb	placeholder	https://proxy.archieven.nl/thumb/235/5B8FBA98C5914E939B620A49E6B2AA0B
BACBECB8A1C74B35997884D830F17765	BACBECB8A1C74B35997884D830F17765	thumb	placeholder	https://proxy.archieven.nl/thumb/235/BACBECB8A1C74B35997884D830F17765
6DC2BA1B64654060A16A01A434B3FED7	6DC2BA1B64654060A16A01A434B3FED7	thumb	placeholder	https://proxy.archieven.nl/thumb/235/6DC2BA1B64654060A16A01A434B3FED7
4FD84D53C06247A585432CBBE82DE475	4FD84D53C06247A585432CBBE82DE475	thumb	placeholder	https://proxy.archieven.nl/thumb/235/4FD84D53C06247A585432CBBE82DE475
7DDFA14ABF024B61A7B7C3FD7D4FEB2F	7DDFA14ABF024B61A7B7C3FD7D4FEB2F	thumb	placeholder	https://proxy.archieven.nl/thumb/235/7DDFA14ABF024B61A7B7C3FD7D4FEB2F
E7C82651061E449E85F184EEA8EAC5E1	E7C82651061E449E85F184EEA8EAC5E1	thumb	placeholder	https://proxy.archieven.nl/thumb/235/E7C82651061E449E85F184EEA8EAC5E1
E510CF9F41CC4FF5BFAF12A852F38A87	E510CF9F41CC4FF5BFAF12A852F38A87	thumb	placeholder	https://proxy.archieven.nl/thumb/235/E510CF9F41CC4FF5BFAF12A852F38A87
167A5EDBB30F4D24A56D1270E43C7BAC	167A5EDBB30F4D24A56D1270E43C7BAC	thumb	placeholder	https://proxy.archieven.nl/thumb/235/167A5EDBB30F4D24A56D1270E43C7BAC
CF060422207B4303AA154FBF6F1FDE78	CF060422207B4303AA154FBF6F1FDE78	thumb	placeholder	https://proxy.archieven.nl/thumb/235/CF060422207B4303AA154FBF6F1FDE78
5AC714A20F7E4E06AB9283F497F7548F	5AC714A20F7E4E06AB9283F497F7548F	thumb	placeholder	https://proxy.archieven.nl/thumb/235/5AC714A20F7E4E06AB9283F497F7548F
1E7DA3CE857C469EB7C88ED0F3FB8DF1	1E7DA3CE857C469EB7C88ED0F3FB8DF1	thumb	placeholder	https://proxy.archieven.nl/thumb/235/1E7DA3CE857C469EB7C88ED0F3FB8DF1
49698BDBBF2940428468D6527F71CB45	49698BDBBF2940428468D6527F71CB45	thumb	placeholder	https://proxy.archieven.nl/thumb/235/49698BDBBF2940428468D6527F71CB45
8CA437C51F0B40F8A2A74825A5CD7DC4	8CA437C51F0B40F8A2A74825A5CD7DC4	thumb	placeholder	https://proxy.archieven.nl/thumb/235/8CA437C51F0B40F8A2A74825A5CD7DC4
A4886B5B24EF4E14BBE74E0735D80DAC	A4886B5B24EF4E14BBE74E0735D80DAC	thumb	placeholder	https://proxy.archieven.nl/thumb/235/A4886B5B24EF4E14BBE74E0735D80DAC
1C9B5265A96D4F17A12DFF89A919CFA7	1C9B5265A96D4F17A12DFF89A919CFA7	thumb	placeholder	https://proxy.archieven.nl/thumb/235/1C9B5265A96D4F17A12DFF89A919CFA7
A5FA3F906CA643408C2852F17A44BCE4	A5FA3F906CA643408C2852F17A44BCE4	thumb	placeholder	https://proxy.archieven.nl/thumb/235/A5FA3F906CA643408C2852F17A44BCE4
A626CD42EFD448EEBE5D6C8D662FF4D0	A626CD42EFD448EEBE5D6C8D662FF4D0	thumb	placeholder	https://proxy.archieven.nl/thumb/235/A626CD42EFD448EEBE5D6C8D662FF4D0
E626E07439624C5BAF9E5D6A8B34E23B	E626E07439624C5BAF9E5D6A8B34E23B	thumb	placeholder	https://proxy.archieven.nl/thumb/235/E626E07439624C5BAF9E5D6A8B34E23B
3DEDC155A09243E0BE561E733BEFB295	3DEDC155A09243E0BE561E733BEFB295	thumb	placeholder	https://proxy.archieven.nl/thumb/235/3DEDC155A09243E0BE561E733BEFB295
E23FFFB029AF4AA884DCD93B823AC186	E23FFFB029AF4AA884DCD93B823AC186	thumb	placeholder	https://proxy.archieven.nl/thumb/235/E23FFFB029AF4AA884DCD93B823AC186
397BA4AE2D904243BFD3151C8F6F200A	397BA4AE2D904243BFD3151C8F6F200A	thumb	placeholder	https://proxy.archieven.nl/thumb/235/397BA4AE2D904243BFD3151C8F6F200A
0DE5DD6A52FB47AE9E490AD52193BAA7	0DE5DD6A52FB47AE9E490AD52193BAA7	thumb	placeholder	https://proxy.archieven.nl/thumb/235/0DE5DD6A52FB47AE9E490AD52193BAA7
D401AC28419A479C833E02499B42FBA7	D401AC28419A479C833E02499B42FBA7	thumb	placeholder	https://proxy.archieven.nl/thumb/235/D401AC28419A479C833E02499B42FBA7
D4689AA38A9F4D89AF1BC3ACC8711ED7	D4689AA38A9F4D89AF1BC3ACC8711ED7	thumb	placeholder	https://proxy.archieven.nl/thumb/235/D4689AA38A9F4D89AF1BC3ACC8711ED7
D44DC0CF9AD74AB8B91BE4EFEADA0E7A	D44DC0CF9AD74AB8B91BE4EFEADA0E7A	thumb	placeholder	https://proxy.archieven.nl/thumb/235/D44DC0CF9AD74AB8B91BE4EFEADA0E7A
35FF75B102614800B08FC31886917818	35FF75B102614800B08FC31886917818	thumb	placeholder	https://proxy.archieven.nl/thumb/235/35FF75B102614800B08FC31886917818
372210BAA6EE4B14910C46E16350064B	372210BAA6EE4B14910C46E16350064B	thumb	placeholder	https://proxy.archieven.nl/thumb/235/372210BAA6EE4B14910C46E16350064B
BFB32AE398A84326992433C4DCAF60F1	BFB32AE398A84326992433C4DCAF60F1	thumb	placeholder	https://proxy.archieven.nl/thumb/235/BFB32AE398A84326992433C4DCAF60F1
E8A6D98100A14036B583A9B0C07B90D0	E8A6D98100A14036B583A9B0C07B90D0	thumb	placeholder	https://proxy.archieven.nl/thumb/235/E8A6D98100A14036B583A9B0C07B90D0
8A468DAD5B3F4EDF85E5EEC2161EC916	8A468DAD5B3F4EDF85E5EEC2161EC916	thumb	placeholder	https://proxy.archieven.nl/thumb/235/8A468DAD5B3F4EDF85E5EEC2161EC916
AE854C267E6245A88BD3836EBC281281	AE854C267E6245A88BD3836EBC281281	thumb	placeholder	https://proxy.archieven.nl/thumb/235/AE854C267E6245A88BD3836EBC281281
102C56B6AC274473B6AB188923C56BD9	102C56B6AC274473B6AB188923C56BD9	thumb	placeholder	https://proxy.archieven.nl/thumb/235/102C56B6AC274473B6AB188923C56BD9
C6EC2767DF7A40D7A840680562BFB1B4	C6EC2767DF7A40D7A840680562BFB1B4	thumb	placeholder	https://proxy.archieven.nl/thumb/235/C6EC2767DF7A40D7A840680562BFB1B4
529C92B890B14A2EBD9DE24134673688	529C92B890B14A2EBD9DE24134673688	thumb	placeholder	https://proxy.archieven.nl/thumb/235/529C92B890B14A2EBD9DE24134673688
A8C21A3C32824C9CB93BE15CD9D74D5A	A8C21A3C32824C9CB93BE15CD9D74D5A	thumb	placeholder	https://proxy.archieven.nl/thumb/235/A8C21A3C32824C9CB93BE15CD9D74D5A
F97422AF7A044D0A8723705A5D5A7F48	F97422AF7A044D0A8723705A5D5A7F48	thumb	placeholder	https://proxy.archieven.nl/thumb/235/F97422AF7A044D0A8723705A5D5A7F48
48D817404FDF428CBA0BD596625682E2	48D817404FDF428CBA0BD596625682E2	thumb	placeholder	https://proxy.archieven.nl/thumb/235/48D817404FDF428CBA0BD596625682E2
AF365AEB6BCA456C84EE21B7942A93D8	AF365AEB6BCA456C84EE21B7942A93D8	thumb	placeholder	https://proxy.archieven.nl/thumb/235/AF365AEB6BCA456C84EE21B7942A93D8
1C6A7DEAB2D44097AEEA4CEBB28E7D75	1C6A7DEAB2D44097AEEA4CEBB28E7D75	thumb	placeholder	https://proxy.archieven.nl/thumb/235/1C6A7DEAB2D44097AEEA4CEBB28E7D75
934F26107F2741A5A88CB721DCDB1A49	934F26107F2741A5A88CB721DCDB1A49	thumb	placeholder	https://proxy.archieven.nl/thumb/235/934F26107F2741A5A88CB721DCDB1A49
0F0693CA6031426E93ACDB9F7B024841	0F0693CA6031426E93ACDB9F7B024841	thumb	placeholder	https://proxy.archieven.nl/thumb/235/0F0693CA6031426E93ACDB9F7B024841
AC4254B8A5EE4D279566C2D9671E9C45	AC4254B8A5EE4D279566C2D9671E9C45	thumb	placeholder	https://proxy.archieven.nl/thumb/235/AC4254B8A5EE4D279566C2D9671E9C45
F3CD000D11284562B66C830180429B05	F3CD000D11284562B66C830180429B05	thumb	placeholder	https://proxy.archieven.nl/thumb/235/F3CD000D11284562B66C830180429B05
8C133EF9E13E4EC3A0F1925225CCCAD8	8C133EF9E13E4EC3A0F1925225CCCAD8	thumb	placeholder	https://proxy.archieven.nl/thumb/235/8C133EF9E13E4EC3A0F1925225CCCAD8
645F8AA48EBB40859A838B3700D2BB08	645F8AA48EBB40859A838B3700D2BB08	thumb	placeholder	https://proxy.archieven.nl/thumb/235/645F8AA48EBB40859A838B3700D2BB08
A81DDD79F69A4BE4BB2C9505F54ABAE8	A81DDD79F69A4BE4BB2C9505F54ABAE8	thumb	placeholder	https://proxy.archieven.nl/thumb/235/A81DDD79F69A4BE4BB2C9505F54ABAE8
8206E0276E3C44CDB0F5CD9D2FA3F9B2	8206E0276E3C44CDB0F5CD9D2FA3F9B2	thumb	placeholder	https://proxy.archieven.nl/thumb/235/8206E0276E3C44CDB0F5CD9D2FA3F9B2
F8EE2BCE081249BB8608382214138558	F8EE2BCE081249BB8608382214138558	thumb	placeholder	https://proxy.archieven.nl/thumb/235/F8EE2BCE081249BB8608382214138558
57C9DCAE5478457D938774875D049A67	57C9DCAE5478457D938774875D049A67	thumb	placeholder	https://proxy.archieven.nl/thumb/235/57C9DCAE5478457D938774875D049A67
EC2D2F781C4B4DAF9E06770E2908215C	EC2D2F781C4B4DAF9E06770E2908215C	thumb	placeholder	https://proxy.archieven.nl/thumb/235/EC2D2F781C4B4DAF9E06770E2908215C
F76DD3259C014C51933CCD7A7DAD1286	F76DD3259C014C51933CCD7A7DAD1286	thumb	placeholder	https://proxy.archieven.nl/thumb/235/F76DD3259C014C51933CCD7A7DAD1286
7B354E5B7D724E4CB3A87491884ED5DE	7B354E5B7D724E4CB3A87491884ED5DE	thumb	placeholder	https://proxy.archieven.nl/thumb/235/7B354E5B7D724E4CB3A87491884ED5DE
44E04E0FB3E24423AFE357A2B70EE6DA	44E04E0FB3E24423AFE357A2B70EE6DA	thumb	placeholder	https://proxy.archieven.nl/thumb/235/44E04E0FB3E24423AFE357A2B70EE6DA
1F8F3F39F1664C60807A3EF6352AB0A8	1F8F3F39F1664C60807A3EF6352AB0A8	thumb	placeholder	https://proxy.archieven.nl/thumb/235/1F8F3F39F1664C60807A3EF6352AB0A8
1F3D616A4FE14C979F9D5C947A56164B	1F3D616A4FE14C979F9D5C947A56164B	thumb	placeholder	https://proxy.archieven.nl/thumb/235/1F3D616A4FE14C979F9D5C947A56164B
103A8014B7A74D87AB7B4C3DF7FE5707	103A8014B7A74D87AB7B4C3DF7FE5707	thumb	placeholder	https://proxy.archieven.nl/thumb/235/103A8014B7A74D87AB7B4C3DF7FE5707
9B73B0B6470D4A4D8C5684EACF8BB115	9B73B0B6470D4A4D8C5684EACF8BB115	thumb	placeholder	https://proxy.archieven.nl/thumb/235/9B73B0B6470D4A4D8C5684EACF8BB115
687BB8E0308B49FFA9B412A28E387969	687BB8E0308B49FFA9B412A28E387969	thumb	placeholder	https://proxy.archieven.nl/thumb/235/687BB8E0308B49FFA9B412A28E387969
CF8D6629F4824142A78449C4B245547C	CF8D6629F4824142A78449C4B245547C	thumb	placeholder	https://proxy.archieven.nl/thumb/235/CF8D6629F4824142A78449C4B245547C
5754E7AC6EAA407B8BD54666B35790B4	5754E7AC6EAA407B8BD54666B35790B4	thumb	placeholder	https://proxy.archieven.nl/thumb/235/5754E7AC6EAA407B8BD54666B35790B4
B161D29B2B6F4413B8203E38F42DAF3D	B161D29B2B6F4413B8203E38F42DAF3D	thumb	placeholder	https://proxy.archieven.nl/thumb/235/B161D29B2B6F4413B8203E38F42DAF3D
E8BB970F85944325B1659A2BBED15BA9	E8BB970F85944325B1659A2BBED15BA9	thumb	placeholder	https://proxy.archieven.nl/thumb/235/E8BB970F85944325B1659A2BBED15BA9
90B36489ED624D0BB4A425F7FDD46B58	90B36489ED624D0BB4A425F7FDD46B58	thumb	placeholder	https://proxy.archieven.nl/thumb/235/90B36489ED624D0BB4A425F7FDD46B58
F82E1D342AF241148BAC1A3144AFED0F	F82E1D342AF241148BAC1A3144AFED0F	thumb	placeholder	https://proxy.archieven.nl/thumb/235/F82E1D342AF241148BAC1A3144AFED0F
0CAB0C5991BC42EFB07E8985DB3AB5B6	0CAB0C5991BC42EFB07E8985DB3AB5B6	thumb	placeholder	https://proxy.archieven.nl/thumb/235/0CAB0C5991BC42EFB07E8985DB3AB5B6
C6F8F4DA1A85455CA5920F724F026745	C6F8F4DA1A85455CA5920F724F026745	thumb	placeholder	https://proxy.archieven.nl/thumb/235/C6F8F4DA1A85455CA5920F724F026745
6B06D633E8BE47FF8BCCE2E3F2BCE846	6B06D633E8BE47FF8BCCE2E3F2BCE846	thumb	placeholder	https://proxy.archieven.nl/thumb/235/6B06D633E8BE47FF8BCCE2E3F2BCE846
0FDEC969429747E6AD1C9D19099736BA	0FDEC969429747E6AD1C9D19099736BA	thumb	placeholder	https://proxy.archieven.nl/thumb/235/0FDEC969429747E6AD1C9D19099736BA
9EFE06A6F64D47A7BBA98BBD1B643E81	9EFE06A6F64D47A7BBA98BBD1B643E81	thumb	placeholder	https://proxy.archieven.nl/thumb/235/9EFE06A6F64D47A7BBA98BBD1B643E81
F9932ED8828A4CB7B29A7D34161A9792	F9932ED8828A4CB7B29A7D34161A9792	thumb	placeholder	https://proxy.archieven.nl/thumb/235/F9932ED8828A4CB7B29A7D34161A9792
6DD426DCAEF249039F593DADC3A8DB9D	6DD426DCAEF249039F593DADC3A8DB9D	thumb	placeholder	https://proxy.archieven.nl/thumb/235/6DD426DCAEF249039F593DADC3A8DB9D
2B8D1D0591A14804AB606F05A54F0CB2	2B8D1D0591A14804AB606F05A54F0CB2	thumb	placeholder	https://proxy.archieven.nl/thumb/235/2B8D1D0591A14804AB606F05A54F0CB2
47F2388F4EB8478A94C66A62AC20EEEF	47F2388F4EB8478A94C66A62AC20EEEF	thumb	placeholder	https://proxy.archieven.nl/thumb/235/47F2388F4EB8478A94C66A62AC20EEEF
E5E51AF3F1B94B3295E8626EDFDE728F	E5E51AF3F1B94B3295E8626EDFDE728F	thumb	placeholder	https://proxy.archieven.nl/thumb/235/E5E51AF3F1B94B3295E8626EDFDE728F
C797B7A6EAD94C36A01B5307B71D44ED	C797B7A6EAD94C36A01B5307B71D44ED	thumb	placeholder	https://proxy.archieven.nl/thumb/235/C797B7A6EAD94C36A01B5307B71D44ED
579D625F7804401B8422CA3008AF06E6	579D625F7804401B8422CA3008AF06E6	thumb	placeholder	https://proxy.archieven.nl/thumb/235/579D625F7804401B8422CA3008AF06E6
05D14A600F924953AF355B8BFB389E7F	05D14A600F924953AF355B8BFB389E7F	thumb	placeholder	https://proxy.archieven.nl/thumb/235/05D14A600F924953AF355B8BFB389E7F
1B7386076A4C41F78C19BC291C975315	1B7386076A4C41F78C19BC291C975315	thumb	placeholder	https://proxy.archieven.nl/thumb/235/1B7386076A4C41F78C19BC291C975315
8348A0511ECB429CB88650DCAC023AD1	8348A0511ECB429CB88650DCAC023AD1	thumb	placeholder	https://proxy.archieven.nl/thumb/235/8348A0511ECB429CB88650DCAC023AD1
FFE72CC7461A4D89A1806C23E7D68D53	FFE72CC7461A4D89A1806C23E7D68D53	thumb	placeholder	https://proxy.archieven.nl/thumb/235/FFE72CC7461A4D89A1806C23E7D68D53
282212A1ECA74796A5C2A54E6E700CC2	282212A1ECA74796A5C2A54E6E700CC2	thumb	placeholder	https://proxy.archieven.nl/thumb/235/282212A1ECA74796A5C2A54E6E700CC2
513C78DE8FFE40519BDD8EBAA003904B	513C78DE8FFE40519BDD8EBAA003904B	thumb	placeholder	https://proxy.archieven.nl/thumb/235/513C78DE8FFE40519BDD8EBAA003904B
4B7CE296562242D7B10614B0560D89AA	4B7CE296562242D7B10614B0560D89AA	thumb	placeholder	https://proxy.archieven.nl/thumb/235/4B7CE296562242D7B10614B0560D89AA
5FA8177DE726492695A4A981899093EC	5FA8177DE726492695A4A981899093EC	thumb	placeholder	https://proxy.archieven.nl/thumb/235/5FA8177DE726492695A4A981899093EC
24675ABA0F514C6AA1DC4DB202093115	24675ABA0F514C6AA1DC4DB202093115	thumb	placeholder	https://proxy.archieven.nl/thumb/235/24675ABA0F514C6AA1DC4DB202093115
E3E55FCD3F484CD4A1678A75567808CB	E3E55FCD3F484CD4A1678A75567808CB	thumb	placeholder	https://proxy.archieven.nl/thumb/235/E3E55FCD3F484CD4A1678A75567808CB
95DC24AE1EFB4F52932235CB0D2D6012	95DC24AE1EFB4F52932235CB0D2D6012	thumb	placeholder	https://proxy.archieven.nl/thumb/235/95DC24AE1EFB4F52932235CB0D2D6012
B6D91C9B89094590BE27CD16FF225B58	B6D91C9B89094590BE27CD16FF225B58	thumb	placeholder	https://proxy.archieven.nl/thumb/235/B6D91C9B89094590BE27CD16FF225B58
9938BC8E25924143B34A4094C2C7B270	9938BC8E25924143B34A4094C2C7B270	thumb	placeholder	https://proxy.archieven.nl/thumb/235/9938BC8E25924143B34A4094C2C7B270
850A34A9A1DA4CFE84B374D4822B722A	850A34A9A1DA4CFE84B374D4822B722A	thumb	placeholder	https://proxy.archieven.nl/thumb/235/850A34A9A1DA4CFE84B374D4822B722A
2CE0E093E52C46938EA97F5D6C3C8BD6	2CE0E093E52C46938EA97F5D6C3C8BD6	thumb	placeholder	https://proxy.archieven.nl/thumb/235/2CE0E093E52C46938EA97F5D6C3C8BD6
7D45E76B0B1C472EA08C7512AD322DC0	7D45E76B0B1C472EA08C7512AD322DC0	thumb	placeholder	https://proxy.archieven.nl/thumb/235/7D45E76B0B1C472EA08C7512AD322DC0
533FDDFA390E43D884D90247990AA225	533FDDFA390E43D884D90247990AA225	thumb	placeholder	https://proxy.archieven.nl/thumb/235/533FDDFA390E43D884D90247990AA225
ACE04E299A884182A660392FC692AAFE	ACE04E299A884182A660392FC692AAFE	thumb	placeholder	https://proxy.archieven.nl/thumb/235/ACE04E299A884182A660392FC692AAFE
26CF5DBE60B64A27B6717836F33B8B2C	26CF5DBE60B64A27B6717836F33B8B2C	thumb	placeholder	https://proxy.archieven.nl/thumb/235/26CF5DBE60B64A27B6717836F33B8B2C
206D9FD1F42A438B9F228956522A3CCA	206D9FD1F42A438B9F228956522A3CCA	thumb	placeholder	https://proxy.archieven.nl/thumb/235/206D9FD1F42A438B9F228956522A3CCA
D5329FBE74CF4F0997CAF23AEE31308C	D5329FBE74CF4F0997CAF23AEE31308C	thumb	placeholder	https://proxy.archieven.nl/thumb/235/D5329FBE74CF4F0997CAF23AEE31308C
4977EAACA9D443B8A39D0B2DFAF5C9CB	4977EAACA9D443B8A39D0B2DFAF5C9CB	thumb	placeholder	https://proxy.archieven.nl/thumb/235/4977EAACA9D443B8A39D0B2DFAF5C9CB
0E2AE5134BAF45E9BA124CA9B8FAA5C9	0E2AE5134BAF45E9BA124CA9B8FAA5C9	thumb	placeholder	https://proxy.archieven.nl/thumb/235/0E2AE5134BAF45E9BA124CA9B8FAA5C9
FB87D96E2B94405DB5D76E6E514BBECD	FB87D96E2B94405DB5D76E6E514BBECD	thumb	placeholder	https://proxy.archieven.nl/thumb/235/FB87D96E2B94405DB5D76E6E514BBECD
0271871C700944B383BE1C338F75A7E7	0271871C700944B383BE1C338F75A7E7	thumb	placeholder	https://proxy.archieven.nl/thumb/235/0271871C700944B383BE1C338F75A7E7
47D917D6177B41FB974CC16A270F2C7F	47D917D6177B41FB974CC16A270F2C7F	thumb	placeholder	https://proxy.archieven.nl/thumb/235/47D917D6177B41FB974CC16A270F2C7F
38EC67F4686E4B8EAB51BB21E10C7E2B	38EC67F4686E4B8EAB51BB21E10C7E2B	thumb	placeholder	https://proxy.archieven.nl/thumb/235/38EC67F4686E4B8EAB51BB21E10C7E2B
16BC727891D146A8960C9140D6EE51EF	16BC727891D146A8960C9140D6EE51EF	thumb	placeholder	https://proxy.archieven.nl/thumb/235/16BC727891D146A8960C9140D6EE51EF
8ED79C2599E74E6194A7802D728AA442	8ED79C2599E74E6194A7802D728AA442	thumb	placeholder	https://proxy.archieven.nl/thumb/235/8ED79C2599E74E6194A7802D728AA442
2AFE9C9801DE44B9A60F1E2D3FF94A08	2AFE9C9801DE44B9A60F1E2D3FF94A08	thumb	placeholder	https://proxy.archieven.nl/thumb/235/2AFE9C9801DE44B9A60F1E2D3FF94A08
9F5DA9B02506476F829226B1066FE64F	9F5DA9B02506476F829226B1066FE64F	thumb	placeholder	https://proxy.archieven.nl/thumb/235/9F5DA9B02506476F829226B1066FE64F
028E8112D363472DB8A95E5C65A65FF7	028E8112D363472DB8A95E5C65A65FF7	thumb	placeholder	https://proxy.archieven.nl/thumb/235/028E8112D363472DB8A95E5C65A65FF7
A402BEE6FF7B4210860D83A28C866500	A402BEE6FF7B4210860D83A28C866500	thumb	placeholder	https://proxy.archieven.nl/thumb/235/A402BEE6FF7B4210860D83A28C866500
C19B060EBA12402580B58952CF7014CA	C19B060EBA12402580B58952CF7014CA	thumb	placeholder	https://proxy.archieven.nl/thumb/235/C19B060EBA12402580B58952CF7014CA
407664F6266A4B4DAE1779B30AD6F1EC	407664F6266A4B4DAE1779B30AD6F1EC	thumb	placeholder	https://proxy.archieven.nl/thumb/235/407664F6266A4B4DAE1779B30AD6F1EC
7F17E60A34D04435A77B58DFF6F0EA7F	7F17E60A34D04435A77B58DFF6F0EA7F	thumb	placeholder	https://proxy.archieven.nl/thumb/235/7F17E60A34D04435A77B58DFF6F0EA7F
17EC2F6FA3B14DA784A8A86E80D79E61	17EC2F6FA3B14DA784A8A86E80D79E61	thumb	placeholder	https://proxy.archieven.nl/thumb/235/17EC2F6FA3B14DA784A8A86E80D79E61
B9DF2AF3E09642DDBF615E7C1EDAD2D1	B9DF2AF3E09642DDBF615E7C1EDAD2D1	thumb	placeholder	https://proxy.archieven.nl/thumb/235/B9DF2AF3E09642DDBF615E7C1EDAD2D1
087F6857DB60499C8CE783351C7B807E	087F6857DB60499C8CE783351C7B807E	thumb	placeholder	https://proxy.archieven.nl/thumb/235/087F6857DB60499C8CE783351C7B807E
3CD1D267CE9045C2A7BDB70805B54B0D	3CD1D267CE9045C2A7BDB70805B54B0D	thumb	placeholder	https://proxy.archieven.nl/thumb/235/3CD1D267CE9045C2A7BDB70805B54B0D
57F9BEA551FB4CD38ACDE9A3D05D0A57	57F9BEA551FB4CD38ACDE9A3D05D0A57	thumb	placeholder	https://proxy.archieven.nl/thumb/235/57F9BEA551FB4CD38ACDE9A3D05D0A57
C03609567D3349D7BDCECE5162763587	C03609567D3349D7BDCECE5162763587	thumb	placeholder	https://proxy.archieven.nl/thumb/235/C03609567D3349D7BDCECE5162763587
C8EF0EF41795491DBA158E387E0E9940	C8EF0EF41795491DBA158E387E0E9940	thumb	placeholder	https://proxy.archieven.nl/thumb/235/C8EF0EF41795491DBA158E387E0E9940
C245CEA4FFFA478BAB99929BEF4047A0	C245CEA4FFFA478BAB99929BEF4047A0	thumb	placeholder	https://proxy.archieven.nl/thumb/235/C245CEA4FFFA478BAB99929BEF4047A0
B485D4E73D5D4DB097D6542D9C7493F2	B485D4E73D5D4DB097D6542D9C7493F2	thumb	placeholder	https://proxy.archieven.nl/thumb/235/B485D4E73D5D4DB097D6542D9C7493F2
E100E6C08F3A4202B1AC61183A02C5E9	E100E6C08F3A4202B1AC61183A02C5E9	thumb	placeholder	https://proxy.archieven.nl/thumb/235/E100E6C08F3A4202B1AC61183A02C5E9
376D0910DFEA447780FDC41C4862537C	376D0910DFEA447780FDC41C4862537C	thumb	placeholder	https://proxy.archieven.nl/thumb/235/376D0910DFEA447780FDC41C4862537C
FCA12EFB44DC4BF7978FC3453CD9A581	FCA12EFB44DC4BF7978FC3453CD9A581	thumb	placeholder	https://proxy.archieven.nl/thumb/235/FCA12EFB44DC4BF7978FC3453CD9A581
144CF8E76D0B4B889E22AB33ED5BFC2B	144CF8E76D0B4B889E22AB33ED5BFC2B	thumb	placeholder	https://proxy.archieven.nl/thumb/235/144CF8E76D0B4B889E22AB33ED5BFC2B
CDF4DB27F69945D9BFCDE248FD4036E4	CDF4DB27F69945D9BFCDE248FD4036E4	thumb	placeholder	https://proxy.archieven.nl/thumb/235/CDF4DB27F69945D9BFCDE248FD4036E4
3DF463C685244517848769BADEDD5214	3DF463C685244517848769BADEDD5214	thumb	placeholder	https://proxy.archieven.nl/thumb/235/3DF463C685244517848769BADEDD5214
C6213AED11B1476DBB06EB6E55C7A015	C6213AED11B1476DBB06EB6E55C7A015	thumb	placeholder	https://proxy.archieven.nl/thumb/235/C6213AED11B1476DBB06EB6E55C7A015
787F7F78AFED4CE0B699472AFD0CF38B	787F7F78AFED4CE0B699472AFD0CF38B	thumb	placeholder	https://proxy.archieven.nl/thumb/235/787F7F78AFED4CE0B699472AFD0CF38B
93C6B7268A51471A81DAAB26EB2169F7	93C6B7268A51471A81DAAB26EB2169F7	thumb	placeholder	https://proxy.archieven.nl/thumb/235/93C6B7268A51471A81DAAB26EB2169F7
8469D12BD6284ABB8E209C55E8B7C6FB	8469D12BD6284ABB8E209C55E8B7C6FB	thumb	placeholder	https://proxy.archieven.nl/thumb/235/8469D12BD6284ABB8E209C55E8B7C6FB
7B5C52EEEECE4DD9B3C040EAE150B505	7B5C52EEEECE4DD9B3C040EAE150B505	thumb	placeholder	https://proxy.archieven.nl/thumb/235/7B5C52EEEECE4DD9B3C040EAE150B505
E4AFAD8FA1794787806F532738801C50	E4AFAD8FA1794787806F532738801C50	thumb	placeholder	https://proxy.archieven.nl/thumb/235/E4AFAD8FA1794787806F532738801C50
0E358CDA58234A72AB80D310A8031B6B	0E358CDA58234A72AB80D310A8031B6B	thumb	placeholder	https://proxy.archieven.nl/thumb/235/0E358CDA58234A72AB80D310A8031B6B
27F4A8D35ACF45CAA46C058BBC710281	27F4A8D35ACF45CAA46C058BBC710281	thumb	placeholder	https://proxy.archieven.nl/thumb/235/27F4A8D35ACF45CAA46C058BBC710281
B8A7BCDA13964CDC8776875C518155A1	B8A7BCDA13964CDC8776875C518155A1	thumb	placeholder	https://proxy.archieven.nl/thumb/235/B8A7BCDA13964CDC8776875C518155A1
39499921305B4B2680B324D5AB48D673	39499921305B4B2680B324D5AB48D673	thumb	placeholder	https://proxy.archieven.nl/thumb/235/39499921305B4B2680B324D5AB48D673
B7DCA21E2D264CB7882BB375173E6286	B7DCA21E2D264CB7882BB375173E6286	thumb	placeholder	https://proxy.archieven.nl/thumb/235/B7DCA21E2D264CB7882BB375173E6286
EAA8F41196B842498E3D7A44BAB6DF75	EAA8F41196B842498E3D7A44BAB6DF75	thumb	placeholder	https://proxy.archieven.nl/thumb/235/EAA8F41196B842498E3D7A44BAB6DF75
2A98D9ACC86B4D97A1170D2F4FC35E7A	2A98D9ACC86B4D97A1170D2F4FC35E7A	thumb	placeholder	https://proxy.archieven.nl/thumb/235/2A98D9ACC86B4D97A1170D2F4FC35E7A
2771BF4259864F86BAAE6F790B5C3AD9	2771BF4259864F86BAAE6F790B5C3AD9	thumb	placeholder	https://proxy.archieven.nl/thumb/235/2771BF4259864F86BAAE6F790B5C3AD9
9E9718FC34C348259A4240C72D13A365	9E9718FC34C348259A4240C72D13A365	thumb	placeholder	https://proxy.archieven.nl/thumb/235/9E9718FC34C348259A4240C72D13A365
8137653B45D847979F11211C2664D41E	8137653B45D847979F11211C2664D41E	thumb	placeholder	https://proxy.archieven.nl/thumb/235/8137653B45D847979F11211C2664D41E
30FE8F6AF66342789E1119CDDDA8B49F	30FE8F6AF66342789E1119CDDDA8B49F	thumb	placeholder	https://proxy.archieven.nl/thumb/235/30FE8F6AF66342789E1119CDDDA8B49F
8D7E9DAA60C84868890110501B877200	8D7E9DAA60C84868890110501B877200	thumb	placeholder	https://proxy.archieven.nl/thumb/235/8D7E9DAA60C84868890110501B877200
FCE4423F0C1D405496A16C68D2C277FE	FCE4423F0C1D405496A16C68D2C277FE	thumb	placeholder	https://proxy.archieven.nl/thumb/235/FCE4423F0C1D405496A16C68D2C277FE
2D92DEDDFC3B43CDA713242F5D76D719	2D92DEDDFC3B43CDA713242F5D76D719	thumb	placeholder	https://proxy.archieven.nl/thumb/235/2D92DEDDFC3B43CDA713242F5D76D719
E83F11EA16CD48F3A1019E231E7BFDAF	E83F11EA16CD48F3A1019E231E7BFDAF	thumb	placeholder	https://proxy.archieven.nl/thumb/235/E83F11EA16CD48F3A1019E231E7BFDAF
AE27D492A42740B885DA9E11F14D257A	AE27D492A42740B885DA9E11F14D257A	thumb	placeholder	https://proxy.archieven.nl/thumb/235/AE27D492A42740B885DA9E11F14D257A
A7E2719156424818A6AC5BE605568A3F	A7E2719156424818A6AC5BE605568A3F	thumb	placeholder	https://proxy.archieven.nl/thumb/235/A7E2719156424818A6AC5BE605568A3F
364758812211478AAF501D615866C7DB	364758812211478AAF501D615866C7DB	thumb	placeholder	https://proxy.archieven.nl/thumb/235/364758812211478AAF501D615866C7DB
5C70927DAC9446F4A9A61D77F5121AA1	5C70927DAC9446F4A9A61D77F5121AA1	thumb	placeholder	https://proxy.archieven.nl/thumb/235/5C70927DAC9446F4A9A61D77F5121AA1
AA74601CE1CD449FB018506693336D51	AA74601CE1CD449FB018506693336D51	thumb	placeholder	https://proxy.archieven.nl/thumb/235/AA74601CE1CD449FB018506693336D51
DF96026975254C8B8C02348410EBE5F7	DF96026975254C8B8C02348410EBE5F7	thumb	placeholder	https://proxy.archieven.nl/thumb/235/DF96026975254C8B8C02348410EBE5F7
0E9E0698F8994EFCA3645932BECBF55D	0E9E0698F8994EFCA3645932BECBF55D	thumb	placeholder	https://proxy.archieven.nl/thumb/235/0E9E0698F8994EFCA3645932BECBF55D
93367700B24C4C6AA0CD819F344984FE	93367700B24C4C6AA0CD819F344984FE	thumb	placeholder	https://proxy.archieven.nl/thumb/235/93367700B24C4C6AA0CD819F344984FE
FA2040392AEF4A09863E4DABA9FE28A2	FA2040392AEF4A09863E4DABA9FE28A2	thumb	placeholder	https://proxy.archieven.nl/thumb/235/FA2040392AEF4A09863E4DABA9FE28A2
AEDB17117841413DBD37B49A073696C5	AEDB17117841413DBD37B49A073696C5	thumb	placeholder	https://proxy.archieven.nl/thumb/235/AEDB17117841413DBD37B49A073696C5
44E3C7746CEC4E4C8A793392C84FC63A	44E3C7746CEC4E4C8A793392C84FC63A	thumb	placeholder	https://proxy.archieven.nl/thumb/235/44E3C7746CEC4E4C8A793392C84FC63A
7CF5AD4F8850459C8F4999F3BECC1FAC	7CF5AD4F8850459C8F4999F3BECC1FAC	thumb	placeholder	https://proxy.archieven.nl/thumb/235/7CF5AD4F8850459C8F4999F3BECC1FAC
374F049B7C36477E92A0012E05DFDDC7	374F049B7C36477E92A0012E05DFDDC7	thumb	placeholder	https://proxy.archieven.nl/thumb/235/374F049B7C36477E92A0012E05DFDDC7
CEE0326B7E624FF78FECB67F73CAE202	CEE0326B7E624FF78FECB67F73CAE202	thumb	placeholder	https://proxy.archieven.nl/thumb/235/CEE0326B7E624FF78FECB67F73CAE202
6EC210B0D7B04CF5901956FDBCE23D85	6EC210B0D7B04CF5901956FDBCE23D85	thumb	placeholder	https://proxy.archieven.nl/thumb/235/6EC210B0D7B04CF5901956FDBCE23D85
E00E448790FA4260B25B2158E1052D33	E00E448790FA4260B25B2158E1052D33	thumb	placeholder	https://proxy.archieven.nl/thumb/235/E00E448790FA4260B25B2158E1052D33
C7984A66441C4A89A5793C209796DCC8	C7984A66441C4A89A5793C209796DCC8	thumb	placeholder	https://proxy.archieven.nl/thumb/235/C7984A66441C4A89A5793C209796DCC8
0A2F96ECAE5B416A91C862BAB6E705D9	0A2F96ECAE5B416A91C862BAB6E705D9	thumb	placeholder	https://proxy.archieven.nl/thumb/235/0A2F96ECAE5B416A91C862BAB6E705D9
61AF25EDF09F498DA7B3A23F9B31A012	61AF25EDF09F498DA7B3A23F9B31A012	thumb	placeholder	https://proxy.archieven.nl/thumb/235/61AF25EDF09F498DA7B3A23F9B31A012
004C7CAA84024530A8C7373C073A42E6	004C7CAA84024530A8C7373C073A42E6	thumb	placeholder	https://proxy.archieven.nl/thumb/235/004C7CAA84024530A8C7373C073A42E6
BE75E3493D8F4973AB4D4B2C2EDDC166	BE75E3493D8F4973AB4D4B2C2EDDC166	thumb	placeholder	https://proxy.archieven.nl/thumb/235/BE75E3493D8F4973AB4D4B2C2EDDC166
948712E155DE451093E799379C8A0243	948712E155DE451093E799379C8A0243	thumb	placeholder	https://proxy.archieven.nl/thumb/235/948712E155DE451093E799379C8A0243
9A341D4528644414ADBAAEE586BF9F16	9A341D4528644414ADBAAEE586BF9F16	thumb	placeholder	https://proxy.archieven.nl/thumb/235/9A341D4528644414ADBAAEE586BF9F16
9105D3E6BA644D2EA7487DA54C426A45	9105D3E6BA644D2EA7487DA54C426A45	thumb	placeholder	https://proxy.archieven.nl/thumb/235/9105D3E6BA644D2EA7487DA54C426A45
5D90FB7E8565403FA75AD5C171B7DE3A	5D90FB7E8565403FA75AD5C171B7DE3A	thumb	placeholder	https://proxy.archieven.nl/thumb/235/5D90FB7E8565403FA75AD5C171B7DE3A
C77E417C372E42FCB9420D7A0E073F8D	C77E417C372E42FCB9420D7A0E073F8D	thumb	placeholder	https://proxy.archieven.nl/thumb/235/C77E417C372E42FCB9420D7A0E073F8D
6CD5DD66F6114A7BAD95092441EF2CE1	6CD5DD66F6114A7BAD95092441EF2CE1	thumb	placeholder	https://proxy.archieven.nl/thumb/235/6CD5DD66F6114A7BAD95092441EF2CE1
1836D99C0AFB467DAB3305D9EDF3A85B	1836D99C0AFB467DAB3305D9EDF3A85B	thumb	placeholder	https://proxy.archieven.nl/thumb/235/1836D99C0AFB467DAB3305D9EDF3A85B
FE6432A9061E4085A71594411F408564	FE6432A9061E4085A71594411F408564	thumb	placeholder	https://proxy.archieven.nl/thumb/235/FE6432A9061E4085A71594411F408564
4CF1BECA8260429B914E109281BB25C3	4CF1BECA8260429B914E109281BB25C3	thumb	placeholder	https://proxy.archieven.nl/thumb/235/4CF1BECA8260429B914E109281BB25C3
D35EDB55C4E44BAA854DDF7A33E22ADB	D35EDB55C4E44BAA854DDF7A33E22ADB	thumb	placeholder	https://proxy.archieven.nl/thumb/235/D35EDB55C4E44BAA854DDF7A33E22ADB
3DE3F63C45DC4D83AB8160C1EF36A3CA	3DE3F63C45DC4D83AB8160C1EF36A3CA	thumb	placeholder	https://proxy.archieven.nl/thumb/235/3DE3F63C45DC4D83AB8160C1EF36A3CA
985764C6E42847A19F33EC60BB527AB6	985764C6E42847A19F33EC60BB527AB6	thumb	placeholder	https://proxy.archieven.nl/thumb/235/985764C6E42847A19F33EC60BB527AB6
0D44BFDC958946DDBB2BCDA17856F27A	0D44BFDC958946DDBB2BCDA17856F27A	thumb	placeholder	https://proxy.archieven.nl/thumb/235/0D44BFDC958946DDBB2BCDA17856F27A
0A50D2DD8E0049ECAE5FCD9A8E3A1B0C	0A50D2DD8E0049ECAE5FCD9A8E3A1B0C	thumb	placeholder	https://proxy.archieven.nl/thumb/235/0A50D2DD8E0049ECAE5FCD9A8E3A1B0C
804EE3BDB13A427FAB2BED55E7AEFEB1	804EE3BDB13A427FAB2BED55E7AEFEB1	thumb	placeholder	https://proxy.archieven.nl/thumb/235/804EE3BDB13A427FAB2BED55E7AEFEB1
BAE23C3EA76F471C91DB6542A9EF35B0	BAE23C3EA76F471C91DB6542A9EF35B0	thumb	placeholder	https://proxy.archieven.nl/thumb/235/BAE23C3EA76F471C91DB6542A9EF35B0
FBD80E23D8394065BBBABD7F30E38E9C	FBD80E23D8394065BBBABD7F30E38E9C	thumb	placeholder	https://proxy.archieven.nl/thumb/235/FBD80E23D8394065BBBABD7F30E38E9C
4874426586DA44458FA1F989CD12AAC0	4874426586DA44458FA1F989CD12AAC0	thumb	placeholder	https://proxy.archieven.nl/thumb/235/4874426586DA44458FA1F989CD12AAC0
154D241DCBD345DFB259F1891A116B1D	154D241DCBD345DFB259F1891A116B1D	thumb	placeholder	https://proxy.archieven.nl/thumb/235/154D241DCBD345DFB259F1891A116B1D
B263F91EA3EC401CADA722D96EE0599B	B263F91EA3EC401CADA722D96EE0599B	thumb	placeholder	https://proxy.archieven.nl/thumb/235/B263F91EA3EC401CADA722D96EE0599B
CC481BC526F740228B95FC4157213C81	CC481BC526F740228B95FC4157213C81	thumb	placeholder	https://proxy.archieven.nl/thumb/235/CC481BC526F740228B95FC4157213C81
DF9446DEFF7F400087CDF3A695BB574F	DF9446DEFF7F400087CDF3A695BB574F	thumb	placeholder	https://proxy.archieven.nl/thumb/235/DF9446DEFF7F400087CDF3A695BB574F
A72D9C9FA8E5416C907F9A0268E69CCE	A72D9C9FA8E5416C907F9A0268E69CCE	thumb	placeholder	https://proxy.archieven.nl/thumb/235/A72D9C9FA8E5416C907F9A0268E69CCE
22AC49060C10444687558942F54534F0	22AC49060C10444687558942F54534F0	thumb	placeholder	https://proxy.archieven.nl/thumb/235/22AC49060C10444687558942F54534F0
1E4F38EAD79D4C6D80BB1D221F67B6BF	1E4F38EAD79D4C6D80BB1D221F67B6BF	thumb	placeholder	https://proxy.archieven.nl/thumb/235/1E4F38EAD79D4C6D80BB1D221F67B6BF
D0EAACF48BB24587A3A03B2FD06BC066	D0EAACF48BB24587A3A03B2FD06BC066	thumb	placeholder	https://proxy.archieven.nl/thumb/235/D0EAACF48BB24587A3A03B2FD06BC066
5CE1EE65449543BD94B2821286D812C6	5CE1EE65449543BD94B2821286D812C6	thumb	placeholder	https://proxy.archieven.nl/thumb/235/5CE1EE65449543BD94B2821286D812C6
F09FEB09DE45490497F2768F616CE19A	F09FEB09DE45490497F2768F616CE19A	thumb	placeholder	https://proxy.archieven.nl/thumb/235/F09FEB09DE45490497F2768F616CE19A
A8FE282A2B5C4868993BE0C2615A135B	A8FE282A2B5C4868993BE0C2615A135B	thumb	placeholder	https://proxy.archieven.nl/thumb/235/A8FE282A2B5C4868993BE0C2615A135B
944D61588CED4FBDB87626FD7604C76E	944D61588CED4FBDB87626FD7604C76E	thumb	placeholder	https://proxy.archieven.nl/thumb/235/944D61588CED4FBDB87626FD7604C76E
4603618BC38E406DABE2349D66BEDF11	4603618BC38E406DABE2349D66BEDF11	thumb	placeholder	https://proxy.archieven.nl/thumb/235/4603618BC38E406DABE2349D66BEDF11
8880DCFFE2D0459380CFD837EC2E2203	8880DCFFE2D0459380CFD837EC2E2203	thumb	placeholder	https://proxy.archieven.nl/thumb/235/8880DCFFE2D0459380CFD837EC2E2203
8A76CDA4B0794D02BBC340C424E4ADE1	8A76CDA4B0794D02BBC340C424E4ADE1	thumb	placeholder	https://proxy.archieven.nl/thumb/235/8A76CDA4B0794D02BBC340C424E4ADE1
2134343E07C749E8BB9963C67A433C71	2134343E07C749E8BB9963C67A433C71	thumb	placeholder	https://proxy.archieven.nl/thumb/235/2134343E07C749E8BB9963C67A433C71
9A9C6D2C4AFE4DA3A17A7F790CC728AC	9A9C6D2C4AFE4DA3A17A7F790CC728AC	thumb	placeholder	https://proxy.archieven.nl/thumb/235/9A9C6D2C4AFE4DA3A17A7F790CC728AC
AA3ED5EA906849DDBACF77615A875307	AA3ED5EA906849DDBACF77615A875307	thumb	placeholder	https://proxy.archieven.nl/thumb/235/AA3ED5EA906849DDBACF77615A875307
0B6EEBD8334A4BEEBB92CA35DAEB5CDD	0B6EEBD8334A4BEEBB92CA35DAEB5CDD	thumb	placeholder	https://proxy.archieven.nl/thumb/235/0B6EEBD8334A4BEEBB92CA35DAEB5CDD
960F38C42A9A4EE3BFA97C6A8AF91948	960F38C42A9A4EE3BFA97C6A8AF91948	thumb	placeholder	https://proxy.archieven.nl/thumb/235/960F38C42A9A4EE3BFA97C6A8AF91948
AB8413CF67AB4945895947D384AF9E3B	AB8413CF67AB4945895947D384AF9E3B	thumb	placeholder	https://proxy.archieven.nl/thumb/235/AB8413CF67AB4945895947D384AF9E3B
4E80F7D3788248A2AB1BCEE20C5D9E00	4E80F7D3788248A2AB1BCEE20C5D9E00	thumb	placeholder	https://proxy.archieven.nl/thumb/235/4E80F7D3788248A2AB1BCEE20C5D9E00
6DB37D54F75D4532A6FB208ECB209555	6DB37D54F75D4532A6FB208ECB209555	thumb	placeholder	https://proxy.archieven.nl/thumb/235/6DB37D54F75D4532A6FB208ECB209555
2D5D70EB11BD49E9AC375EAA72E49BC9	2D5D70EB11BD49E9AC375EAA72E49BC9	thumb	placeholder	https://proxy.archieven.nl/thumb/235/2D5D70EB11BD49E9AC375EAA72E49BC9
AD215672D26B4A15888D836C01EAA7E8	AD215672D26B4A15888D836C01EAA7E8	thumb	placeholder	https://proxy.archieven.nl/thumb/235/AD215672D26B4A15888D836C01EAA7E8
E964A76360E840158C5979F368B57B0C	E964A76360E840158C5979F368B57B0C	thumb	placeholder	https://proxy.archieven.nl/thumb/235/E964A76360E840158C5979F368B57B0C
CDA8337AC8374FED9F5F43AA130C72B2	CDA8337AC8374FED9F5F43AA130C72B2	thumb	placeholder	https://proxy.archieven.nl/thumb/235/CDA8337AC8374FED9F5F43AA130C72B2
19BDCBF023FD43C88077265E8A2B4EDB	19BDCBF023FD43C88077265E8A2B4EDB	thumb	placeholder	https://proxy.archieven.nl/thumb/235/19BDCBF023FD43C88077265E8A2B4EDB
A5BF762F2F1D4BF29450CCFDDE5CFC41	A5BF762F2F1D4BF29450CCFDDE5CFC41	thumb	placeholder	https://proxy.archieven.nl/thumb/235/A5BF762F2F1D4BF29450CCFDDE5CFC41
EB51B7DE6173485EB20BAB0BE8E5FDD1	EB51B7DE6173485EB20BAB0BE8E5FDD1	thumb	placeholder	https://proxy.archieven.nl/thumb/235/EB51B7DE6173485EB20BAB0BE8E5FDD1
70FE0687FD864B4DA1D70777F415E331	70FE0687FD864B4DA1D70777F415E331	thumb	placeholder	https://proxy.archieven.nl/thumb/235/70FE0687FD864B4DA1D70777F415E331
04661A4A2D704F6DB855F4C54271ED3F	04661A4A2D704F6DB855F4C54271ED3F	thumb	placeholder	https://proxy.archieven.nl/thumb/235/04661A4A2D704F6DB855F4C54271ED3F
2025145044624688B85DC624853B5923	2025145044624688B85DC624853B5923	thumb	placeholder	https://proxy.archieven.nl/thumb/235/2025145044624688B85DC624853B5923
0DBBD05E5CED4BC2B5C94573B6255DDE	0DBBD05E5CED4BC2B5C94573B6255DDE	thumb	placeholder	https://proxy.archieven.nl/thumb/235/0DBBD05E5CED4BC2B5C94573B6255DDE
2D33F13503DD46EDA637FD1C0A673DC1	2D33F13503DD46EDA637FD1C0A673DC1	thumb	placeholder	https://proxy.archieven.nl/thumb/235/2D33F13503DD46EDA637FD1C0A673DC1
5D3E859B5AF84A8EBEE66D88E047C5D0	5D3E859B5AF84A8EBEE66D88E047C5D0	thumb	placeholder	https://proxy.archieven.nl/thumb/235/5D3E859B5AF84A8EBEE66D88E047C5D0
2A1F57392FC74346805B096D4E24F736	2A1F57392FC74346805B096D4E24F736	thumb	placeholder	https://proxy.archieven.nl/thumb/235/2A1F57392FC74346805B096D4E24F736
FF2C597EA1354077A5879E2EABCC5415	FF2C597EA1354077A5879E2EABCC5415	thumb	placeholder	https://proxy.archieven.nl/thumb/235/FF2C597EA1354077A5879E2EABCC5415
27287BE747064E06821EAEA70B8F41DA	27287BE747064E06821EAEA70B8F41DA	thumb	placeholder	https://proxy.archieven.nl/thumb/235/27287BE747064E06821EAEA70B8F41DA
79D0BEE91A3A4C56B27BACC04DCDD2B3	79D0BEE91A3A4C56B27BACC04DCDD2B3	thumb	placeholder	https://proxy.archieven.nl/thumb/235/79D0BEE91A3A4C56B27BACC04DCDD2B3
4BDE87DBDA144237BA3EDCB4AD877AF9	4BDE87DBDA144237BA3EDCB4AD877AF9	thumb	placeholder	https://proxy.archieven.nl/thumb/235/4BDE87DBDA144237BA3EDCB4AD877AF9
97D8ED8B36FD4325B5EADB773A33FB83	97D8ED8B36FD4325B5EADB773A33FB83	thumb	placeholder	https://proxy.archieven.nl/thumb/235/97D8ED8B36FD4325B5EADB773A33FB83
4570C4D494CC426F9B6330E8AB703C1B	4570C4D494CC426F9B6330E8AB703C1B	thumb	placeholder	https://proxy.archieven.nl/thumb/235/4570C4D494CC426F9B6330E8AB703C1B
2FAAADADA8A1470FAFD1AFCEA4F8D8E2	2FAAADADA8A1470FAFD1AFCEA4F8D8E2	thumb	placeholder	https://proxy.archieven.nl/thumb/235/2FAAADADA8A1470FAFD1AFCEA4F8D8E2
8B5EDC7E5CC94DF8BB578AE8D8C07B57	8B5EDC7E5CC94DF8BB578AE8D8C07B57	thumb	placeholder	https://proxy.archieven.nl/thumb/235/8B5EDC7E5CC94DF8BB578AE8D8C07B57
98BB9BD1A3CA4B55B9AAE6D1F2ECA192	98BB9BD1A3CA4B55B9AAE6D1F2ECA192	thumb	placeholder	https://proxy.archieven.nl/thumb/235/98BB9BD1A3CA4B55B9AAE6D1F2ECA192
C88816A0B8EB449AB97F05160F3EE447	C88816A0B8EB449AB97F05160F3EE447	thumb	placeholder	https://proxy.archieven.nl/thumb/235/C88816A0B8EB449AB97F05160F3EE447
201B82D3FF64490DB4C1BEE374C05C4A	201B82D3FF64490DB4C1BEE374C05C4A	thumb	placeholder	https://proxy.archieven.nl/thumb/235/201B82D3FF64490DB4C1BEE374C05C4A
61FAA8BE21DC40F092F0B3B27AEDF10C	61FAA8BE21DC40F092F0B3B27AEDF10C	thumb	placeholder	https://proxy.archieven.nl/thumb/235/61FAA8BE21DC40F092F0B3B27AEDF10C
C7FFE550AA5943BB9F117C043E1B22C5	C7FFE550AA5943BB9F117C043E1B22C5	thumb	placeholder	https://proxy.archieven.nl/thumb/235/C7FFE550AA5943BB9F117C043E1B22C5
AAC640F87B6540619C2F284FA8E5B651	AAC640F87B6540619C2F284FA8E5B651	thumb	placeholder	https://proxy.archieven.nl/thumb/235/AAC640F87B6540619C2F284FA8E5B651
D44FBC2F94A04F29B2B4A32FDE386CDA	D44FBC2F94A04F29B2B4A32FDE386CDA	thumb	placeholder	https://proxy.archieven.nl/thumb/235/D44FBC2F94A04F29B2B4A32FDE386CDA
716E85DE89674DCAAF93A33404B3FAF9	716E85DE89674DCAAF93A33404B3FAF9	thumb	placeholder	https://proxy.archieven.nl/thumb/235/716E85DE89674DCAAF93A33404B3FAF9
36B8205050664D7EBBADF04D4212582A	36B8205050664D7EBBADF04D4212582A	thumb	placeholder	https://proxy.archieven.nl/thumb/235/36B8205050664D7EBBADF04D4212582A
67F3295290BD4AD089566FFC8E1586EE	67F3295290BD4AD089566FFC8E1586EE	thumb	placeholder	https://proxy.archieven.nl/thumb/235/67F3295290BD4AD089566FFC8E1586EE
C62AFCE819EA4CBCBBDC9E79F2BB9577	C62AFCE819EA4CBCBBDC9E79F2BB9577	thumb	placeholder	https://proxy.archieven.nl/thumb/235/C62AFCE819EA4CBCBBDC9E79F2BB9577
9D57C5C76FBA45CCAF188607C747ADA7	9D57C5C76FBA45CCAF188607C747ADA7	thumb	placeholder	https://proxy.archieven.nl/thumb/235/9D57C5C76FBA45CCAF188607C747ADA7
B66258662367416E874D464BE24AAB44	B66258662367416E874D464BE24AAB44	thumb	placeholder	https://proxy.archieven.nl/thumb/235/B66258662367416E874D464BE24AAB44
15DD3EAAEDDA4E84AD0E9AAAD43E5468	15DD3EAAEDDA4E84AD0E9AAAD43E5468	thumb	placeholder	https://proxy.archieven.nl/thumb/235/15DD3EAAEDDA4E84AD0E9AAAD43E5468
011A46A2CA21479CA99319E52728553B	011A46A2CA21479CA99319E52728553B	thumb	placeholder	https://proxy.archieven.nl/thumb/235/011A46A2CA21479CA99319E52728553B
9A27147897D44F5889D254B9EEBFC936	9A27147897D44F5889D254B9EEBFC936	thumb	placeholder	https://proxy.archieven.nl/thumb/235/9A27147897D44F5889D254B9EEBFC936
197184A45F89479A95FE8B3677A1E8DF	197184A45F89479A95FE8B3677A1E8DF	thumb	placeholder	https://proxy.archieven.nl/thumb/235/197184A45F89479A95FE8B3677A1E8DF
20ECA5A994564675A292903D500200F4	20ECA5A994564675A292903D500200F4	thumb	placeholder	https://proxy.archieven.nl/thumb/235/20ECA5A994564675A292903D500200F4
FD45F851996B47F49D7113D1E144ABC0	FD45F851996B47F49D7113D1E144ABC0	thumb	placeholder	https://proxy.archieven.nl/thumb/235/FD45F851996B47F49D7113D1E144ABC0
FC2951C551014F85B45EC1D218D5ECDF	FC2951C551014F85B45EC1D218D5ECDF	thumb	placeholder	https://proxy.archieven.nl/thumb/235/FC2951C551014F85B45EC1D218D5ECDF
53EE4DB01E3A43E1BF01D83C7F485550	53EE4DB01E3A43E1BF01D83C7F485550	thumb	placeholder	https://proxy.archieven.nl/thumb/235/53EE4DB01E3A43E1BF01D83C7F485550
9E398A615AEF4FE288363A8DD54070C7	9E398A615AEF4FE288363A8DD54070C7	thumb	placeholder	https://proxy.archieven.nl/thumb/235/9E398A615AEF4FE288363A8DD54070C7
0CCA633D42D74E40B2FB5F7CE1989C99	0CCA633D42D74E40B2FB5F7CE1989C99	thumb	placeholder	https://proxy.archieven.nl/thumb/235/0CCA633D42D74E40B2FB5F7CE1989C99
2D002F0062C242D0ACA8A719D4FDAF5A	2D002F0062C242D0ACA8A719D4FDAF5A	thumb	placeholder	https://proxy.archieven.nl/thumb/235/2D002F0062C242D0ACA8A719D4FDAF5A
DE120CF528F749C2867C3252E33195A4	DE120CF528F749C2867C3252E33195A4	thumb	placeholder	https://proxy.archieven.nl/thumb/235/DE120CF528F749C2867C3252E33195A4
824EA02CEF0B4EC3918D3BDBF2A70141	824EA02CEF0B4EC3918D3BDBF2A70141	thumb	placeholder	https://proxy.archieven.nl/thumb/235/824EA02CEF0B4EC3918D3BDBF2A70141
6FC8DEC87DB14B45A79A9C3B5D95DB84	6FC8DEC87DB14B45A79A9C3B5D95DB84	thumb	placeholder	https://proxy.archieven.nl/thumb/235/6FC8DEC87DB14B45A79A9C3B5D95DB84
5AB7E51605334132B7A572B9154757A4	5AB7E51605334132B7A572B9154757A4	thumb	placeholder	https://proxy.archieven.nl/thumb/235/5AB7E51605334132B7A572B9154757A4
0BE091B3148544BBB3C339DAB32A438A	0BE091B3148544BBB3C339DAB32A438A	thumb	placeholder	https://proxy.archieven.nl/thumb/235/0BE091B3148544BBB3C339DAB32A438A
F8113F8A2E0649B9B954E4870F5E88F3	F8113F8A2E0649B9B954E4870F5E88F3	thumb	placeholder	https://proxy.archieven.nl/thumb/235/F8113F8A2E0649B9B954E4870F5E88F3
E090EC44989B4672B6E43A997BE2385A	E090EC44989B4672B6E43A997BE2385A	thumb	placeholder	https://proxy.archieven.nl/thumb/235/E090EC44989B4672B6E43A997BE2385A
2CCB2FBCD7CA4BA88578CF05C15825FB	2CCB2FBCD7CA4BA88578CF05C15825FB	thumb	placeholder	https://proxy.archieven.nl/thumb/235/2CCB2FBCD7CA4BA88578CF05C15825FB
5CF7D300DBCE412DA02284A5E47DDE14	5CF7D300DBCE412DA02284A5E47DDE14	thumb	placeholder	https://proxy.archieven.nl/thumb/235/5CF7D300DBCE412DA02284A5E47DDE14
4439878960EF49719D66C9AEA057202F	4439878960EF49719D66C9AEA057202F	thumb	placeholder	https://proxy.archieven.nl/thumb/235/4439878960EF49719D66C9AEA057202F
1744177B88F54EAAB4ED306D3DAF0F04	1744177B88F54EAAB4ED306D3DAF0F04	thumb	placeholder	https://proxy.archieven.nl/thumb/235/1744177B88F54EAAB4ED306D3DAF0F04
7B9466B9D4DC451ABEC4BD226CDDF717	7B9466B9D4DC451ABEC4BD226CDDF717	thumb	placeholder	https://proxy.archieven.nl/thumb/235/7B9466B9D4DC451ABEC4BD226CDDF717
32C6CDC5B628410C99F3562E6E9F7289	32C6CDC5B628410C99F3562E6E9F7289	thumb	placeholder	https://proxy.archieven.nl/thumb/235/32C6CDC5B628410C99F3562E6E9F7289
F10BDE21441F47939B1B539A6F2CA160	F10BDE21441F47939B1B539A6F2CA160	thumb	placeholder	https://proxy.archieven.nl/thumb/235/F10BDE21441F47939B1B539A6F2CA160
BC6F559AD6624C72A138A21B46DCAD12	BC6F559AD6624C72A138A21B46DCAD12	thumb	placeholder	https://proxy.archieven.nl/thumb/235/BC6F559AD6624C72A138A21B46DCAD12
F31EDD4E28B14EBC80E2A66593D57A28	F31EDD4E28B14EBC80E2A66593D57A28	thumb	placeholder	https://proxy.archieven.nl/thumb/235/F31EDD4E28B14EBC80E2A66593D57A28
7E53E30408F3468B94575B3FC58017A1	7E53E30408F3468B94575B3FC58017A1	thumb	placeholder	https://proxy.archieven.nl/thumb/235/7E53E30408F3468B94575B3FC58017A1
42AEFE85526C4EC7AAB144F04F2DFA55	42AEFE85526C4EC7AAB144F04F2DFA55	thumb	placeholder	https://proxy.archieven.nl/thumb/235/42AEFE85526C4EC7AAB144F04F2DFA55
E86C0801A55C4D0F974E32090330A83B	E86C0801A55C4D0F974E32090330A83B	thumb	placeholder	https://proxy.archieven.nl/thumb/235/E86C0801A55C4D0F974E32090330A83B
F46AE6D9F5BE4CDD8E4BC0D89651F4CA	F46AE6D9F5BE4CDD8E4BC0D89651F4CA	thumb	placeholder	https://proxy.archieven.nl/thumb/235/F46AE6D9F5BE4CDD8E4BC0D89651F4CA
03652239EA9441329FDE2877F70AB234	03652239EA9441329FDE2877F70AB234	thumb	placeholder	https://proxy.archieven.nl/thumb/235/03652239EA9441329FDE2877F70AB234
03A9D94EB1C14FF18E00E8BF8C8EF991	03A9D94EB1C14FF18E00E8BF8C8EF991	thumb	placeholder	https://proxy.archieven.nl/thumb/235/03A9D94EB1C14FF18E00E8BF8C8EF991
26093254A7A945B89FE7F75EF4CB7F6D	26093254A7A945B89FE7F75EF4CB7F6D	thumb	placeholder	https://proxy.archieven.nl/thumb/235/26093254A7A945B89FE7F75EF4CB7F6D
619AA157CEC644B5B27DAF8321D02E9D	619AA157CEC644B5B27DAF8321D02E9D	thumb	placeholder	https://proxy.archieven.nl/thumb/235/619AA157CEC644B5B27DAF8321D02E9D
76E354172EDF4764A95E18A5AF9C93A6	76E354172EDF4764A95E18A5AF9C93A6	thumb	placeholder	https://proxy.archieven.nl/thumb/235/76E354172EDF4764A95E18A5AF9C93A6
37EFCE1A79714B1796302C3A4E0501ED	37EFCE1A79714B1796302C3A4E0501ED	thumb	placeholder	https://proxy.archieven.nl/thumb/235/37EFCE1A79714B1796302C3A4E0501ED
9DE61E7CFBDD429FB56C8CBC8931C3B7	9DE61E7CFBDD429FB56C8CBC8931C3B7	thumb	placeholder	https://proxy.archieven.nl/thumb/235/9DE61E7CFBDD429FB56C8CBC8931C3B7
5BB1A18394D44CBD80F5F6BB68F509C7	5BB1A18394D44CBD80F5F6BB68F509C7	thumb	placeholder	https://proxy.archieven.nl/thumb/235/5BB1A18394D44CBD80F5F6BB68F509C7
07B709EEB2FB42FD91A60A84E6020ADC	07B709EEB2FB42FD91A60A84E6020ADC	thumb	placeholder	https://proxy.archieven.nl/thumb/235/07B709EEB2FB42FD91A60A84E6020ADC
0A9ADDFC9FA44FDA8BA0022E162E7B6D	0A9ADDFC9FA44FDA8BA0022E162E7B6D	thumb	placeholder	https://proxy.archieven.nl/thumb/235/0A9ADDFC9FA44FDA8BA0022E162E7B6D
215184D12C964C5CA83C5CBB3166E713	215184D12C964C5CA83C5CBB3166E713	thumb	placeholder	https://proxy.archieven.nl/thumb/235/215184D12C964C5CA83C5CBB3166E713
23771D859FCC47B9843D7DF596C0EA30	23771D859FCC47B9843D7DF596C0EA30	thumb	placeholder	https://proxy.archieven.nl/thumb/235/23771D859FCC47B9843D7DF596C0EA30
F047926499E74BADB502605FC93A7FBF	F047926499E74BADB502605FC93A7FBF	thumb	placeholder	https://proxy.archieven.nl/thumb/235/F047926499E74BADB502605FC93A7FBF
E44DB5F493A0412DB8F7C1BF354B5571	E44DB5F493A0412DB8F7C1BF354B5571	thumb	placeholder	https://proxy.archieven.nl/thumb/235/E44DB5F493A0412DB8F7C1BF354B5571
27D3404B2983413FB42C7BD05B411EF4	27D3404B2983413FB42C7BD05B411EF4	thumb	placeholder	https://proxy.archieven.nl/thumb/235/27D3404B2983413FB42C7BD05B411EF4
CA5C4D8462A84D069871E3E2821EDCF3	CA5C4D8462A84D069871E3E2821EDCF3	thumb	placeholder	https://proxy.archieven.nl/thumb/235/CA5C4D8462A84D069871E3E2821EDCF3
9EA82E58CC64426C96B08F1D5A2640A3	9EA82E58CC64426C96B08F1D5A2640A3	thumb	placeholder	https://proxy.archieven.nl/thumb/235/9EA82E58CC64426C96B08F1D5A2640A3
18D5DCB646C04B5B814F5C237D35FEB1	18D5DCB646C04B5B814F5C237D35FEB1	thumb	placeholder	https://proxy.archieven.nl/thumb/235/18D5DCB646C04B5B814F5C237D35FEB1
0C716BB2AF624A0CA0054FED6E857EB0	0C716BB2AF624A0CA0054FED6E857EB0	thumb	placeholder	https://proxy.archieven.nl/thumb/235/0C716BB2AF624A0CA0054FED6E857EB0
4E607E729189423A8D76538A4AFE0740	4E607E729189423A8D76538A4AFE0740	thumb	placeholder	https://proxy.archieven.nl/thumb/235/4E607E729189423A8D76538A4AFE0740
9AFC552A11AD48A6B98AE580B9884FE0	9AFC552A11AD48A6B98AE580B9884FE0	thumb	placeholder	https://proxy.archieven.nl/thumb/235/9AFC552A11AD48A6B98AE580B9884FE0
566A94E351AA4BDDB14F58ED803BA9DE	566A94E351AA4BDDB14F58ED803BA9DE	thumb	placeholder	https://proxy.archieven.nl/thumb/235/566A94E351AA4BDDB14F58ED803BA9DE
7FEDD2DB80744C6A850DF7012273D951	7FEDD2DB80744C6A850DF7012273D951	thumb	placeholder	https://proxy.archieven.nl/thumb/235/7FEDD2DB80744C6A850DF7012273D951
1F053E237AD2471E9FEB81295B8E1C38	1F053E237AD2471E9FEB81295B8E1C38	thumb	placeholder	https://proxy.archieven.nl/thumb/235/1F053E237AD2471E9FEB81295B8E1C38
1C9E76054BEF47F9A41F8FB8683A1800	1C9E76054BEF47F9A41F8FB8683A1800	thumb	placeholder	https://proxy.archieven.nl/thumb/235/1C9E76054BEF47F9A41F8FB8683A1800
252525ED310840958A315752CA907D7A	252525ED310840958A315752CA907D7A	thumb	placeholder	https://proxy.archieven.nl/thumb/235/252525ED310840958A315752CA907D7A
CD17B48EEFCF411B90909A222D5D9B87	CD17B48EEFCF411B90909A222D5D9B87	thumb	placeholder	https://proxy.archieven.nl/thumb/235/CD17B48EEFCF411B90909A222D5D9B87
5EF14BB427C645CB823489ACF466EB2D	5EF14BB427C645CB823489ACF466EB2D	thumb	placeholder	https://proxy.archieven.nl/thumb/235/5EF14BB427C645CB823489ACF466EB2D
E39C51FE589140349578F065C3BF2137	E39C51FE589140349578F065C3BF2137	thumb	placeholder	https://proxy.archieven.nl/thumb/235/E39C51FE589140349578F065C3BF2137
C4ACE42B1A51475E9DAE1E7514AEEDD5	C4ACE42B1A51475E9DAE1E7514AEEDD5	thumb	placeholder	https://proxy.archieven.nl/thumb/235/C4ACE42B1A51475E9DAE1E7514AEEDD5
085591DB524045FBB328D82601DEF98F	085591DB524045FBB328D82601DEF98F	thumb	placeholder	https://proxy.archieven.nl/thumb/235/085591DB524045FBB328D82601DEF98F
0C53CEF4CDF847AE8B145DF39BA4DEBF	0C53CEF4CDF847AE8B145DF39BA4DEBF	thumb	placeholder	https://proxy.archieven.nl/thumb/235/0C53CEF4CDF847AE8B145DF39BA4DEBF
D2ACF06BC7774AF28EB5727DBF0BCDD6	D2ACF06BC7774AF28EB5727DBF0BCDD6	thumb	placeholder	https://proxy.archieven.nl/thumb/235/D2ACF06BC7774AF28EB5727DBF0BCDD6
5E2D13E2343E4607A43AD9581F8F9071	5E2D13E2343E4607A43AD9581F8F9071	thumb	placeholder	https://proxy.archieven.nl/thumb/235/5E2D13E2343E4607A43AD9581F8F9071
9F39457E658B45C38C2E7E1F673BA110	9F39457E658B45C38C2E7E1F673BA110	thumb	placeholder	https://proxy.archieven.nl/thumb/235/9F39457E658B45C38C2E7E1F673BA110
C0D095AD1DBF4023ADDAC4F0CA64AF02	C0D095AD1DBF4023ADDAC4F0CA64AF02	thumb	placeholder	https://proxy.archieven.nl/thumb/235/C0D095AD1DBF4023ADDAC4F0CA64AF02
C26E493FCC584103AD01EB9F4B641FE2	C26E493FCC584103AD01EB9F4B641FE2	thumb	placeholder	https://proxy.archieven.nl/thumb/235/C26E493FCC584103AD01EB9F4B641FE2
6D36543131354160B3DC61A26128E1BB	6D36543131354160B3DC61A26128E1BB	thumb	placeholder	https://proxy.archieven.nl/thumb/235/6D36543131354160B3DC61A26128E1BB
B1376EF7F7D2406A8AC3B554E9D72CB1	B1376EF7F7D2406A8AC3B554E9D72CB1	thumb	placeholder	https://proxy.archieven.nl/thumb/235/B1376EF7F7D2406A8AC3B554E9D72CB1
6DB3EDE5295642A68201BE7BC2F2C1D0	6DB3EDE5295642A68201BE7BC2F2C1D0	thumb	placeholder	https://proxy.archieven.nl/thumb/235/6DB3EDE5295642A68201BE7BC2F2C1D0
3AF8846437D14A4CB44A753E7FBDF974	3AF8846437D14A4CB44A753E7FBDF974	thumb	placeholder	https://proxy.archieven.nl/thumb/235/3AF8846437D14A4CB44A753E7FBDF974
E52DA3F20A0B43EF872E732139D72456	E52DA3F20A0B43EF872E732139D72456	thumb	placeholder	https://proxy.archieven.nl/thumb/235/E52DA3F20A0B43EF872E732139D72456
A026B81A7E8946999B09F2D80CD6FCA0	A026B81A7E8946999B09F2D80CD6FCA0	thumb	placeholder	https://proxy.archieven.nl/thumb/235/A026B81A7E8946999B09F2D80CD6FCA0
F5D824992A184021A9F6A2C98734C2F7	F5D824992A184021A9F6A2C98734C2F7	thumb	placeholder	https://proxy.archieven.nl/thumb/235/F5D824992A184021A9F6A2C98734C2F7
3829921739854A508874D83244F38422	3829921739854A508874D83244F38422	thumb	placeholder	https://proxy.archieven.nl/thumb/235/3829921739854A508874D83244F38422
BDD49176E3464A829C0AF819E94DCF10	BDD49176E3464A829C0AF819E94DCF10	thumb	placeholder	https://proxy.archieven.nl/thumb/235/BDD49176E3464A829C0AF819E94DCF10
9D6820600C8644F18F41D4D51C11B5E4	9D6820600C8644F18F41D4D51C11B5E4	thumb	placeholder	https://proxy.archieven.nl/thumb/235/9D6820600C8644F18F41D4D51C11B5E4
4644AC5EF52F4B36ABA8C7CF47B4578E	4644AC5EF52F4B36ABA8C7CF47B4578E	thumb	placeholder	https://proxy.archieven.nl/thumb/235/4644AC5EF52F4B36ABA8C7CF47B4578E
D719A8F7109446C8823657E2E6C808CB	D719A8F7109446C8823657E2E6C808CB	thumb	placeholder	https://proxy.archieven.nl/thumb/235/D719A8F7109446C8823657E2E6C808CB
83F001909CC3488BBD23209DFA559984	83F001909CC3488BBD23209DFA559984	thumb	placeholder	https://proxy.archieven.nl/thumb/235/83F001909CC3488BBD23209DFA559984
D66FF3067DDD4E2282B6246CB3426D64	D66FF3067DDD4E2282B6246CB3426D64	thumb	placeholder	https://proxy.archieven.nl/thumb/235/D66FF3067DDD4E2282B6246CB3426D64
B37AF0DEA53648F7ADCC2A628978EC84	B37AF0DEA53648F7ADCC2A628978EC84	thumb	placeholder	https://proxy.archieven.nl/thumb/235/B37AF0DEA53648F7ADCC2A628978EC84
12A6EC71A59D46839912AAA774CCE62C	12A6EC71A59D46839912AAA774CCE62C	thumb	placeholder	https://proxy.archieven.nl/thumb/235/12A6EC71A59D46839912AAA774CCE62C
ECCE8935149D47E88BC26FEE2717D5E3	ECCE8935149D47E88BC26FEE2717D5E3	thumb	placeholder	https://proxy.archieven.nl/thumb/235/ECCE8935149D47E88BC26FEE2717D5E3
9E41888DBE124FE18D49FD57AE5C1E10	9E41888DBE124FE18D49FD57AE5C1E10	thumb	placeholder	https://proxy.archieven.nl/thumb/235/9E41888DBE124FE18D49FD57AE5C1E10
8C57B1683B3D43228317F9CF798BF15B	8C57B1683B3D43228317F9CF798BF15B	thumb	placeholder	https://proxy.archieven.nl/thumb/235/8C57B1683B3D43228317F9CF798BF15B
706B94D3161E4C7FA85C70D5BF92E3F8	706B94D3161E4C7FA85C70D5BF92E3F8	thumb	placeholder	https://proxy.archieven.nl/thumb/235/706B94D3161E4C7FA85C70D5BF92E3F8
65854340AB9041DEA212217ECF281F9C	65854340AB9041DEA212217ECF281F9C	thumb	placeholder	https://proxy.archieven.nl/thumb/235/65854340AB9041DEA212217ECF281F9C
0958F94F1FE0400C941E85F37E5E10C9	0958F94F1FE0400C941E85F37E5E10C9	thumb	placeholder	https://proxy.archieven.nl/thumb/235/0958F94F1FE0400C941E85F37E5E10C9
4BB1CA3275504A2B84E544D51336387F	4BB1CA3275504A2B84E544D51336387F	thumb	placeholder	https://proxy.archieven.nl/thumb/235/4BB1CA3275504A2B84E544D51336387F
18080E348C9A4061B7B9A6E64225DF75	18080E348C9A4061B7B9A6E64225DF75	thumb	placeholder	https://proxy.archieven.nl/thumb/235/18080E348C9A4061B7B9A6E64225DF75
3797439CF5F645E4BD795BCE37EB8F68	3797439CF5F645E4BD795BCE37EB8F68	thumb	placeholder	https://proxy.archieven.nl/thumb/235/3797439CF5F645E4BD795BCE37EB8F68
AEF140F8B7634492B22556C99AD2556C	AEF140F8B7634492B22556C99AD2556C	thumb	placeholder	https://proxy.archieven.nl/thumb/235/AEF140F8B7634492B22556C99AD2556C
B6C7BAD66FAF435C9B3AA9703F8FD8F3	B6C7BAD66FAF435C9B3AA9703F8FD8F3	thumb	placeholder	https://proxy.archieven.nl/thumb/235/B6C7BAD66FAF435C9B3AA9703F8FD8F3
4579077FD01147FAA4532031E9DF84C2	4579077FD01147FAA4532031E9DF84C2	thumb	placeholder	https://proxy.archieven.nl/thumb/235/4579077FD01147FAA4532031E9DF84C2
26F22C78DEF449968ACCD21FCF237ACF	26F22C78DEF449968ACCD21FCF237ACF	thumb	placeholder	https://proxy.archieven.nl/thumb/235/26F22C78DEF449968ACCD21FCF237ACF
5CFF2A2ABC684EE4806B3398A7FC7791	5CFF2A2ABC684EE4806B3398A7FC7791	thumb	placeholder	https://proxy.archieven.nl/thumb/235/5CFF2A2ABC684EE4806B3398A7FC7791
038A62FBA4514CBC95AF9D274F5EC96F	038A62FBA4514CBC95AF9D274F5EC96F	thumb	placeholder	https://proxy.archieven.nl/thumb/235/038A62FBA4514CBC95AF9D274F5EC96F
109C7E157B294B5996244B34A01D0808	109C7E157B294B5996244B34A01D0808	thumb	placeholder	https://proxy.archieven.nl/thumb/235/109C7E157B294B5996244B34A01D0808
4E6FE87754844A29BC0805FC32851C37	4E6FE87754844A29BC0805FC32851C37	thumb	placeholder	https://proxy.archieven.nl/thumb/235/4E6FE87754844A29BC0805FC32851C37
69D5B7C5B7274F318ABF603E0C1BB4AC	69D5B7C5B7274F318ABF603E0C1BB4AC	thumb	placeholder	https://proxy.archieven.nl/thumb/235/69D5B7C5B7274F318ABF603E0C1BB4AC
10D04535429E4E2880CB3851372B1072	10D04535429E4E2880CB3851372B1072	thumb	placeholder	https://proxy.archieven.nl/thumb/235/10D04535429E4E2880CB3851372B1072
C94BA809099B43C9A05A3195B1A33546	C94BA809099B43C9A05A3195B1A33546	thumb	placeholder	https://proxy.archieven.nl/thumb/235/C94BA809099B43C9A05A3195B1A33546
2DB726B1CB334B81AEF2124BCA877C80	2DB726B1CB334B81AEF2124BCA877C80	thumb	placeholder	https://proxy.archieven.nl/thumb/235/2DB726B1CB334B81AEF2124BCA877C80
A6F3EA986F4E4A54B8CBDBA528C85E9B	A6F3EA986F4E4A54B8CBDBA528C85E9B	thumb	placeholder	https://proxy.archieven.nl/thumb/235/A6F3EA986F4E4A54B8CBDBA528C85E9B
82D84FE1AF624B77812F428CCEDE445E	82D84FE1AF624B77812F428CCEDE445E	thumb	placeholder	https://proxy.archieven.nl/thumb/235/82D84FE1AF624B77812F428CCEDE445E
500BD1835523471D9329FBD530D5E2FF	500BD1835523471D9329FBD530D5E2FF	thumb	placeholder	https://proxy.archieven.nl/thumb/235/500BD1835523471D9329FBD530D5E2FF
36309AE4BC4543D58F125D3637DEEFD0	36309AE4BC4543D58F125D3637DEEFD0	thumb	placeholder	https://proxy.archieven.nl/thumb/235/36309AE4BC4543D58F125D3637DEEFD0
A1D813BB60CB4B6CAE62C0C818A4E616	A1D813BB60CB4B6CAE62C0C818A4E616	thumb	placeholder	https://proxy.archieven.nl/thumb/235/A1D813BB60CB4B6CAE62C0C818A4E616
2FAF1F28C9DE4D6E9BFAABE92C9FC597	2FAF1F28C9DE4D6E9BFAABE92C9FC597	thumb	placeholder	https://proxy.archieven.nl/thumb/235/2FAF1F28C9DE4D6E9BFAABE92C9FC597
44E1D7FA63F849DAB8A1E418E551EBA1	44E1D7FA63F849DAB8A1E418E551EBA1	thumb	placeholder	https://proxy.archieven.nl/thumb/235/44E1D7FA63F849DAB8A1E418E551EBA1
4C34C479E2694DD883A0A7631DC3358D	4C34C479E2694DD883A0A7631DC3358D	thumb	placeholder	https://proxy.archieven.nl/thumb/235/4C34C479E2694DD883A0A7631DC3358D
C2AB0F38D0B34754AEE847922F3429A7	C2AB0F38D0B34754AEE847922F3429A7	thumb	placeholder	https://proxy.archieven.nl/thumb/235/C2AB0F38D0B34754AEE847922F3429A7
75683747E68E444EB89C164073A0B3FE	75683747E68E444EB89C164073A0B3FE	thumb	placeholder	https://proxy.archieven.nl/thumb/235/75683747E68E444EB89C164073A0B3FE
437B2D28782245CC8747A77BC15B21AE	437B2D28782245CC8747A77BC15B21AE	thumb	placeholder	https://proxy.archieven.nl/thumb/235/437B2D28782245CC8747A77BC15B21AE
B5DCB4C85761453FADC26D7B38CD19DD	B5DCB4C85761453FADC26D7B38CD19DD	thumb	placeholder	https://proxy.archieven.nl/thumb/235/B5DCB4C85761453FADC26D7B38CD19DD
2567342910124DBA814F3E9597C8FC72	2567342910124DBA814F3E9597C8FC72	thumb	placeholder	https://proxy.archieven.nl/thumb/235/2567342910124DBA814F3E9597C8FC72
9A911B51852D4D90BF049F2F2AD7F79B	9A911B51852D4D90BF049F2F2AD7F79B	thumb	placeholder	https://proxy.archieven.nl/thumb/235/9A911B51852D4D90BF049F2F2AD7F79B
E9F6C5DD877C4BABBA6E73F17B0468EF	E9F6C5DD877C4BABBA6E73F17B0468EF	thumb	placeholder	https://proxy.archieven.nl/thumb/235/E9F6C5DD877C4BABBA6E73F17B0468EF
FB30390653364C919529E3C73310B250	FB30390653364C919529E3C73310B250	thumb	placeholder	https://proxy.archieven.nl/thumb/235/FB30390653364C919529E3C73310B250
B7FB6DAADA804C7785CCA7A0763E93BA	B7FB6DAADA804C7785CCA7A0763E93BA	thumb	placeholder	https://proxy.archieven.nl/thumb/235/B7FB6DAADA804C7785CCA7A0763E93BA
29003EE315604D74B6D13CC33FA18ED4	29003EE315604D74B6D13CC33FA18ED4	thumb	placeholder	https://proxy.archieven.nl/thumb/235/29003EE315604D74B6D13CC33FA18ED4
757DFC6BC631453A878A4F409C0A2438	757DFC6BC631453A878A4F409C0A2438	thumb	placeholder	https://proxy.archieven.nl/thumb/235/757DFC6BC631453A878A4F409C0A2438
BB56B0E3907F4FC7874A6D2BFDCE6996	BB56B0E3907F4FC7874A6D2BFDCE6996	thumb	placeholder	https://proxy.archieven.nl/thumb/235/BB56B0E3907F4FC7874A6D2BFDCE6996
24C38FEEB9034DD7B6823C6EB5998107	24C38FEEB9034DD7B6823C6EB5998107	thumb	placeholder	https://proxy.archieven.nl/thumb/235/24C38FEEB9034DD7B6823C6EB5998107
14B1630F2F95480FA429FA136DD92902	14B1630F2F95480FA429FA136DD92902	thumb	placeholder	https://proxy.archieven.nl/thumb/235/14B1630F2F95480FA429FA136DD92902
27A631F049A34AAD9108B1FCE37CBDCC	27A631F049A34AAD9108B1FCE37CBDCC	thumb	placeholder	https://proxy.archieven.nl/thumb/235/27A631F049A34AAD9108B1FCE37CBDCC
84C87E96EAFB404EA2CD61CDBC733221	84C87E96EAFB404EA2CD61CDBC733221	thumb	placeholder	https://proxy.archieven.nl/thumb/235/84C87E96EAFB404EA2CD61CDBC733221
5B71BE04CE6946D3975A641E1CB56DC8	5B71BE04CE6946D3975A641E1CB56DC8	thumb	placeholder	https://proxy.archieven.nl/thumb/235/5B71BE04CE6946D3975A641E1CB56DC8
AC91FDDD9AAD417FB0C837A707191A6C	AC91FDDD9AAD417FB0C837A707191A6C	thumb	placeholder	https://proxy.archieven.nl/thumb/235/AC91FDDD9AAD417FB0C837A707191A6C
7334D543CA0B48328DA5718E7EB3EF11	7334D543CA0B48328DA5718E7EB3EF11	thumb	placeholder	https://proxy.archieven.nl/thumb/235/7334D543CA0B48328DA5718E7EB3EF11
482230985C7247CFAC1876F660ED16F1	482230985C7247CFAC1876F660ED16F1	thumb	placeholder	https://proxy.archieven.nl/thumb/235/482230985C7247CFAC1876F660ED16F1
6F279C2E33334C19841DEF17062A5C49	6F279C2E33334C19841DEF17062A5C49	thumb	placeholder	https://proxy.archieven.nl/thumb/235/6F279C2E33334C19841DEF17062A5C49
48925191A08C438281B5A03669E14E60	48925191A08C438281B5A03669E14E60	thumb	placeholder	https://proxy.archieven.nl/thumb/235/48925191A08C438281B5A03669E14E60
C7045F0C3B674DF3A17FF80BEC147D7F	C7045F0C3B674DF3A17FF80BEC147D7F	thumb	placeholder	https://proxy.archieven.nl/thumb/235/C7045F0C3B674DF3A17FF80BEC147D7F
DE18B43562EE42F4BD22723AD857F65D	DE18B43562EE42F4BD22723AD857F65D	thumb	placeholder	https://proxy.archieven.nl/thumb/235/DE18B43562EE42F4BD22723AD857F65D
8949D32524C14ED5B5C0D0185FDEA674	8949D32524C14ED5B5C0D0185FDEA674	thumb	placeholder	https://proxy.archieven.nl/thumb/235/8949D32524C14ED5B5C0D0185FDEA674
EDD574513FCE42FCAE769710DC250E60	EDD574513FCE42FCAE769710DC250E60	thumb	placeholder	https://proxy.archieven.nl/thumb/235/EDD574513FCE42FCAE769710DC250E60
B13957C4217F400E90E633DE6D47DE33	B13957C4217F400E90E633DE6D47DE33	thumb	placeholder	https://proxy.archieven.nl/thumb/235/B13957C4217F400E90E633DE6D47DE33
6FD3984946EF4734ADC7B0D6962991E2	6FD3984946EF4734ADC7B0D6962991E2	thumb	placeholder	https://proxy.archieven.nl/thumb/235/6FD3984946EF4734ADC7B0D6962991E2
54D2E4A02DF1452DA304C61C705E4B37	54D2E4A02DF1452DA304C61C705E4B37	thumb	placeholder	https://proxy.archieven.nl/thumb/235/54D2E4A02DF1452DA304C61C705E4B37
A55D2780DA0E4D4F92D6845A9F7E98AA	A55D2780DA0E4D4F92D6845A9F7E98AA	thumb	placeholder	https://proxy.archieven.nl/thumb/235/A55D2780DA0E4D4F92D6845A9F7E98AA
FB4CB5EE85054AD18691D75AEF0E576C	FB4CB5EE85054AD18691D75AEF0E576C	thumb	placeholder	https://proxy.archieven.nl/thumb/235/FB4CB5EE85054AD18691D75AEF0E576C
1E4C8F0590B344729BE960525F3EF374	1E4C8F0590B344729BE960525F3EF374	thumb	placeholder	https://proxy.archieven.nl/thumb/235/1E4C8F0590B344729BE960525F3EF374
D4A9224F6D174A9E904A903AA552686A	D4A9224F6D174A9E904A903AA552686A	thumb	placeholder	https://proxy.archieven.nl/thumb/235/D4A9224F6D174A9E904A903AA552686A
1ADBCA3AC1C441089FB185A7703FF35D	1ADBCA3AC1C441089FB185A7703FF35D	thumb	placeholder	https://proxy.archieven.nl/thumb/235/1ADBCA3AC1C441089FB185A7703FF35D
884070FAB3C240EAB393F5D68B2C12F7	884070FAB3C240EAB393F5D68B2C12F7	thumb	placeholder	https://proxy.archieven.nl/thumb/235/884070FAB3C240EAB393F5D68B2C12F7
4664E6F50C614BB7A49F22A56AB9394D	4664E6F50C614BB7A49F22A56AB9394D	thumb	placeholder	https://proxy.archieven.nl/thumb/235/4664E6F50C614BB7A49F22A56AB9394D
28957ACF813843AB9B735AE1CDDB0D48	28957ACF813843AB9B735AE1CDDB0D48	thumb	placeholder	https://proxy.archieven.nl/thumb/235/28957ACF813843AB9B735AE1CDDB0D48
081FD22C2B5F48C2BDAC3F0E518E079B	081FD22C2B5F48C2BDAC3F0E518E079B	thumb	placeholder	https://proxy.archieven.nl/thumb/235/081FD22C2B5F48C2BDAC3F0E518E079B
8342FFAEC58B40EAB7CDA101E5F3242A	8342FFAEC58B40EAB7CDA101E5F3242A	thumb	placeholder	https://proxy.archieven.nl/thumb/235/8342FFAEC58B40EAB7CDA101E5F3242A
3B4CDB65D3964C7795A7FC193A10C4CC	3B4CDB65D3964C7795A7FC193A10C4CC	thumb	placeholder	https://proxy.archieven.nl/thumb/235/3B4CDB65D3964C7795A7FC193A10C4CC
A19948656639417ABB6AED5445036553	A19948656639417ABB6AED5445036553	thumb	placeholder	https://proxy.archieven.nl/thumb/235/A19948656639417ABB6AED5445036553
85CD6C4D9F5C46789FE9FD389D1C536C	85CD6C4D9F5C46789FE9FD389D1C536C	thumb	placeholder	https://proxy.archieven.nl/thumb/235/85CD6C4D9F5C46789FE9FD389D1C536C
FBA4F6F00B734BD5A20D5FD50D6641D2	FBA4F6F00B734BD5A20D5FD50D6641D2	thumb	placeholder	https://proxy.archieven.nl/thumb/235/FBA4F6F00B734BD5A20D5FD50D6641D2
1435C5862A2F4D969248686A614ACD83	1435C5862A2F4D969248686A614ACD83	thumb	placeholder	https://proxy.archieven.nl/thumb/235/1435C5862A2F4D969248686A614ACD83
744F56F5F9D54432A0D9C636A2850D6E	744F56F5F9D54432A0D9C636A2850D6E	thumb	placeholder	https://proxy.archieven.nl/thumb/235/744F56F5F9D54432A0D9C636A2850D6E
327C7344D4A045539B52D685FBC30C8E	327C7344D4A045539B52D685FBC30C8E	thumb	placeholder	https://proxy.archieven.nl/thumb/235/327C7344D4A045539B52D685FBC30C8E
B9635794A9294F86BF378C1E30B2A81A	B9635794A9294F86BF378C1E30B2A81A	thumb	placeholder	https://proxy.archieven.nl/thumb/235/B9635794A9294F86BF378C1E30B2A81A
36C3FC4122E74FB399AB3FA490358B35	36C3FC4122E74FB399AB3FA490358B35	thumb	placeholder	https://proxy.archieven.nl/thumb/235/36C3FC4122E74FB399AB3FA490358B35
A63E5911F947458EAEFCA72128F4A5F4	A63E5911F947458EAEFCA72128F4A5F4	thumb	placeholder	https://proxy.archieven.nl/thumb/235/A63E5911F947458EAEFCA72128F4A5F4
8309E6FA90A54E9081D3FB1950BD327C	8309E6FA90A54E9081D3FB1950BD327C	thumb	placeholder	https://proxy.archieven.nl/thumb/235/8309E6FA90A54E9081D3FB1950BD327C
6749CC7B0DA64C788F6B1A8E6D58D553	6749CC7B0DA64C788F6B1A8E6D58D553	thumb	placeholder	https://proxy.archieven.nl/thumb/235/6749CC7B0DA64C788F6B1A8E6D58D553
3339EEC3F61D427FBE9553F29508AFEA	3339EEC3F61D427FBE9553F29508AFEA	thumb	placeholder	https://proxy.archieven.nl/thumb/235/3339EEC3F61D427FBE9553F29508AFEA
19F19757CF45443894AD9114F28F5ED8	19F19757CF45443894AD9114F28F5ED8	thumb	placeholder	https://proxy.archieven.nl/thumb/235/19F19757CF45443894AD9114F28F5ED8
192A0B9AAE0446729A9095820B647F04	192A0B9AAE0446729A9095820B647F04	thumb	placeholder	https://proxy.archieven.nl/thumb/235/192A0B9AAE0446729A9095820B647F04
EFE932F196A64015A1DF61686030A4EA	EFE932F196A64015A1DF61686030A4EA	thumb	placeholder	https://proxy.archieven.nl/thumb/235/EFE932F196A64015A1DF61686030A4EA
F2A38BF7A4974F85AF99AF735CEEBB7B	F2A38BF7A4974F85AF99AF735CEEBB7B	thumb	placeholder	https://proxy.archieven.nl/thumb/235/F2A38BF7A4974F85AF99AF735CEEBB7B
5A9F2361FD854326A128FC223746E1BD	5A9F2361FD854326A128FC223746E1BD	thumb	placeholder	https://proxy.archieven.nl/thumb/235/5A9F2361FD854326A128FC223746E1BD
480C1F8D488A4E76BAB7D5528A97AD16	480C1F8D488A4E76BAB7D5528A97AD16	thumb	placeholder	https://proxy.archieven.nl/thumb/235/480C1F8D488A4E76BAB7D5528A97AD16
2E4E9DF2073D4D2D8405A1488BCC14E4	2E4E9DF2073D4D2D8405A1488BCC14E4	thumb	placeholder	https://proxy.archieven.nl/thumb/235/2E4E9DF2073D4D2D8405A1488BCC14E4
3F3983642DFC4F1FB6A5C9ABD7B0CA13	3F3983642DFC4F1FB6A5C9ABD7B0CA13	thumb	placeholder	https://proxy.archieven.nl/thumb/235/3F3983642DFC4F1FB6A5C9ABD7B0CA13
715C6EF7DD454720A07C4914817D6875	715C6EF7DD454720A07C4914817D6875	thumb	placeholder	https://proxy.archieven.nl/thumb/235/715C6EF7DD454720A07C4914817D6875
55B94CFFACC2425CB64FDF90D7EF781E	55B94CFFACC2425CB64FDF90D7EF781E	thumb	placeholder	https://proxy.archieven.nl/thumb/235/55B94CFFACC2425CB64FDF90D7EF781E
E8ABF37AEB3D4343A48370297E99D878	E8ABF37AEB3D4343A48370297E99D878	thumb	placeholder	https://proxy.archieven.nl/thumb/235/E8ABF37AEB3D4343A48370297E99D878
E13DF6FED0EA46D59374171129D148EA	E13DF6FED0EA46D59374171129D148EA	thumb	placeholder	https://proxy.archieven.nl/thumb/235/E13DF6FED0EA46D59374171129D148EA
54141BB423B1417CA893EFA8EF48D618	54141BB423B1417CA893EFA8EF48D618	thumb	placeholder	https://proxy.archieven.nl/thumb/235/54141BB423B1417CA893EFA8EF48D618
CD8155896CB94A27B8F0A1E7DA45407C	CD8155896CB94A27B8F0A1E7DA45407C	thumb	placeholder	https://proxy.archieven.nl/thumb/235/CD8155896CB94A27B8F0A1E7DA45407C
F6073305C58A4C438664BA804120967E	F6073305C58A4C438664BA804120967E	thumb	placeholder	https://proxy.archieven.nl/thumb/235/F6073305C58A4C438664BA804120967E
E4741A90293B414E933B7D3509D352DA	E4741A90293B414E933B7D3509D352DA	thumb	placeholder	https://proxy.archieven.nl/thumb/235/E4741A90293B414E933B7D3509D352DA
81C8CE2689484B29BB52446D485421D1	81C8CE2689484B29BB52446D485421D1	thumb	placeholder	https://proxy.archieven.nl/thumb/235/81C8CE2689484B29BB52446D485421D1
A6FA6F95265F4CDB99DC4FE743ECDE7C	A6FA6F95265F4CDB99DC4FE743ECDE7C	thumb	placeholder	https://proxy.archieven.nl/thumb/235/A6FA6F95265F4CDB99DC4FE743ECDE7C
2D8CAD4032AC4245B3A111C638337384	2D8CAD4032AC4245B3A111C638337384	thumb	placeholder	https://proxy.archieven.nl/thumb/235/2D8CAD4032AC4245B3A111C638337384
AD8A616E621A4855A599A24D37F8E535	AD8A616E621A4855A599A24D37F8E535	thumb	placeholder	https://proxy.archieven.nl/thumb/235/AD8A616E621A4855A599A24D37F8E535
DC5196BC5CF14E3A833634E4851D9E30	DC5196BC5CF14E3A833634E4851D9E30	thumb	placeholder	https://proxy.archieven.nl/thumb/235/DC5196BC5CF14E3A833634E4851D9E30
1DEEE6F670484C86A55F41A0F31480C9	1DEEE6F670484C86A55F41A0F31480C9	thumb	placeholder	https://proxy.archieven.nl/thumb/235/1DEEE6F670484C86A55F41A0F31480C9
F83D069C23C547EC82FA56ACC1BC721A	F83D069C23C547EC82FA56ACC1BC721A	thumb	placeholder	https://proxy.archieven.nl/thumb/235/F83D069C23C547EC82FA56ACC1BC721A
EF7973A841B840E2A2D45DC88C9AE2D2	EF7973A841B840E2A2D45DC88C9AE2D2	thumb	placeholder	https://proxy.archieven.nl/thumb/235/EF7973A841B840E2A2D45DC88C9AE2D2
B46658BDCF00488AA1B6A051B55FA84C	B46658BDCF00488AA1B6A051B55FA84C	thumb	placeholder	https://proxy.archieven.nl/thumb/235/B46658BDCF00488AA1B6A051B55FA84C
35DE3E8C805544829147C3B369B43D5B	35DE3E8C805544829147C3B369B43D5B	thumb	placeholder	https://proxy.archieven.nl/thumb/235/35DE3E8C805544829147C3B369B43D5B
83FAF3FA26484E3B850AB7A08AA03C3C	83FAF3FA26484E3B850AB7A08AA03C3C	thumb	placeholder	https://proxy.archieven.nl/thumb/235/83FAF3FA26484E3B850AB7A08AA03C3C
1165CFFB1A9742D19A86E6B202ED68DC	1165CFFB1A9742D19A86E6B202ED68DC	thumb	placeholder	https://proxy.archieven.nl/thumb/235/1165CFFB1A9742D19A86E6B202ED68DC
956F5F460C7644E5B71543A53F70429E	956F5F460C7644E5B71543A53F70429E	thumb	placeholder	https://proxy.archieven.nl/thumb/235/956F5F460C7644E5B71543A53F70429E
D9024C0A4FE94575ACC4A5D3F5F9A011	D9024C0A4FE94575ACC4A5D3F5F9A011	thumb	placeholder	https://proxy.archieven.nl/thumb/235/D9024C0A4FE94575ACC4A5D3F5F9A011
017603C05C484EF7AD84C1E8EA875021	017603C05C484EF7AD84C1E8EA875021	thumb	placeholder	https://proxy.archieven.nl/thumb/235/017603C05C484EF7AD84C1E8EA875021
F638B6A80ED24E3383DC28D31EE52F69	F638B6A80ED24E3383DC28D31EE52F69	thumb	placeholder	https://proxy.archieven.nl/thumb/235/F638B6A80ED24E3383DC28D31EE52F69
58C0BEFB66EB44F2A2D366278BBAF831	58C0BEFB66EB44F2A2D366278BBAF831	thumb	placeholder	https://proxy.archieven.nl/thumb/235/58C0BEFB66EB44F2A2D366278BBAF831
53C6132F5A6343CAB09700DC65052CA5	53C6132F5A6343CAB09700DC65052CA5	thumb	placeholder	https://proxy.archieven.nl/thumb/235/53C6132F5A6343CAB09700DC65052CA5
8C6D542ADE3343D69B0389F8669629C6	8C6D542ADE3343D69B0389F8669629C6	thumb	placeholder	https://proxy.archieven.nl/thumb/235/8C6D542ADE3343D69B0389F8669629C6
1CA331BA0AE146DDBE38FDF2D3F7297B	1CA331BA0AE146DDBE38FDF2D3F7297B	thumb	placeholder	https://proxy.archieven.nl/thumb/235/1CA331BA0AE146DDBE38FDF2D3F7297B
CA058BFB9CDA4AE1B7052F55E215D7F4	CA058BFB9CDA4AE1B7052F55E215D7F4	thumb	placeholder	https://proxy.archieven.nl/thumb/235/CA058BFB9CDA4AE1B7052F55E215D7F4
18500B5EA1D34287BACBA7BCCD7CBA9D	18500B5EA1D34287BACBA7BCCD7CBA9D	thumb	placeholder	https://proxy.archieven.nl/thumb/235/18500B5EA1D34287BACBA7BCCD7CBA9D
FE164A382BE845F78E88E3B3A8A35BE4	FE164A382BE845F78E88E3B3A8A35BE4	thumb	placeholder	https://proxy.archieven.nl/thumb/235/FE164A382BE845F78E88E3B3A8A35BE4
4CFAAE259C5B4900971DB8E88FE0A2C4	4CFAAE259C5B4900971DB8E88FE0A2C4	thumb	placeholder	https://proxy.archieven.nl/thumb/235/4CFAAE259C5B4900971DB8E88FE0A2C4
58B27DEED27F4B948E9E749CBE05B967	58B27DEED27F4B948E9E749CBE05B967	thumb	placeholder	https://proxy.archieven.nl/thumb/235/58B27DEED27F4B948E9E749CBE05B967
8F339FDFA7574C93AD560A6A7D38FA2A	8F339FDFA7574C93AD560A6A7D38FA2A	thumb	placeholder	https://proxy.archieven.nl/thumb/235/8F339FDFA7574C93AD560A6A7D38FA2A
8653CA5CC8C64DEF97F56EC3642C6034	8653CA5CC8C64DEF97F56EC3642C6034	thumb	placeholder	https://proxy.archieven.nl/thumb/235/8653CA5CC8C64DEF97F56EC3642C6034
3359DB59DB2346F0B06570631BA42AB3	3359DB59DB2346F0B06570631BA42AB3	thumb	placeholder	https://proxy.archieven.nl/thumb/235/3359DB59DB2346F0B06570631BA42AB3
8267E386CB41419994DDDA68A7941118	8267E386CB41419994DDDA68A7941118	thumb	placeholder	https://proxy.archieven.nl/thumb/235/8267E386CB41419994DDDA68A7941118
CA1DBB33AD1046558843B4B0ACA9DB89	CA1DBB33AD1046558843B4B0ACA9DB89	thumb	placeholder	https://proxy.archieven.nl/thumb/235/CA1DBB33AD1046558843B4B0ACA9DB89
E48C8F3BEEA34699B30415442D4DFF6A	E48C8F3BEEA34699B30415442D4DFF6A	thumb	placeholder	https://proxy.archieven.nl/thumb/235/E48C8F3BEEA34699B30415442D4DFF6A
9C457F777E274946943811E4FF9CF98F	9C457F777E274946943811E4FF9CF98F	thumb	placeholder	https://proxy.archieven.nl/thumb/235/9C457F777E274946943811E4FF9CF98F
030AE80F021F43DF92FE8FCECF1979B7	030AE80F021F43DF92FE8FCECF1979B7	thumb	placeholder	https://proxy.archieven.nl/thumb/235/030AE80F021F43DF92FE8FCECF1979B7
B297A990F6D8414CA08B4B69DE714370	B297A990F6D8414CA08B4B69DE714370	thumb	placeholder	https://proxy.archieven.nl/thumb/235/B297A990F6D8414CA08B4B69DE714370
61D58794B1224C3196412B7DF23FBFFC	61D58794B1224C3196412B7DF23FBFFC	thumb	placeholder	https://proxy.archieven.nl/thumb/235/61D58794B1224C3196412B7DF23FBFFC
EB0094D95E474F88933A9F1D9A7949C3	EB0094D95E474F88933A9F1D9A7949C3	thumb	placeholder	https://proxy.archieven.nl/thumb/235/EB0094D95E474F88933A9F1D9A7949C3
08575545952E42C6A4D8140007CCED18	08575545952E42C6A4D8140007CCED18	thumb	placeholder	https://proxy.archieven.nl/thumb/235/08575545952E42C6A4D8140007CCED18
5BD44CB0AF2D4F009027606DD7BD840B	5BD44CB0AF2D4F009027606DD7BD840B	thumb	placeholder	https://proxy.archieven.nl/thumb/235/5BD44CB0AF2D4F009027606DD7BD840B
B6FBD7A8053F47DB8C5694793E7BBEBE	B6FBD7A8053F47DB8C5694793E7BBEBE	thumb	placeholder	https://proxy.archieven.nl/thumb/235/B6FBD7A8053F47DB8C5694793E7BBEBE
BE0A1B1F44B9483E951BD97E758D4F0B	BE0A1B1F44B9483E951BD97E758D4F0B	thumb	placeholder	https://proxy.archieven.nl/thumb/235/BE0A1B1F44B9483E951BD97E758D4F0B
293AB660D31544ECA4D966209CC077FA	293AB660D31544ECA4D966209CC077FA	thumb	placeholder	https://proxy.archieven.nl/thumb/235/293AB660D31544ECA4D966209CC077FA
26621E91AE234F07B5F5CDEBE359FA07	26621E91AE234F07B5F5CDEBE359FA07	thumb	placeholder	https://proxy.archieven.nl/thumb/235/26621E91AE234F07B5F5CDEBE359FA07
F8C265A2400E4F33A5CD89266E078267	F8C265A2400E4F33A5CD89266E078267	thumb	placeholder	https://proxy.archieven.nl/thumb/235/F8C265A2400E4F33A5CD89266E078267
9D06EE8C6E2E4D5F8A1B80FC05BD3DFB	9D06EE8C6E2E4D5F8A1B80FC05BD3DFB	thumb	placeholder	https://proxy.archieven.nl/thumb/235/9D06EE8C6E2E4D5F8A1B80FC05BD3DFB
B810C7FDD69547E3A3A2DA2D18E6F9A4	B810C7FDD69547E3A3A2DA2D18E6F9A4	thumb	placeholder	https://proxy.archieven.nl/thumb/235/B810C7FDD69547E3A3A2DA2D18E6F9A4
473D3A92118244BB9DE202082DEA4E5B	473D3A92118244BB9DE202082DEA4E5B	thumb	placeholder	https://proxy.archieven.nl/thumb/235/473D3A92118244BB9DE202082DEA4E5B
26471660A01A4A06B2EE4B9FBEAEC2EA	26471660A01A4A06B2EE4B9FBEAEC2EA	thumb	placeholder	https://proxy.archieven.nl/thumb/235/26471660A01A4A06B2EE4B9FBEAEC2EA
E821100F1978443C8FAFE630FD225210	E821100F1978443C8FAFE630FD225210	thumb	placeholder	https://proxy.archieven.nl/thumb/235/E821100F1978443C8FAFE630FD225210
C9D9468DD6164A199E1963AF782FB55F	C9D9468DD6164A199E1963AF782FB55F	thumb	placeholder	https://proxy.archieven.nl/thumb/235/C9D9468DD6164A199E1963AF782FB55F
965D49FA23394B78B4D1C55BBEE6F0F1	965D49FA23394B78B4D1C55BBEE6F0F1	thumb	placeholder	https://proxy.archieven.nl/thumb/235/965D49FA23394B78B4D1C55BBEE6F0F1
5936F1CF646F431BBCE3641517DD0ABA	5936F1CF646F431BBCE3641517DD0ABA	thumb	placeholder	https://proxy.archieven.nl/thumb/235/5936F1CF646F431BBCE3641517DD0ABA
24971F503EDC46A9B67474A4A7ADCB3F	24971F503EDC46A9B67474A4A7ADCB3F	thumb	placeholder	https://proxy.archieven.nl/thumb/235/24971F503EDC46A9B67474A4A7ADCB3F
B32F9B80D2CD4FD8980D353F621B2619	B32F9B80D2CD4FD8980D353F621B2619	thumb	placeholder	https://proxy.archieven.nl/thumb/235/B32F9B80D2CD4FD8980D353F621B2619
57B6BF5E6EB54BCBA1CCD7741FB8E1DF	57B6BF5E6EB54BCBA1CCD7741FB8E1DF	thumb	placeholder	https://proxy.archieven.nl/thumb/235/57B6BF5E6EB54BCBA1CCD7741FB8E1DF
A540F2D5494E4D849A6178643214DE67	A540F2D5494E4D849A6178643214DE67	thumb	placeholder	https://proxy.archieven.nl/thumb/235/A540F2D5494E4D849A6178643214DE67
C0BD63ACF873445181FD87A5BEF42717	C0BD63ACF873445181FD87A5BEF42717	thumb	placeholder	https://proxy.archieven.nl/thumb/235/C0BD63ACF873445181FD87A5BEF42717
3061E017E41A4335A66F93AC8C6A7B36	3061E017E41A4335A66F93AC8C6A7B36	thumb	placeholder	https://proxy.archieven.nl/thumb/235/3061E017E41A4335A66F93AC8C6A7B36
665A9630AAB54FD9911BC162BCA00B62	665A9630AAB54FD9911BC162BCA00B62	thumb	placeholder	https://proxy.archieven.nl/thumb/235/665A9630AAB54FD9911BC162BCA00B62
07D2F8201AEF4835B0EAAC8972BA8F14	07D2F8201AEF4835B0EAAC8972BA8F14	thumb	placeholder	https://proxy.archieven.nl/thumb/235/07D2F8201AEF4835B0EAAC8972BA8F14
545E852A302B4CEA8280516FCF446A1C	545E852A302B4CEA8280516FCF446A1C	thumb	placeholder	https://proxy.archieven.nl/thumb/235/545E852A302B4CEA8280516FCF446A1C
80B441CBA86443F2AF49617975EDB566	80B441CBA86443F2AF49617975EDB566	thumb	placeholder	https://proxy.archieven.nl/thumb/235/80B441CBA86443F2AF49617975EDB566
C4B3B082309243FABBA79E61B7BAD185	C4B3B082309243FABBA79E61B7BAD185	thumb	placeholder	https://proxy.archieven.nl/thumb/235/C4B3B082309243FABBA79E61B7BAD185
6885FEE92C994F0D922E301CB9E8F92B	6885FEE92C994F0D922E301CB9E8F92B	thumb	placeholder	https://proxy.archieven.nl/thumb/235/6885FEE92C994F0D922E301CB9E8F92B
EAA84BC8C5FC4891BB53A52B604C0B10	EAA84BC8C5FC4891BB53A52B604C0B10	thumb	placeholder	https://proxy.archieven.nl/thumb/235/EAA84BC8C5FC4891BB53A52B604C0B10
A9B2F3578EAD4C81810EAA93194DB1CA	A9B2F3578EAD4C81810EAA93194DB1CA	thumb	placeholder	https://proxy.archieven.nl/thumb/235/A9B2F3578EAD4C81810EAA93194DB1CA
C28155048DF14D8CAACBC060D8504F94	C28155048DF14D8CAACBC060D8504F94	thumb	placeholder	https://proxy.archieven.nl/thumb/235/C28155048DF14D8CAACBC060D8504F94
947B996F1ED447279C07870AD31BBEF1	947B996F1ED447279C07870AD31BBEF1	thumb	placeholder	https://proxy.archieven.nl/thumb/235/947B996F1ED447279C07870AD31BBEF1
81772FBA09C34068AB7F858A66022821	81772FBA09C34068AB7F858A66022821	thumb	placeholder	https://proxy.archieven.nl/thumb/235/81772FBA09C34068AB7F858A66022821
658DF42FF68E4632B39E3D5855F43898	658DF42FF68E4632B39E3D5855F43898	thumb	placeholder	https://proxy.archieven.nl/thumb/235/658DF42FF68E4632B39E3D5855F43898
FE48CA58E40C4035ACFA42BEBF1AC12A	FE48CA58E40C4035ACFA42BEBF1AC12A	thumb	placeholder	https://proxy.archieven.nl/thumb/235/FE48CA58E40C4035ACFA42BEBF1AC12A
16765E0BB33F4E96962348A1E2C5E733	16765E0BB33F4E96962348A1E2C5E733	thumb	placeholder	https://proxy.archieven.nl/thumb/235/16765E0BB33F4E96962348A1E2C5E733
6875ED63429F46BCBF27578E95453D4C	6875ED63429F46BCBF27578E95453D4C	thumb	placeholder	https://proxy.archieven.nl/thumb/235/6875ED63429F46BCBF27578E95453D4C
0A16039354DF4E9785A90DEF115CFAA7	0A16039354DF4E9785A90DEF115CFAA7	thumb	placeholder	https://proxy.archieven.nl/thumb/235/0A16039354DF4E9785A90DEF115CFAA7
F3D10092F8F449559C8862C24F38EBF0	F3D10092F8F449559C8862C24F38EBF0	thumb	placeholder	https://proxy.archieven.nl/thumb/235/F3D10092F8F449559C8862C24F38EBF0
7FEC8615ADC143A987E8D6BFA8DD8865	7FEC8615ADC143A987E8D6BFA8DD8865	thumb	placeholder	https://proxy.archieven.nl/thumb/235/7FEC8615ADC143A987E8D6BFA8DD8865
A8EE6317A0B04A3AB452A034D6D00A65	A8EE6317A0B04A3AB452A034D6D00A65	thumb	placeholder	https://proxy.archieven.nl/thumb/235/A8EE6317A0B04A3AB452A034D6D00A65
90017F8B03E24A48AC646003EB1F14EC	90017F8B03E24A48AC646003EB1F14EC	thumb	placeholder	https://proxy.archieven.nl/thumb/235/90017F8B03E24A48AC646003EB1F14EC
837A001A0D0E4F61BDBB38C6F175E87B	837A001A0D0E4F61BDBB38C6F175E87B	thumb	placeholder	https://proxy.archieven.nl/thumb/235/837A001A0D0E4F61BDBB38C6F175E87B
C9BA8CF1644B4C3D9DDE9AB381B31B60	C9BA8CF1644B4C3D9DDE9AB381B31B60	thumb	placeholder	https://proxy.archieven.nl/thumb/235/C9BA8CF1644B4C3D9DDE9AB381B31B60
CD418C16E991460E9149D70F1E305E75	CD418C16E991460E9149D70F1E305E75	thumb	placeholder	https://proxy.archieven.nl/thumb/235/CD418C16E991460E9149D70F1E305E75
33356E532A1A4CAC903DE057A19D523A	33356E532A1A4CAC903DE057A19D523A	thumb	placeholder	https://proxy.archieven.nl/thumb/235/33356E532A1A4CAC903DE057A19D523A
7EA00AB2838746F9BF8D44369DB0E6BC	7EA00AB2838746F9BF8D44369DB0E6BC	thumb	placeholder	https://proxy.archieven.nl/thumb/235/7EA00AB2838746F9BF8D44369DB0E6BC
AA3F7960AFC941D2BFF4464BD00F5174	AA3F7960AFC941D2BFF4464BD00F5174	thumb	placeholder	https://proxy.archieven.nl/thumb/235/AA3F7960AFC941D2BFF4464BD00F5174
0E1FB8A6916C47FABBA5AE276393953B	0E1FB8A6916C47FABBA5AE276393953B	thumb	placeholder	https://proxy.archieven.nl/thumb/235/0E1FB8A6916C47FABBA5AE276393953B
FEE2C865F6944AF48F2C571AABDAE129	FEE2C865F6944AF48F2C571AABDAE129	thumb	placeholder	https://proxy.archieven.nl/thumb/235/FEE2C865F6944AF48F2C571AABDAE129
D6D4304A18554EEB905315A5B2BC2CFC	D6D4304A18554EEB905315A5B2BC2CFC	thumb	placeholder	https://proxy.archieven.nl/thumb/235/D6D4304A18554EEB905315A5B2BC2CFC
04B886978F7B423EB7950ABD2BCDE0FE	04B886978F7B423EB7950ABD2BCDE0FE	thumb	placeholder	https://proxy.archieven.nl/thumb/235/04B886978F7B423EB7950ABD2BCDE0FE
354F8662A0054008850C7BE38F4FC934	354F8662A0054008850C7BE38F4FC934	thumb	placeholder	https://proxy.archieven.nl/thumb/235/354F8662A0054008850C7BE38F4FC934
13003F9584BC4B29AC733806E7CC525E	13003F9584BC4B29AC733806E7CC525E	thumb	placeholder	https://proxy.archieven.nl/thumb/235/13003F9584BC4B29AC733806E7CC525E
B9943F4038C84D4FBE7EC9AE419625D9	B9943F4038C84D4FBE7EC9AE419625D9	thumb	placeholder	https://proxy.archieven.nl/thumb/235/B9943F4038C84D4FBE7EC9AE419625D9
0BE3E7A319374A069143269EF52B6F72	0BE3E7A319374A069143269EF52B6F72	thumb	placeholder	https://proxy.archieven.nl/thumb/235/0BE3E7A319374A069143269EF52B6F72
5B5945506AA244FD91EF9A6A0464D46B	5B5945506AA244FD91EF9A6A0464D46B	thumb	placeholder	https://proxy.archieven.nl/thumb/235/5B5945506AA244FD91EF9A6A0464D46B
5A31F4D194D74570ABBB7DA721736B54	5A31F4D194D74570ABBB7DA721736B54	thumb	placeholder	https://proxy.archieven.nl/thumb/235/5A31F4D194D74570ABBB7DA721736B54
A54A1DE0A9C849989FB74514855179DE	A54A1DE0A9C849989FB74514855179DE	thumb	placeholder	https://proxy.archieven.nl/thumb/235/A54A1DE0A9C849989FB74514855179DE
4507FCA262514E2B9D9AB8CC40A87B1E	4507FCA262514E2B9D9AB8CC40A87B1E	thumb	placeholder	https://proxy.archieven.nl/thumb/235/4507FCA262514E2B9D9AB8CC40A87B1E
28063587274840D29D4E3646D41C788E	28063587274840D29D4E3646D41C788E	thumb	placeholder	https://proxy.archieven.nl/thumb/235/28063587274840D29D4E3646D41C788E
C6540F04CB1442D0A2182C3D9EADCDB5	C6540F04CB1442D0A2182C3D9EADCDB5	thumb	placeholder	https://proxy.archieven.nl/thumb/235/C6540F04CB1442D0A2182C3D9EADCDB5
60DE0EF8B11E46A4961663180A77ACCA	60DE0EF8B11E46A4961663180A77ACCA	thumb	placeholder	https://proxy.archieven.nl/thumb/235/60DE0EF8B11E46A4961663180A77ACCA
266EE1AFDB4843F1818BBDBA9D227455	266EE1AFDB4843F1818BBDBA9D227455	thumb	placeholder	https://proxy.archieven.nl/thumb/235/266EE1AFDB4843F1818BBDBA9D227455
74D3578E04F94958954880A5A1BB17DE	74D3578E04F94958954880A5A1BB17DE	thumb	placeholder	https://proxy.archieven.nl/thumb/235/74D3578E04F94958954880A5A1BB17DE
BB72BC33646645B0B376FC8D10BE6D02	BB72BC33646645B0B376FC8D10BE6D02	thumb	placeholder	https://proxy.archieven.nl/thumb/235/BB72BC33646645B0B376FC8D10BE6D02
39E8CC9F7D3F431995D63576135FD41E	39E8CC9F7D3F431995D63576135FD41E	thumb	placeholder	https://proxy.archieven.nl/thumb/235/39E8CC9F7D3F431995D63576135FD41E
8C78DE84EA5A4904B143AA5266D4DF0E	8C78DE84EA5A4904B143AA5266D4DF0E	thumb	placeholder	https://proxy.archieven.nl/thumb/235/8C78DE84EA5A4904B143AA5266D4DF0E
D50D65046DD54969AA42D66F058902B7	D50D65046DD54969AA42D66F058902B7	thumb	placeholder	https://proxy.archieven.nl/thumb/235/D50D65046DD54969AA42D66F058902B7
B0827B115B8B419589FB2244284A2D31	B0827B115B8B419589FB2244284A2D31	thumb	placeholder	https://proxy.archieven.nl/thumb/235/B0827B115B8B419589FB2244284A2D31
09F08D91AA2349CCB038DA09150574D4	09F08D91AA2349CCB038DA09150574D4	thumb	placeholder	https://proxy.archieven.nl/thumb/235/09F08D91AA2349CCB038DA09150574D4
6D634C39D6EA48289E6243E694EC40BE	6D634C39D6EA48289E6243E694EC40BE	thumb	placeholder	https://proxy.archieven.nl/thumb/235/6D634C39D6EA48289E6243E694EC40BE
0DE6EED2C87F4E7DAE134F00874CC0E0	0DE6EED2C87F4E7DAE134F00874CC0E0	thumb	placeholder	https://proxy.archieven.nl/thumb/235/0DE6EED2C87F4E7DAE134F00874CC0E0
B3089CFF8DEB43D5BA9761CEE24FA24A	B3089CFF8DEB43D5BA9761CEE24FA24A	thumb	placeholder	https://proxy.archieven.nl/thumb/235/B3089CFF8DEB43D5BA9761CEE24FA24A
92B5627E79F34F86A1FF40CAE75F74A9	92B5627E79F34F86A1FF40CAE75F74A9	thumb	placeholder	https://proxy.archieven.nl/thumb/235/92B5627E79F34F86A1FF40CAE75F74A9
CED7D0ED495D462A873D5C35808D9FCC	CED7D0ED495D462A873D5C35808D9FCC	thumb	placeholder	https://proxy.archieven.nl/thumb/235/CED7D0ED495D462A873D5C35808D9FCC
9D85E402F50840508D76FA6E286712A1	9D85E402F50840508D76FA6E286712A1	thumb	placeholder	https://proxy.archieven.nl/thumb/235/9D85E402F50840508D76FA6E286712A1
4BF2C6848A6947DAA537E39E42631C9B	4BF2C6848A6947DAA537E39E42631C9B	thumb	placeholder	https://proxy.archieven.nl/thumb/235/4BF2C6848A6947DAA537E39E42631C9B
2B94B53EE76844BDA4BDDBBB2F7930DB	2B94B53EE76844BDA4BDDBBB2F7930DB	thumb	placeholder	https://proxy.archieven.nl/thumb/235/2B94B53EE76844BDA4BDDBBB2F7930DB
5EA565C4903240F89E014E3641D9F6B6	5EA565C4903240F89E014E3641D9F6B6	thumb	placeholder	https://proxy.archieven.nl/thumb/235/5EA565C4903240F89E014E3641D9F6B6
42BA4EBC5BD84A36960C8C88C6D65601	42BA4EBC5BD84A36960C8C88C6D65601	thumb	placeholder	https://proxy.archieven.nl/thumb/235/42BA4EBC5BD84A36960C8C88C6D65601
43750201D43547B2B3E5FC175ED30407	43750201D43547B2B3E5FC175ED30407	thumb	placeholder	https://proxy.archieven.nl/thumb/235/43750201D43547B2B3E5FC175ED30407
8A3C3D56294244528598EC009AE9EF23	8A3C3D56294244528598EC009AE9EF23	thumb	placeholder	https://proxy.archieven.nl/thumb/235/8A3C3D56294244528598EC009AE9EF23
F08DE3A6C06446359CFAF6B74CDD350B	F08DE3A6C06446359CFAF6B74CDD350B	thumb	placeholder	https://proxy.archieven.nl/thumb/235/F08DE3A6C06446359CFAF6B74CDD350B
57F667CE61CC4C328FB8B271E9898589	57F667CE61CC4C328FB8B271E9898589	thumb	placeholder	https://proxy.archieven.nl/thumb/235/57F667CE61CC4C328FB8B271E9898589
230D0B1A8BAC42F19BEB1B9F4327BAEE	230D0B1A8BAC42F19BEB1B9F4327BAEE	thumb	placeholder	https://proxy.archieven.nl/thumb/235/230D0B1A8BAC42F19BEB1B9F4327BAEE
B18666C1D9CF4A9F984FE6E06C01D0AC	B18666C1D9CF4A9F984FE6E06C01D0AC	thumb	placeholder	https://proxy.archieven.nl/thumb/235/B18666C1D9CF4A9F984FE6E06C01D0AC
85D2EB2A3ED24ADDBD46A0469FB7F309	85D2EB2A3ED24ADDBD46A0469FB7F309	thumb	placeholder	https://proxy.archieven.nl/thumb/235/85D2EB2A3ED24ADDBD46A0469FB7F309
5F4D0360CB784FC4AC623849F5BB3CF2	5F4D0360CB784FC4AC623849F5BB3CF2	thumb	placeholder	https://proxy.archieven.nl/thumb/235/5F4D0360CB784FC4AC623849F5BB3CF2
4131F9B10D0D4F289005CE9D91BB7F25	4131F9B10D0D4F289005CE9D91BB7F25	thumb	placeholder	https://proxy.archieven.nl/thumb/235/4131F9B10D0D4F289005CE9D91BB7F25
E52972BF588543A98FB0DBE57ECFB706	E52972BF588543A98FB0DBE57ECFB706	thumb	placeholder	https://proxy.archieven.nl/thumb/235/E52972BF588543A98FB0DBE57ECFB706
2673D187380F430EA1ED44966A9743FD	2673D187380F430EA1ED44966A9743FD	thumb	placeholder	https://proxy.archieven.nl/thumb/235/2673D187380F430EA1ED44966A9743FD
23346D6A48124B679AF6C5A099309089	23346D6A48124B679AF6C5A099309089	thumb	placeholder	https://proxy.archieven.nl/thumb/235/23346D6A48124B679AF6C5A099309089
A710BA3DCE4A4C9EAB8E2A90613959DC	A710BA3DCE4A4C9EAB8E2A90613959DC	thumb	placeholder	https://proxy.archieven.nl/thumb/235/A710BA3DCE4A4C9EAB8E2A90613959DC
5E36D60E5A944E9F8CAC0C5DD7A995FE	5E36D60E5A944E9F8CAC0C5DD7A995FE	thumb	placeholder	https://proxy.archieven.nl/thumb/235/5E36D60E5A944E9F8CAC0C5DD7A995FE
D3B814BC5AFC44C99CEED0B6FAB38712	D3B814BC5AFC44C99CEED0B6FAB38712	thumb	placeholder	https://proxy.archieven.nl/thumb/235/D3B814BC5AFC44C99CEED0B6FAB38712
C29A4DE0C34744A6AB964E78933BFA18	C29A4DE0C34744A6AB964E78933BFA18	thumb	placeholder	https://proxy.archieven.nl/thumb/235/C29A4DE0C34744A6AB964E78933BFA18
82B3557628594E6C9DD842F3CD5FE6C7	82B3557628594E6C9DD842F3CD5FE6C7	thumb	placeholder	https://proxy.archieven.nl/thumb/235/82B3557628594E6C9DD842F3CD5FE6C7
9979E0F86E984CC9AD55FDCA607D3B97	9979E0F86E984CC9AD55FDCA607D3B97	thumb	placeholder	https://proxy.archieven.nl/thumb/235/9979E0F86E984CC9AD55FDCA607D3B97
09A75D29C0334C94833A0F461943BC09	09A75D29C0334C94833A0F461943BC09	thumb	placeholder	https://proxy.archieven.nl/thumb/235/09A75D29C0334C94833A0F461943BC09
5F7D9E30C9D94237959E19E12F21F89E	5F7D9E30C9D94237959E19E12F21F89E	thumb	placeholder	https://proxy.archieven.nl/thumb/235/5F7D9E30C9D94237959E19E12F21F89E
5DD21DB9D6474E73A61E0646CBC5C7CB	5DD21DB9D6474E73A61E0646CBC5C7CB	thumb	placeholder	https://proxy.archieven.nl/thumb/235/5DD21DB9D6474E73A61E0646CBC5C7CB
CCA4A5FE8A1D4E5B883319D2EA4BFA27	CCA4A5FE8A1D4E5B883319D2EA4BFA27	thumb	placeholder	https://proxy.archieven.nl/thumb/235/CCA4A5FE8A1D4E5B883319D2EA4BFA27
075B3E21D0EA49DD8BB01FA2196923EF	075B3E21D0EA49DD8BB01FA2196923EF	thumb	placeholder	https://proxy.archieven.nl/thumb/235/075B3E21D0EA49DD8BB01FA2196923EF
38AEE24A8CD64075862827A6AE5349D4	38AEE24A8CD64075862827A6AE5349D4	thumb	placeholder	https://proxy.archieven.nl/thumb/235/38AEE24A8CD64075862827A6AE5349D4
FDA949393E4543889146E04EA094D71F	FDA949393E4543889146E04EA094D71F	thumb	placeholder	https://proxy.archieven.nl/thumb/235/FDA949393E4543889146E04EA094D71F
F1C5834012B843DC996106FEC1DB7352	F1C5834012B843DC996106FEC1DB7352	thumb	placeholder	https://proxy.archieven.nl/thumb/235/F1C5834012B843DC996106FEC1DB7352
62242F8600E342269D9E74333688A529	62242F8600E342269D9E74333688A529	thumb	placeholder	https://proxy.archieven.nl/thumb/235/62242F8600E342269D9E74333688A529
DCE37C7FE4B34C61B8FFA1BDAE9DD5B9	DCE37C7FE4B34C61B8FFA1BDAE9DD5B9	thumb	placeholder	https://proxy.archieven.nl/thumb/235/DCE37C7FE4B34C61B8FFA1BDAE9DD5B9
60F19F993E5E4106A68C0C301AC87EFB	60F19F993E5E4106A68C0C301AC87EFB	thumb	placeholder	https://proxy.archieven.nl/thumb/235/60F19F993E5E4106A68C0C301AC87EFB
1A5FF1661DE54B5EB9AD02369A03E448	1A5FF1661DE54B5EB9AD02369A03E448	thumb	placeholder	https://proxy.archieven.nl/thumb/235/1A5FF1661DE54B5EB9AD02369A03E448
41311A1391C84047B74AE1F9E2DB0480	41311A1391C84047B74AE1F9E2DB0480	thumb	placeholder	https://proxy.archieven.nl/thumb/235/41311A1391C84047B74AE1F9E2DB0480
6AE5AE300C2045119961E56961DD9C9A	6AE5AE300C2045119961E56961DD9C9A	thumb	placeholder	https://proxy.archieven.nl/thumb/235/6AE5AE300C2045119961E56961DD9C9A
E2FD7A0161974E91A6F830E8BA89BC7C	E2FD7A0161974E91A6F830E8BA89BC7C	thumb	placeholder	https://proxy.archieven.nl/thumb/235/E2FD7A0161974E91A6F830E8BA89BC7C
68E168267A614D9599EB917B9D489A38	68E168267A614D9599EB917B9D489A38	thumb	placeholder	https://proxy.archieven.nl/thumb/235/68E168267A614D9599EB917B9D489A38
538076D6ED4249138D5EADD42B676EC8	538076D6ED4249138D5EADD42B676EC8	thumb	placeholder	https://proxy.archieven.nl/thumb/235/538076D6ED4249138D5EADD42B676EC8
315213F1D05F49F4B1B6A1A5C3D271B2	315213F1D05F49F4B1B6A1A5C3D271B2	thumb	placeholder	https://proxy.archieven.nl/thumb/235/315213F1D05F49F4B1B6A1A5C3D271B2
CBAEFA80C7604E5B8E28EC0F68604567	CBAEFA80C7604E5B8E28EC0F68604567	thumb	placeholder	https://proxy.archieven.nl/thumb/235/CBAEFA80C7604E5B8E28EC0F68604567
DD3F158FEFCB49FB9DA68204051E2F64	DD3F158FEFCB49FB9DA68204051E2F64	thumb	placeholder	https://proxy.archieven.nl/thumb/235/DD3F158FEFCB49FB9DA68204051E2F64
0576EEA49A4347FFAFD54E1892B32ACA	0576EEA49A4347FFAFD54E1892B32ACA	thumb	placeholder	https://proxy.archieven.nl/thumb/235/0576EEA49A4347FFAFD54E1892B32ACA
315E3B10787740BAA3AA2E8ED55D4B8B	315E3B10787740BAA3AA2E8ED55D4B8B	thumb	placeholder	https://proxy.archieven.nl/thumb/235/315E3B10787740BAA3AA2E8ED55D4B8B
43DC80B50B8E46D9B7815681F69762A5	43DC80B50B8E46D9B7815681F69762A5	thumb	placeholder	https://proxy.archieven.nl/thumb/235/43DC80B50B8E46D9B7815681F69762A5
3EC411649D1E452F84A6471D64EECEF3	3EC411649D1E452F84A6471D64EECEF3	thumb	placeholder	https://proxy.archieven.nl/thumb/235/3EC411649D1E452F84A6471D64EECEF3
4ACDB1F2D61E4F00BC4FBD2DD1BACC44	4ACDB1F2D61E4F00BC4FBD2DD1BACC44	thumb	placeholder	https://proxy.archieven.nl/thumb/235/4ACDB1F2D61E4F00BC4FBD2DD1BACC44
64F401460D1F4B92BBC9B177DC9685A8	64F401460D1F4B92BBC9B177DC9685A8	thumb	placeholder	https://proxy.archieven.nl/thumb/235/64F401460D1F4B92BBC9B177DC9685A8
5577DDD705514346A0A73937BB519446	5577DDD705514346A0A73937BB519446	thumb	placeholder	https://proxy.archieven.nl/thumb/235/5577DDD705514346A0A73937BB519446
7E02F4540725406A844E930755ABB29E	7E02F4540725406A844E930755ABB29E	thumb	placeholder	https://proxy.archieven.nl/thumb/235/7E02F4540725406A844E930755ABB29E
CA254748C441440BB7355AB59F5F10E5	CA254748C441440BB7355AB59F5F10E5	thumb	placeholder	https://proxy.archieven.nl/thumb/235/CA254748C441440BB7355AB59F5F10E5
038748DA4C994E48BB3B87184683D618	038748DA4C994E48BB3B87184683D618	thumb	placeholder	https://proxy.archieven.nl/thumb/235/038748DA4C994E48BB3B87184683D618
27220191BB6249D0A672496EAA2450A1	27220191BB6249D0A672496EAA2450A1	thumb	placeholder	https://proxy.archieven.nl/thumb/235/27220191BB6249D0A672496EAA2450A1
